#
# A fatal error has been detected by the Java Runtime Environment:
#
#  SIGSEGV (0xb) at pc=0x00007fad2c7e025b, pid=1438, tid=1553
#
# JRE version: OpenJDK Runtime Environment (11.0.26+4) (build 11.0.26+4-post-Debian-1deb11u1)
# Java VM: OpenJDK 64-Bit Server VM (11.0.26+4-post-Debian-1deb11u1, mixed mode, sharing, tiered, compressed oops, g1 gc, linux-amd64)
# Problematic frame:
# j  org.apache.iceberg.shaded.io.netty.util.internal.InternalThreadLocalMap.slowGet()Lorg/apache/iceberg/shaded/io/netty/util/internal/InternalThreadLocalMap;+0
#
# Core dump will be written. Default location: Core dumps may be processed with "/wsl-capture-crash %t %E %p %s" (or dumping to /src/notebooks/core.1438)
#
# If you would like to submit a bug report, please visit:
#   https://bugs.debian.org/openjdk-11
#

---------------  S U M M A R Y ------------

Command Line: -Xmx4g -XX:+IgnoreUnrecognizedVMOptions --add-opens=java.base/java.lang=ALL-UNNAMED --add-opens=java.base/java.lang.invoke=ALL-UNNAMED --add-opens=java.base/java.lang.reflect=ALL-UNNAMED --add-opens=java.base/java.io=ALL-UNNAMED --add-opens=java.base/java.net=ALL-UNNAMED --add-opens=java.base/java.nio=ALL-UNNAMED --add-opens=java.base/java.util=ALL-UNNAMED --add-opens=java.base/java.util.concurrent=ALL-UNNAMED --add-opens=java.base/java.util.concurrent.atomic=ALL-UNNAMED --add-opens=java.base/jdk.internal.ref=ALL-UNNAMED --add-opens=java.base/sun.nio.ch=ALL-UNNAMED --add-opens=java.base/sun.nio.cs=ALL-UNNAMED --add-opens=java.base/sun.security.action=ALL-UNNAMED --add-opens=java.base/sun.util.calendar=ALL-UNNAMED --add-opens=java.security.jgss/sun.security.krb5=ALL-UNNAMED -Djdk.reflect.useDirectMethodHandle=false org.apache.spark.deploy.SparkSubmit --name PySparkShell pyspark-shell

Host: Intel(R) Core(TM) i5-10210U CPU @ 1.60GHz, 8 cores, 7G, Debian GNU/Linux 11 (bullseye)
Time: Fri Apr 11 15:41:52 2025 UTC elapsed time: 15.211614 seconds (0d 0h 0m 15s)

---------------  T H R E A D  ---------------

Current thread (0x00007fac9c038800):  JavaThread "Executor task launch worker for task 0.0 in stage 0.0 (TID 0)" daemon [_thread_in_Java, id=1553, stack(0x00007fac19d84000,0x00007fac19e85000)]

Stack: [0x00007fac19d84000,0x00007fac19e85000],  sp=0x00007fac19e814e0,  free space=1013k
Native frames: (J=compiled Java code, A=aot compiled Java code, j=interpreted, Vv=VM code, C=native code)
j  org.apache.iceberg.shaded.io.netty.util.internal.InternalThreadLocalMap.slowGet()Lorg/apache/iceberg/shaded/io/netty/util/internal/InternalThreadLocalMap;+0
j  org.apache.iceberg.shaded.io.netty.util.internal.InternalThreadLocalMap.get()Lorg/apache/iceberg/shaded/io/netty/util/internal/InternalThreadLocalMap;+19
j  org.apache.iceberg.shaded.io.netty.util.concurrent.FastThreadLocal.get()Ljava/lang/Object;+0
[error occurred during error reporting (printing native stack), id 0xb, SIGSEGV (0xb) at pc=0x00007fad4ba6f509]


siginfo: si_signo: 11 (SIGSEGV), si_code: 1 (SEGV_MAPERR), si_addr: 0x0000000f000001a6

Register to memory mapping:

RAX=0x0000000000000008 is an unknown value
RBX=0x0000000000000070 is an unknown value
RCX=0x0000000f00000136 is an unknown value
RDX=0x0000000000000008 is an unknown value
RSP=0x00007fac19e814e0 is pointing into the stack for thread: 0x00007fac9c038800
RBP=0x00007fac19e81528 is pointing into the stack for thread: 0x00007fac9c038800
RSI=0x000000070a73f4e0 is an oop: org.apache.spark.util.UninterruptibleThread 
{0x000000070a73f4e0} - klass: 'org/apache/spark/util/UninterruptibleThread'
 - ---- fields (total size 47 words):
 - private 'priority' 'I' @12  5
 - private 'eetop' 'J' @16  140379328579584 (9c038800 7fac)
 - private final 'stackSize' 'J' @24  0 (0 0)
 - private final 'tid' 'J' @32  68 (44 0)
 - private volatile 'threadStatus' 'I' @40  5
 - private 'daemon' 'Z' @44  true
 - private 'stillborn' 'Z' @45  false
 - private volatile 'name' 'Ljava/lang/String;' @48  "Executor task launch worker for task 0.0 in stage 0.0 (TID 0)"{0x000000070a49e2c0} (e1493c58)
 - private 'target' 'Ljava/lang/Runnable;' @52  a 'java/util/concurrent/ThreadPoolExecutor$Worker'{0x000000070a4ac590} (e14958b2)
 - private 'group' 'Ljava/lang/ThreadGroup;' @56  a 'java/lang/ThreadGroup'{0x0000000703d6edd8} (e07addbb)
 - private 'contextClassLoader' 'Ljava/lang/ClassLoader;' @60  a 'org/apache/spark/util/MutableURLClassLoader'{0x00000007050e3f60} (e0a1c7ec)
 - private 'inheritedAccessControlContext' 'Ljava/security/AccessControlContext;' @64  a 'java/security/AccessControlContext'{0x000000070520e8b0} (e0a41d16)
 - 'threadLocals' 'Ljava/lang/ThreadLocal$ThreadLocalMap;' @68  a 'java/lang/ThreadLocal$ThreadLocalMap'{0x000000070a089b80} (e1411370)
 - 'inheritableThreadLocals' 'Ljava/lang/ThreadLocal$ThreadLocalMap;' @72  a 'java/lang/ThreadLocal$ThreadLocalMap'{0x000000070a0898e0} (e141131c)
 - volatile 'parkBlocker' 'Ljava/lang/Object;' @76  NULL (0)
 - private volatile 'blocker' 'Lsun/nio/ch/Interruptible;' @80  NULL (0)
 - private final 'blockerLock' 'Ljava/lang/Object;' @84  a 'java/lang/Object'{0x000000070a0898d0} (e141131a)
 - private volatile 'uncaughtExceptionHandler' 'Ljava/lang/Thread$UncaughtExceptionHandler;' @88  NULL (0)
 - 'threadLocalRandomSeed' 'J' @224  -1526787332336002383 (b08bdab1 eacfc302)
 - 'threadLocalRandomProbe' 'I' @232  387276957 (1715609d)
 - 'threadLocalRandomSecondarySeed' 'I' @236  1849426968 (6e3c0418)
 - private 'uninterruptible' 'Z' @368  false
 - private 'shouldInterruptThread' 'Z' @369  false
 - private final 'uninterruptibleLock' 'Ljava/lang/Object;' @372  a 'java/lang/Object'{0x000000070a089870} (e141130e)
RDI=0x00007fac50001290 points into unknown readable memory: 0x000000070a73f4e0 | e0 f4 73 0a 07 00 00 00
R8 =0x0 is NULL
R9 =0x0000000000002f94 is an unknown value
R10=0x00007fad4c5d6a20: <offset 0x0000000001293a20> in /usr/lib/jvm/java-11-openjdk-amd64/lib/server/libjvm.so at 0x00007fad4b343000
R11=0x00007fad3429ca68 is at entry_point+40 in (nmethod*)0x00007fad3429c890
R12=0x0 is NULL
R13=0x00007fac1932d348 is pointing into metadata
R14=0x00007fac19e81538 is pointing into the stack for thread: 0x00007fac9c038800
R15=0x00007fac9c038800 is a thread


Registers:
RAX=0x0000000000000008, RBX=0x0000000000000070, RCX=0x0000000f00000136, RDX=0x0000000000000008
RSP=0x00007fac19e814e0, RBP=0x00007fac19e81528, RSI=0x000000070a73f4e0, RDI=0x00007fac50001290
R8 =0x0000000000000000, R9 =0x0000000000002f94, R10=0x00007fad4c5d6a20, R11=0x00007fad3429ca68
R12=0x0000000000000000, R13=0x00007fac1932d348, R14=0x00007fac19e81538, R15=0x00007fac9c038800
RIP=0x00007fad2c7e025b, EFLAGS=0x0000000000010246, CSGSFS=0x002b000000000033, ERR=0x0000000000000004
  TRAPNO=0x000000000000000e

Top of Stack: (sp=0x00007fac19e814e0)
0x00007fac19e814e0:   00007fac19e814e0 00007fac1932d348
0x00007fac19e814f0:   00007fac19e81538 00007fac1932f108
0x00007fac19e81500:   0000000000000000 0000000f00000136
0x00007fac19e81510:   00007fac1932d380 0000000000000000 

Instructions: (pc=0x00007fad2c7e025b)
0x00007fad2c7e015b:   00 00 00 0f 84 b0 00 00 00 bb b2 00 00 00 e8 05
0x00007fad2c7e016b:   00 00 00 e9 95 00 00 00 48 8b f3 48 8d 44 24 08
0x00007fad2c7e017b:   4c 89 6d c0 49 8b ff c5 f8 77 49 89 af 40 03 00
0x00007fad2c7e018b:   00 49 89 87 30 03 00 00 f7 c4 0f 00 00 00 0f 84
0x00007fad2c7e019b:   12 00 00 00 48 83 ec 08 e8 a8 d1 3b 1f 48 83 c4
0x00007fad2c7e01ab:   08 e9 05 00 00 00 e8 9a d1 3b 1f 49 ba 00 00 00
0x00007fad2c7e01bb:   00 00 00 00 00 4d 89 97 30 03 00 00 49 ba 00 00
0x00007fad2c7e01cb:   00 00 00 00 00 00 4d 89 97 40 03 00 00 49 ba 00
0x00007fad2c7e01db:   00 00 00 00 00 00 00 4d 89 97 38 03 00 00 c5 f8
0x00007fad2c7e01eb:   77 49 81 7f 08 00 00 00 00 0f 84 05 00 00 00 e9
0x00007fad2c7e01fb:   01 5a fe ff 4c 8b 6d c0 4c 8b 75 c8 c3 41 0f b7
0x00007fad2c7e020b:   55 01 48 8b 4d d0 c1 e2 02 48 8b 5c d1 38 8b 44
0x00007fad2c7e021b:   d1 40 48 8b 4c d1 30 48 8b 49 70 48 8b 09 c1 e8
0x00007fad2c7e022b:   1c 83 e0 0f 0f 85 0a 00 00 00 0f be 04 19 50 e9
0x00007fad2c7e023b:   b4 00 00 00 83 f8 01 0f 85 0a 00 00 00 0f b6 04
0x00007fad2c7e024b:   19 50 e9 a1 00 00 00 83 f8 08 0f 85 0d 00 00 00
0x00007fad2c7e025b:   8b 04 19 48 c1 e0 03 50 e9 8b 00 00 00 83 f8 04
0x00007fad2c7e026b:   0f 85 09 00 00 00 8b 04 19 50 e9 79 00 00 00 83
0x00007fad2c7e027b:   f8 02 0f 85 0a 00 00 00 0f b7 04 19 50 e9 66 00
0x00007fad2c7e028b:   00 00 83 f8 03 0f 85 0a 00 00 00 0f bf 04 19 50
0x00007fad2c7e029b:   e9 53 00 00 00 83 f8 05 0f 85 20 00 00 00 48 8b
0x00007fad2c7e02ab:   04 19 48 83 ec 10 48 89 04 24 49 ba 00 00 00 00
0x00007fad2c7e02bb:   00 00 00 00 4c 89 54 24 08 e9 2a 00 00 00 83 f8
0x00007fad2c7e02cb:   06 0f 85 13 00 00 00 c5 fa 10 04 19 48 83 ec 08
0x00007fad2c7e02db:   c5 fa 11 04 24 e9 0e 00 00 00 c5 fb 10 04 19 48
0x00007fad2c7e02eb:   83 ec 10 c5 fb 11 04 24 41 0f b6 5d 03 49 83 c5
0x00007fad2c7e02fb:   03 49 ba 20 6a 5d 4c ad 7f 00 00 41 ff 24 da 66
0x00007fad2c7e030b:   0f 1f 44 00 00 00 00 00 00 00 00 00 00 00 00 00
0x00007fad2c7e031b:   00 00 00 00 00 80 03 00 00 00 00 00 00 40 85 24
0x00007fad2c7e032b:   4c ad 7f 00 00 b3 00 00 00 00 00 00 00 00 00 00
0x00007fad2c7e033b:   00 00 00 00 00 50 e9 39 00 00 00 48 83 ec 08 c5
0x00007fad2c7e034b:   fa 11 04 24 e9 2b 00 00 00 48 83 ec 10 c5 fb 11 


Stack slot to memory mapping:
stack at sp + 0 slots: 0x00007fac19e814e0 is pointing into the stack for thread: 0x00007fac9c038800
stack at sp + 1 slots: 0x00007fac1932d348 is pointing into metadata
stack at sp + 2 slots: 0x00007fac19e81538 is pointing into the stack for thread: 0x00007fac9c038800
stack at sp + 3 slots: 0x00007fac1932f108 is pointing into metadata
stack at sp + 4 slots: 0x0 is NULL
stack at sp + 5 slots: 0x0000000f00000136 is an unknown value
stack at sp + 6 slots: {method} {0x00007fac1932d380} 'slowGet' '()Lorg/apache/iceberg/shaded/io/netty/util/internal/InternalThreadLocalMap;' in 'org/apache/iceberg/shaded/io/netty/util/internal/InternalThreadLocalMap'
stack at sp + 7 slots: 0x0 is NULL

getstatic  178 getstatic  [0x00007fad2c7e0100, 0x00007fad2c7e0320]  544 bytes

---------------  P R O C E S S  ---------------

Threads class SMR info:
_java_thread_list=0x00007fac9c039460, length=61, elements={
0x00007fad44019800, 0x00007fad44146000, 0x00007fad44148000, 0x00007fad4414f000,
0x00007fad44151000, 0x00007fad44153000, 0x00007fad44155000, 0x00007fad44157000,
0x00007fad441d1000, 0x00007fad467f6000, 0x00007fad46837000, 0x00007faccc002800,
0x00007facc0380800, 0x00007facc0385000, 0x00007facc0386800, 0x00007facc0388000,
0x00007facc038a000, 0x00007facc038c000, 0x00007facc038e000, 0x00007facc038f800,
0x00007facc0391800, 0x00007facc03d4800, 0x00007facc03d6800, 0x00007facc03db800,
0x00007facc03dc800, 0x00007facc03de000, 0x00007facc03e0000, 0x00007facc03e1800,
0x00007facc03e3800, 0x00007facc0458000, 0x00007facc04ec000, 0x00007facc04ee000,
0x00007facc0533000, 0x00007faccc00c000, 0x00007facc062f000, 0x00007facc0630800,
0x00007facc0632800, 0x00007facc0634000, 0x00007facc0636000, 0x00007facc0638000,
0x00007facc0639800, 0x00007facc063b800, 0x00007facc068c000, 0x00007fac38001800,
0x00007facc0692800, 0x00007facc0697000, 0x00007fac3c015800, 0x00007facc06cd800,
0x00007facc06d5000, 0x00007facc06e5000, 0x00007facc06e9000, 0x00007facc0751000,
0x00007facc0871000, 0x00007facc0873800, 0x00007facc087a800, 0x00007facc087e800,
0x00007fac3002f000, 0x00007facc0ad6800, 0x00007facc0fe2000, 0x00007fac1c893000,
0x00007fac9c038800
}

Java Threads: ( => current thread )
  0x00007fad44019800 JavaThread "main" [_thread_in_native, id=1459, stack(0x00007fad4af17000,0x00007fad4b018000)]
  0x00007fad44146000 JavaThread "Reference Handler" daemon [_thread_blocked, id=1466, stack(0x00007fad2c2e5000,0x00007fad2c3e6000)]
  0x00007fad44148000 JavaThread "Finalizer" daemon [_thread_blocked, id=1467, stack(0x00007fad2c1e4000,0x00007fad2c2e5000)]
  0x00007fad4414f000 JavaThread "Signal Dispatcher" daemon [_thread_blocked, id=1468, stack(0x00007fad156ff000,0x00007fad15800000)]
  0x00007fad44151000 JavaThread "Service Thread" daemon [_thread_blocked, id=1469, stack(0x00007fad155fe000,0x00007fad156ff000)]
  0x00007fad44153000 JavaThread "C2 CompilerThread0" daemon [_thread_in_vm, id=1470, stack(0x00007fad154fd000,0x00007fad155fe000)]
  0x00007fad44155000 JavaThread "C1 CompilerThread0" daemon [_thread_blocked, id=1471, stack(0x00007fad153fc000,0x00007fad154fd000)]
  0x00007fad44157000 JavaThread "Sweeper thread" daemon [_thread_blocked, id=1472, stack(0x00007fad152fb000,0x00007fad153fc000)]
  0x00007fad441d1000 JavaThread "Common-Cleaner" daemon [_thread_blocked, id=1473, stack(0x00007fad151fa000,0x00007fad152fb000)]
  0x00007fad467f6000 JavaThread "process reaper" daemon [_thread_blocked, id=1484, stack(0x00007fad14189000,0x00007fad141ab000)]
  0x00007fad46837000 JavaThread "Thread-2" [_thread_in_native, id=1486, stack(0x00007fad14088000,0x00007fad14189000)]
  0x00007faccc002800 JavaThread "Thread-3" [_thread_blocked, id=1488, stack(0x00007facc7cff000,0x00007facc7e00000)]
  0x00007facc0380800 JavaThread "rpc-boss-3-1" daemon [_thread_in_native, id=1491, stack(0x00007facc73fc000,0x00007facc74fd000)]
  0x00007facc0385000 JavaThread "dispatcher-event-loop-0" daemon [_thread_blocked, id=1492, stack(0x00007facc72fb000,0x00007facc73fc000)]
  0x00007facc0386800 JavaThread "dispatcher-event-loop-1" daemon [_thread_blocked, id=1493, stack(0x00007facc71fa000,0x00007facc72fb000)]
  0x00007facc0388000 JavaThread "dispatcher-event-loop-2" daemon [_thread_blocked, id=1494, stack(0x00007facc70f9000,0x00007facc71fa000)]
  0x00007facc038a000 JavaThread "dispatcher-event-loop-3" daemon [_thread_blocked, id=1495, stack(0x00007facc6ff8000,0x00007facc70f9000)]
  0x00007facc038c000 JavaThread "dispatcher-event-loop-4" daemon [_thread_blocked, id=1496, stack(0x00007facc6ef7000,0x00007facc6ff8000)]
  0x00007facc038e000 JavaThread "dispatcher-event-loop-5" daemon [_thread_blocked, id=1497, stack(0x00007facc6df6000,0x00007facc6ef7000)]
  0x00007facc038f800 JavaThread "dispatcher-event-loop-6" daemon [_thread_blocked, id=1498, stack(0x00007facc6cf5000,0x00007facc6df6000)]
  0x00007facc0391800 JavaThread "dispatcher-event-loop-7" daemon [_thread_blocked, id=1499, stack(0x00007facc6bf4000,0x00007facc6cf5000)]
  0x00007facc03d4800 JavaThread "map-output-dispatcher-0" daemon [_thread_blocked, id=1500, stack(0x00007facc68f3000,0x00007facc69f4000)]
  0x00007facc03d6800 JavaThread "map-output-dispatcher-1" daemon [_thread_blocked, id=1501, stack(0x00007facc67f2000,0x00007facc68f3000)]
  0x00007facc03db800 JavaThread "map-output-dispatcher-2" daemon [_thread_blocked, id=1502, stack(0x00007facc66f1000,0x00007facc67f2000)]
  0x00007facc03dc800 JavaThread "map-output-dispatcher-3" daemon [_thread_blocked, id=1503, stack(0x00007facc65f0000,0x00007facc66f1000)]
  0x00007facc03de000 JavaThread "map-output-dispatcher-4" daemon [_thread_blocked, id=1504, stack(0x00007facc64ef000,0x00007facc65f0000)]
  0x00007facc03e0000 JavaThread "map-output-dispatcher-5" daemon [_thread_blocked, id=1505, stack(0x00007facc63ee000,0x00007facc64ef000)]
  0x00007facc03e1800 JavaThread "map-output-dispatcher-6" daemon [_thread_blocked, id=1506, stack(0x00007facc62ed000,0x00007facc63ee000)]
  0x00007facc03e3800 JavaThread "map-output-dispatcher-7" daemon [_thread_blocked, id=1507, stack(0x00007facc61ec000,0x00007facc62ed000)]
  0x00007facc0458000 JavaThread "dispatcher-BlockManagerMaster" daemon [_thread_blocked, id=1508, stack(0x00007facc5f10000,0x00007facc6011000)]
  0x00007facc04ec000 JavaThread "dispatcher-BlockManagerEndpoint1" daemon [_thread_blocked, id=1509, stack(0x00007facc5e0f000,0x00007facc5f10000)]
  0x00007facc04ee000 JavaThread "RemoteBlock-temp-file-clean-thread" daemon [_thread_blocked, id=1510, stack(0x00007facc5d0e000,0x00007facc5e0f000)]
  0x00007facc0533000 JavaThread "refresh progress" daemon [_thread_blocked, id=1511, stack(0x00007facc60eb000,0x00007facc61ec000)]
  0x00007faccc00c000 JavaThread "Thread-6" [_thread_in_native, id=1513, stack(0x00007facc5a0d000,0x00007facc5b0e000)]
  0x00007facc062f000 JavaThread "SparkUI-41" daemon [_thread_in_native, id=1514, stack(0x00007facc570c000,0x00007facc580d000)]
  0x00007facc0630800 JavaThread "SparkUI-42" daemon [_thread_in_native, id=1515, stack(0x00007facc560b000,0x00007facc570c000)]
  0x00007facc0632800 JavaThread "SparkUI-43" daemon [_thread_in_native, id=1516, stack(0x00007facc550a000,0x00007facc560b000)]
  0x00007facc0634000 JavaThread "SparkUI-44" daemon [_thread_in_native, id=1517, stack(0x00007facc5409000,0x00007facc550a000)]
  0x00007facc0636000 JavaThread "SparkUI-45-acceptor-0@5ccf90d2-Spark@5208753b{HTTP/1.1, (http/1.1)}{0.0.0.0:4040}" daemon [_thread_in_native, id=1518, stack(0x00007facc5308000,0x00007facc5409000)]
  0x00007facc0638000 JavaThread "SparkUI-46" daemon [_thread_blocked, id=1519, stack(0x00007facc5207000,0x00007facc5308000)]
  0x00007facc0639800 JavaThread "SparkUI-47" daemon [_thread_blocked, id=1520, stack(0x00007facc5106000,0x00007facc5207000)]
  0x00007facc063b800 JavaThread "SparkUI-48" daemon [_thread_blocked, id=1521, stack(0x00007facc5005000,0x00007facc5106000)]
  0x00007facc068c000 JavaThread "dispatcher-HeartbeatReceiver" daemon [_thread_blocked, id=1522, stack(0x00007facc4f04000,0x00007facc5005000)]
  0x00007fac38001800 JavaThread "heartbeat-receiver-event-loop-thread" daemon [_thread_blocked, id=1523, stack(0x00007facc4e03000,0x00007facc4f04000)]
  0x00007facc0692800 JavaThread "task-starvation-timer" daemon [_thread_blocked, id=1524, stack(0x00007facc4d02000,0x00007facc4e03000)]
  0x00007facc0697000 JavaThread "task-abort-timer" daemon [_thread_blocked, id=1525, stack(0x00007facc4c01000,0x00007facc4d02000)]
  0x00007fac3c015800 JavaThread "netty-rpc-env-timeout" daemon [_thread_blocked, id=1526, stack(0x00007facc4b00000,0x00007facc4c01000)]
  0x00007facc06cd800 JavaThread "dag-scheduler-event-loop" daemon [_thread_blocked, id=1527, stack(0x00007facc49ff000,0x00007facc4b00000)]
  0x00007facc06d5000 JavaThread "driver-heartbeater" daemon [_thread_blocked, id=1528, stack(0x00007facc46fe000,0x00007facc47ff000)]
  0x00007facc06e5000 JavaThread "executor-kill-mark-cleanup" daemon [_thread_blocked, id=1529, stack(0x00007facc45fd000,0x00007facc46fe000)]
  0x00007facc06e9000 JavaThread "executor-heartbeater" daemon [_thread_blocked, id=1530, stack(0x00007facc44fc000,0x00007facc45fd000)]
  0x00007facc0751000 JavaThread "shuffle-boss-6-1" daemon [_thread_in_native, id=1531, stack(0x00007facc43fb000,0x00007facc44fc000)]
  0x00007facc0871000 JavaThread "Spark Context Cleaner" daemon [_thread_blocked, id=1532, stack(0x00007facc40fa000,0x00007facc41fb000)]
  0x00007facc0873800 JavaThread "context-cleaner-periodic-gc" daemon [_thread_blocked, id=1533, stack(0x00007fac27eff000,0x00007fac28000000)]
  0x00007facc087a800 JavaThread "spark-listener-group-appStatus" daemon [_thread_blocked, id=1534, stack(0x00007fac27dfe000,0x00007fac27eff000)]
  0x00007facc087e800 JavaThread "spark-listener-group-executorManagement" daemon [_thread_blocked, id=1535, stack(0x00007fac27cfd000,0x00007fac27dfe000)]
  0x00007fac3002f000 JavaThread "element-tracking-store-worker" daemon [_thread_blocked, id=1536, stack(0x00007fac279fc000,0x00007fac27afd000)]
  0x00007facc0ad6800 JavaThread "org.apache.hadoop.fs.FileSystem$Statistics$StatisticsDataReferenceCleaner" daemon [_thread_blocked, id=1542, stack(0x00007fad141ab000,0x00007fad142ac000)]
  0x00007facc0fe2000 JavaThread "ForkJoinPool.commonPool-worker-3" daemon [_thread_blocked, id=1545, stack(0x00007fac26ef9000,0x00007fac26ffa000)]
  0x00007fac1c893000 JavaThread "idle-connection-reaper" daemon [_thread_blocked, id=1551, stack(0x00007fac1bcff000,0x00007fac1be00000)]
=>0x00007fac9c038800 JavaThread "Executor task launch worker for task 0.0 in stage 0.0 (TID 0)" daemon [_thread_in_Java, id=1553, stack(0x00007fac19d84000,0x00007fac19e85000)]

Other Threads:
  0x00007fad44143000 VMThread "VM Thread" [stack: 0x00007fad2c3e7000,0x00007fad2c4e7000] [id=1465]
  0x00007fad441d5000 WatcherThread [stack: 0x00007fad150fa000,0x00007fad151fa000] [id=1474]
  0x00007fad44031000 GCTaskThread "GC Thread#0" [stack: 0x00007fad4abc3000,0x00007fad4acc3000] [id=1460]
  0x00007fad0c001000 GCTaskThread "GC Thread#1" [stack: 0x00007fad14eaf000,0x00007fad14faf000] [id=1476]
  0x00007fad0c002800 GCTaskThread "GC Thread#2" [stack: 0x00007fad14dae000,0x00007fad14eae000] [id=1477]
  0x00007fad0c02a800 GCTaskThread "GC Thread#3" [stack: 0x00007fad14fb0000,0x00007fad150b0000] [id=1481]
  0x00007fad0c02c800 GCTaskThread "GC Thread#4" [stack: 0x00007facc7bff000,0x00007facc7cff000] [id=1489]
  0x00007fad0c02e000 GCTaskThread "GC Thread#5" [stack: 0x00007facc7afe000,0x00007facc7bfe000] [id=1490]
  0x00007fad0c050000 GCTaskThread "GC Thread#6" [stack: 0x00007fac278fc000,0x00007fac279fc000] [id=1537]
  0x00007fad0c051800 GCTaskThread "GC Thread#7" [stack: 0x00007fac277fb000,0x00007fac278fb000] [id=1538]
  0x00007fad44071800 ConcurrentGCThread "G1 Main Marker" [stack: 0x00007fad48990000,0x00007fad48a90000] [id=1461]
  0x00007fad44073800 ConcurrentGCThread "G1 Conc#0" [stack: 0x00007fad4888f000,0x00007fad4898f000] [id=1462]
  0x00007fad18001000 ConcurrentGCThread "G1 Conc#1" [stack: 0x00007fad14cad000,0x00007fad14dad000] [id=1478]
  0x00007fad44104800 ConcurrentGCThread "G1 Refine#0" [stack: 0x00007fad2c6c5000,0x00007fad2c7c5000] [id=1463]
  0x00007fad44106800 ConcurrentGCThread "G1 Young RemSet Sampling" [stack: 0x00007fad2c5c4000,0x00007fad2c6c4000] [id=1464]

Threads with active compile tasks:
C2 CompilerThread0    15721 8184       4       scala.collection.Iterator$$anon$12::hasNext (60 bytes)

VM state:not at safepoint (normal execution)

VM Mutex/Monitor currently owned by a thread: None

Heap address: 0x0000000700000000, size: 4096 MB, Compressed Oops mode: Zero based, Oop shift amount: 3
Narrow klass base: 0x0000000800000000, Narrow klass shift: 3
Compressed class space size: 1073741824 Address: 0x0000000840000000

Heap:
 garbage-first heap   total 297984K, used 157657K [0x0000000700000000, 0x0000000800000000)
  region size 1024K, 49 young (50176K), 11 survivors (11264K)
 Metaspace       used 152883K, capacity 160114K, committed 160344K, reserved 1185792K
  class space    used 21375K, capacity 24902K, committed 24944K, reserved 1048576K
Heap Regions: E=young(eden), S=young(survivor), O=old, HS=humongous(starts), HC=humongous(continues), CS=collection set, F=free, A=archive, TAMS=top-at-mark-start (previous, next)
|   0|0x0000000700000000, 0x0000000700100000, 0x0000000700100000|100%|HS|  |TAMS 0x0000000700100000, 0x0000000700000000| Complete 
|   1|0x0000000700100000, 0x0000000700200000, 0x0000000700200000|100%|HS|  |TAMS 0x0000000700200000, 0x0000000700100000| Complete 
|   2|0x0000000700200000, 0x0000000700300000, 0x0000000700300000|100%|HS|  |TAMS 0x0000000700300000, 0x0000000700200000| Complete 
|   3|0x0000000700300000, 0x0000000700400000, 0x0000000700400000|100%|HC|  |TAMS 0x0000000700400000, 0x0000000700300000| Complete 
|   4|0x0000000700400000, 0x0000000700500000, 0x0000000700500000|100%|HC|  |TAMS 0x0000000700500000, 0x0000000700400000| Complete 
|   5|0x0000000700500000, 0x0000000700600000, 0x0000000700600000|100%|HS|  |TAMS 0x0000000700600000, 0x0000000700500000| Complete 
|   6|0x0000000700600000, 0x0000000700700000, 0x0000000700700000|100%|HC|  |TAMS 0x0000000700700000, 0x0000000700600000| Complete 
|   7|0x0000000700700000, 0x0000000700800000, 0x0000000700800000|100%|HC|  |TAMS 0x0000000700800000, 0x0000000700700000| Complete 
|   8|0x0000000700800000, 0x0000000700900000, 0x0000000700900000|100%|HC|  |TAMS 0x0000000700900000, 0x0000000700800000| Complete 
|   9|0x0000000700900000, 0x0000000700a00000, 0x0000000700a00000|100%|HC|  |TAMS 0x0000000700a00000, 0x0000000700900000| Complete 
|  10|0x0000000700a00000, 0x0000000700b00000, 0x0000000700b00000|100%|HC|  |TAMS 0x0000000700b00000, 0x0000000700a00000| Complete 
|  11|0x0000000700b00000, 0x0000000700c00000, 0x0000000700c00000|100%|HC|  |TAMS 0x0000000700c00000, 0x0000000700b00000| Complete 
|  12|0x0000000700c00000, 0x0000000700d00000, 0x0000000700d00000|100%|HC|  |TAMS 0x0000000700d00000, 0x0000000700c00000| Complete 
|  13|0x0000000700d00000, 0x0000000700e00000, 0x0000000700e00000|100%|HC|  |TAMS 0x0000000700e00000, 0x0000000700d00000| Complete 
|  14|0x0000000700e00000, 0x0000000700f00000, 0x0000000700f00000|100%|HC|  |TAMS 0x0000000700f00000, 0x0000000700e00000| Complete 
|  15|0x0000000700f00000, 0x0000000701000000, 0x0000000701000000|100%|HC|  |TAMS 0x0000000701000000, 0x0000000700f00000| Complete 
|  16|0x0000000701000000, 0x0000000701100000, 0x0000000701100000|100%|HC|  |TAMS 0x0000000701100000, 0x0000000701000000| Complete 
|  17|0x0000000701100000, 0x0000000701200000, 0x0000000701200000|100%|HC|  |TAMS 0x0000000701200000, 0x0000000701100000| Complete 
|  18|0x0000000701200000, 0x0000000701300000, 0x0000000701300000|100%|HC|  |TAMS 0x0000000701300000, 0x0000000701200000| Complete 
|  19|0x0000000701300000, 0x0000000701400000, 0x0000000701400000|100%|HC|  |TAMS 0x0000000701400000, 0x0000000701300000| Complete 
|  20|0x0000000701400000, 0x0000000701500000, 0x0000000701500000|100%|HC|  |TAMS 0x0000000701500000, 0x0000000701400000| Complete 
|  21|0x0000000701500000, 0x0000000701600000, 0x0000000701600000|100%|HC|  |TAMS 0x0000000701600000, 0x0000000701500000| Complete 
|  22|0x0000000701600000, 0x0000000701700000, 0x0000000701700000|100%|HC|  |TAMS 0x0000000701700000, 0x0000000701600000| Complete 
|  23|0x0000000701700000, 0x0000000701800000, 0x0000000701800000|100%|HC|  |TAMS 0x0000000701800000, 0x0000000701700000| Complete 
|  24|0x0000000701800000, 0x0000000701900000, 0x0000000701900000|100%|HC|  |TAMS 0x0000000701900000, 0x0000000701800000| Complete 
|  25|0x0000000701900000, 0x0000000701a00000, 0x0000000701a00000|100%|HC|  |TAMS 0x0000000701a00000, 0x0000000701900000| Complete 
|  26|0x0000000701a00000, 0x0000000701b00000, 0x0000000701b00000|100%|HC|  |TAMS 0x0000000701b00000, 0x0000000701a00000| Complete 
|  27|0x0000000701b00000, 0x0000000701c00000, 0x0000000701c00000|100%|HC|  |TAMS 0x0000000701c00000, 0x0000000701b00000| Complete 
|  28|0x0000000701c00000, 0x0000000701d00000, 0x0000000701d00000|100%|HC|  |TAMS 0x0000000701d00000, 0x0000000701c00000| Complete 
|  29|0x0000000701d00000, 0x0000000701e00000, 0x0000000701e00000|100%|HC|  |TAMS 0x0000000701e00000, 0x0000000701d00000| Complete 
|  30|0x0000000701e00000, 0x0000000701f00000, 0x0000000701f00000|100%|HC|  |TAMS 0x0000000701f00000, 0x0000000701e00000| Complete 
|  31|0x0000000701f00000, 0x0000000702000000, 0x0000000702000000|100%|HC|  |TAMS 0x0000000702000000, 0x0000000701f00000| Complete 
|  32|0x0000000702000000, 0x0000000702100000, 0x0000000702100000|100%|HC|  |TAMS 0x0000000702100000, 0x0000000702000000| Complete 
|  33|0x0000000702100000, 0x0000000702200000, 0x0000000702200000|100%|HC|  |TAMS 0x0000000702200000, 0x0000000702100000| Complete 
|  34|0x0000000702200000, 0x0000000702300000, 0x0000000702300000|100%|HC|  |TAMS 0x0000000702300000, 0x0000000702200000| Complete 
|  35|0x0000000702300000, 0x0000000702400000, 0x0000000702400000|100%|HC|  |TAMS 0x0000000702400000, 0x0000000702300000| Complete 
|  36|0x0000000702400000, 0x0000000702500000, 0x0000000702500000|100%|HC|  |TAMS 0x0000000702500000, 0x0000000702400000| Complete 
|  37|0x0000000702500000, 0x0000000702600000, 0x0000000702600000|100%|HC|  |TAMS 0x0000000702600000, 0x0000000702500000| Complete 
|  38|0x0000000702600000, 0x0000000702700000, 0x0000000702700000|100%|HC|  |TAMS 0x0000000702700000, 0x0000000702600000| Complete 
|  39|0x0000000702700000, 0x0000000702800000, 0x0000000702800000|100%|HC|  |TAMS 0x0000000702800000, 0x0000000702700000| Complete 
|  40|0x0000000702800000, 0x0000000702900000, 0x0000000702900000|100%|HC|  |TAMS 0x0000000702900000, 0x0000000702800000| Complete 
|  41|0x0000000702900000, 0x0000000702a00000, 0x0000000702a00000|100%|HC|  |TAMS 0x0000000702a00000, 0x0000000702900000| Complete 
|  42|0x0000000702a00000, 0x0000000702b00000, 0x0000000702b00000|100%|HC|  |TAMS 0x0000000702b00000, 0x0000000702a00000| Complete 
|  43|0x0000000702b00000, 0x0000000702c00000, 0x0000000702c00000|100%|HC|  |TAMS 0x0000000702c00000, 0x0000000702b00000| Complete 
|  44|0x0000000702c00000, 0x0000000702d00000, 0x0000000702d00000|100%|HC|  |TAMS 0x0000000702d00000, 0x0000000702c00000| Complete 
|  45|0x0000000702d00000, 0x0000000702e00000, 0x0000000702e00000|100%|HC|  |TAMS 0x0000000702e00000, 0x0000000702d00000| Complete 
|  46|0x0000000702e00000, 0x0000000702f00000, 0x0000000702f00000|100%|HC|  |TAMS 0x0000000702f00000, 0x0000000702e00000| Complete 
|  47|0x0000000702f00000, 0x0000000703000000, 0x0000000703000000|100%|HC|  |TAMS 0x0000000703000000, 0x0000000702f00000| Complete 
|  48|0x0000000703000000, 0x0000000703100000, 0x0000000703100000|100%|HC|  |TAMS 0x0000000703100000, 0x0000000703000000| Complete 
|  49|0x0000000703100000, 0x0000000703200000, 0x0000000703200000|100%|HC|  |TAMS 0x0000000703200000, 0x0000000703100000| Complete 
|  50|0x0000000703200000, 0x0000000703300000, 0x0000000703300000|100%|HC|  |TAMS 0x0000000703300000, 0x0000000703200000| Complete 
|  51|0x0000000703300000, 0x0000000703400000, 0x0000000703400000|100%|HC|  |TAMS 0x0000000703400000, 0x0000000703300000| Complete 
|  52|0x0000000703400000, 0x0000000703500000, 0x0000000703500000|100%|HC|  |TAMS 0x0000000703500000, 0x0000000703400000| Complete 
|  53|0x0000000703500000, 0x0000000703600000, 0x0000000703600000|100%| O|  |TAMS 0x0000000703600000, 0x0000000703500000| Untracked 
|  54|0x0000000703600000, 0x0000000703700000, 0x0000000703700000|100%| O|  |TAMS 0x0000000703700000, 0x0000000703600000| Untracked 
|  55|0x0000000703700000, 0x0000000703800000, 0x0000000703800000|100%| O|  |TAMS 0x0000000703800000, 0x0000000703700000| Untracked 
|  56|0x0000000703800000, 0x0000000703900000, 0x0000000703900000|100%| O|  |TAMS 0x0000000703900000, 0x0000000703800000| Untracked 
|  57|0x0000000703900000, 0x0000000703a00000, 0x0000000703a00000|100%| O|  |TAMS 0x0000000703a00000, 0x0000000703900000| Untracked 
|  58|0x0000000703a00000, 0x0000000703b00000, 0x0000000703b00000|100%| O|  |TAMS 0x0000000703b00000, 0x0000000703a00000| Untracked 
|  59|0x0000000703b00000, 0x0000000703c00000, 0x0000000703c00000|100%| O|  |TAMS 0x0000000703c00000, 0x0000000703b00000| Untracked 
|  60|0x0000000703c00000, 0x0000000703d00000, 0x0000000703d00000|100%| O|  |TAMS 0x0000000703d00000, 0x0000000703c00000| Untracked 
|  61|0x0000000703d00000, 0x0000000703e00000, 0x0000000703e00000|100%| O|  |TAMS 0x0000000703e00000, 0x0000000703d00000| Untracked 
|  62|0x0000000703e00000, 0x0000000703f00000, 0x0000000703f00000|100%|HS|  |TAMS 0x0000000703f00000, 0x0000000703e00000| Complete 
|  63|0x0000000703f00000, 0x0000000704000000, 0x0000000704000000|100%|HC|  |TAMS 0x0000000704000000, 0x0000000703f00000| Complete 
|  64|0x0000000704000000, 0x0000000704100000, 0x0000000704100000|100%|HC|  |TAMS 0x0000000704100000, 0x0000000704000000| Complete 
|  65|0x0000000704100000, 0x0000000704200000, 0x0000000704200000|100%|HC|  |TAMS 0x0000000704200000, 0x0000000704100000| Complete 
|  66|0x0000000704200000, 0x0000000704300000, 0x0000000704300000|100%|HC|  |TAMS 0x0000000704300000, 0x0000000704200000| Complete 
|  67|0x0000000704300000, 0x0000000704400000, 0x0000000704400000|100%|HS|  |TAMS 0x0000000704400000, 0x0000000704300000| Complete 
|  68|0x0000000704400000, 0x0000000704500000, 0x0000000704500000|100%| O|  |TAMS 0x0000000704500000, 0x0000000704400000| Untracked 
|  69|0x0000000704500000, 0x0000000704600000, 0x0000000704600000|100%| O|  |TAMS 0x0000000704600000, 0x0000000704500000| Untracked 
|  70|0x0000000704600000, 0x0000000704700000, 0x0000000704700000|100%| O|  |TAMS 0x0000000704700000, 0x0000000704600000| Untracked 
|  71|0x0000000704700000, 0x0000000704800000, 0x0000000704800000|100%|HS|  |TAMS 0x0000000704800000, 0x0000000704700000| Complete 
|  72|0x0000000704800000, 0x0000000704900000, 0x0000000704900000|100%|HC|  |TAMS 0x0000000704900000, 0x0000000704800000| Complete 
|  73|0x0000000704900000, 0x0000000704a00000, 0x0000000704a00000|100%|HC|  |TAMS 0x0000000704a00000, 0x0000000704900000| Complete 
|  74|0x0000000704a00000, 0x0000000704b00000, 0x0000000704b00000|100%|HS|  |TAMS 0x0000000704b00000, 0x0000000704a00000| Complete 
|  75|0x0000000704b00000, 0x0000000704c00000, 0x0000000704c00000|100%|HC|  |TAMS 0x0000000704c00000, 0x0000000704b00000| Complete 
|  76|0x0000000704c00000, 0x0000000704d00000, 0x0000000704d00000|100%| O|  |TAMS 0x0000000704d00000, 0x0000000704c00000| Untracked 
|  77|0x0000000704d00000, 0x0000000704e00000, 0x0000000704e00000|100%| O|  |TAMS 0x0000000704e00000, 0x0000000704d00000| Untracked 
|  78|0x0000000704e00000, 0x0000000704f00000, 0x0000000704f00000|100%| O|  |TAMS 0x0000000704f00000, 0x0000000704e00000| Untracked 
|  79|0x0000000704f00000, 0x0000000705000000, 0x0000000705000000|100%| O|  |TAMS 0x0000000705000000, 0x0000000704f00000| Untracked 
|  80|0x0000000705000000, 0x0000000705100000, 0x0000000705100000|100%| O|  |TAMS 0x0000000705100000, 0x0000000705000000| Untracked 
|  81|0x0000000705100000, 0x0000000705200000, 0x0000000705200000|100%| O|  |TAMS 0x0000000705200000, 0x0000000705100000| Untracked 
|  82|0x0000000705200000, 0x0000000705300000, 0x0000000705300000|100%| O|  |TAMS 0x0000000705300000, 0x0000000705200000| Untracked 
|  83|0x0000000705300000, 0x0000000705400000, 0x0000000705400000|100%| O|  |TAMS 0x0000000705400000, 0x0000000705300000| Untracked 
|  84|0x0000000705400000, 0x0000000705500000, 0x0000000705500000|100%| O|  |TAMS 0x0000000705500000, 0x0000000705400000| Untracked 
|  85|0x0000000705500000, 0x0000000705600000, 0x0000000705600000|100%| O|  |TAMS 0x0000000705600000, 0x0000000705500000| Untracked 
|  86|0x0000000705600000, 0x0000000705700000, 0x0000000705700000|100%| O|  |TAMS 0x0000000705700000, 0x0000000705600000| Untracked 
|  87|0x0000000705700000, 0x0000000705800000, 0x0000000705800000|100%| O|  |TAMS 0x0000000705800000, 0x0000000705700000| Untracked 
|  88|0x0000000705800000, 0x0000000705900000, 0x0000000705900000|100%| O|  |TAMS 0x0000000705900000, 0x0000000705800000| Untracked 
|  89|0x0000000705900000, 0x0000000705a00000, 0x0000000705a00000|100%| O|  |TAMS 0x0000000705a00000, 0x0000000705900000| Untracked 
|  90|0x0000000705a00000, 0x0000000705b00000, 0x0000000705b00000|100%| O|  |TAMS 0x0000000705b00000, 0x0000000705a00000| Untracked 
|  91|0x0000000705b00000, 0x0000000705c00000, 0x0000000705c00000|100%| O|  |TAMS 0x0000000705c00000, 0x0000000705b00000| Untracked 
|  92|0x0000000705c00000, 0x0000000705d00000, 0x0000000705d00000|100%| O|  |TAMS 0x0000000705d00000, 0x0000000705c00000| Untracked 
|  93|0x0000000705d00000, 0x0000000705e00000, 0x0000000705e00000|100%| O|  |TAMS 0x0000000705e00000, 0x0000000705d00000| Untracked 
|  94|0x0000000705e00000, 0x0000000705f00000, 0x0000000705f00000|100%| O|  |TAMS 0x0000000705f00000, 0x0000000705e00000| Untracked 
|  95|0x0000000705f00000, 0x0000000706000000, 0x0000000706000000|100%| O|  |TAMS 0x0000000706000000, 0x0000000705f00000| Untracked 
|  96|0x0000000706000000, 0x0000000706100000, 0x0000000706100000|100%| O|  |TAMS 0x0000000706100000, 0x0000000706000000| Untracked 
|  97|0x0000000706100000, 0x0000000706200000, 0x0000000706200000|100%| O|  |TAMS 0x0000000706200000, 0x0000000706100000| Untracked 
|  98|0x0000000706200000, 0x0000000706300000, 0x0000000706300000|100%| O|  |TAMS 0x000000070622e600, 0x0000000706200000| Untracked 
|  99|0x0000000706300000, 0x0000000706400000, 0x0000000706400000|100%| O|  |TAMS 0x0000000706300000, 0x0000000706300000| Untracked 
| 100|0x0000000706400000, 0x0000000706500000, 0x0000000706500000|100%| O|  |TAMS 0x0000000706400000, 0x0000000706400000| Untracked 
| 101|0x0000000706500000, 0x00000007065c4400, 0x0000000706600000| 76%| O|  |TAMS 0x0000000706500000, 0x0000000706500000| Untracked 
| 102|0x0000000706600000, 0x0000000706600000, 0x0000000706700000|  0%| F|  |TAMS 0x0000000706600000, 0x0000000706600000| Untracked 
| 103|0x0000000706700000, 0x0000000706700000, 0x0000000706800000|  0%| F|  |TAMS 0x0000000706700000, 0x0000000706700000| Untracked 
| 104|0x0000000706800000, 0x0000000706800000, 0x0000000706900000|  0%| F|  |TAMS 0x0000000706800000, 0x0000000706800000| Untracked 
| 105|0x0000000706900000, 0x0000000706900000, 0x0000000706a00000|  0%| F|  |TAMS 0x0000000706900000, 0x0000000706900000| Untracked 
| 106|0x0000000706a00000, 0x0000000706b00000, 0x0000000706b00000|100%| O|  |TAMS 0x0000000706b00000, 0x0000000706a00000| Untracked 
| 107|0x0000000706b00000, 0x0000000706c00000, 0x0000000706c00000|100%| O|  |TAMS 0x0000000706c00000, 0x0000000706b00000| Untracked 
| 108|0x0000000706c00000, 0x0000000706d00000, 0x0000000706d00000|100%| O|  |TAMS 0x0000000706d00000, 0x0000000706c00000| Untracked 
| 109|0x0000000706d00000, 0x0000000706e00000, 0x0000000706e00000|100%| O|  |TAMS 0x0000000706e00000, 0x0000000706d00000| Untracked 
| 110|0x0000000706e00000, 0x0000000706e00000, 0x0000000706f00000|  0%| F|  |TAMS 0x0000000706e00000, 0x0000000706e00000| Untracked 
| 111|0x0000000706f00000, 0x0000000706f00000, 0x0000000707000000|  0%| F|  |TAMS 0x0000000706f00000, 0x0000000706f00000| Untracked 
| 112|0x0000000707000000, 0x0000000707000000, 0x0000000707100000|  0%| F|  |TAMS 0x0000000707000000, 0x0000000707000000| Untracked 
| 113|0x0000000707100000, 0x0000000707100000, 0x0000000707200000|  0%| F|  |TAMS 0x0000000707100000, 0x0000000707100000| Untracked 
| 114|0x0000000707200000, 0x0000000707200000, 0x0000000707300000|  0%| F|  |TAMS 0x0000000707200000, 0x0000000707200000| Untracked 
| 115|0x0000000707300000, 0x0000000707300000, 0x0000000707400000|  0%| F|  |TAMS 0x0000000707300000, 0x0000000707300000| Untracked 
| 116|0x0000000707400000, 0x0000000707400000, 0x0000000707500000|  0%| F|  |TAMS 0x0000000707400000, 0x0000000707400000| Untracked 
| 117|0x0000000707500000, 0x0000000707500000, 0x0000000707600000|  0%| F|  |TAMS 0x0000000707500000, 0x0000000707500000| Untracked 
| 118|0x0000000707600000, 0x0000000707600000, 0x0000000707700000|  0%| F|  |TAMS 0x0000000707600000, 0x0000000707600000| Untracked 
| 119|0x0000000707700000, 0x0000000707700000, 0x0000000707800000|  0%| F|  |TAMS 0x0000000707700000, 0x0000000707700000| Untracked 
| 120|0x0000000707800000, 0x0000000707800000, 0x0000000707900000|  0%| F|  |TAMS 0x0000000707800000, 0x0000000707800000| Untracked 
| 121|0x0000000707900000, 0x0000000707900000, 0x0000000707a00000|  0%| F|  |TAMS 0x0000000707900000, 0x0000000707900000| Untracked 
| 122|0x0000000707a00000, 0x0000000707a00000, 0x0000000707b00000|  0%| F|  |TAMS 0x0000000707a00000, 0x0000000707a00000| Untracked 
| 123|0x0000000707b00000, 0x0000000707b00000, 0x0000000707c00000|  0%| F|  |TAMS 0x0000000707b00000, 0x0000000707b00000| Untracked 
| 124|0x0000000707c00000, 0x0000000707c00000, 0x0000000707d00000|  0%| F|  |TAMS 0x0000000707c00000, 0x0000000707c00000| Untracked 
| 125|0x0000000707d00000, 0x0000000707d00000, 0x0000000707e00000|  0%| F|  |TAMS 0x0000000707d00000, 0x0000000707d00000| Untracked 
| 126|0x0000000707e00000, 0x0000000707e00000, 0x0000000707f00000|  0%| F|  |TAMS 0x0000000707e00000, 0x0000000707e00000| Untracked 
| 127|0x0000000707f00000, 0x0000000707f00000, 0x0000000708000000|  0%| F|  |TAMS 0x0000000707f00000, 0x0000000707f00000| Untracked 
| 128|0x0000000708000000, 0x0000000708000000, 0x0000000708100000|  0%| F|  |TAMS 0x0000000708000000, 0x0000000708000000| Untracked 
| 129|0x0000000708100000, 0x0000000708100000, 0x0000000708200000|  0%| F|  |TAMS 0x0000000708100000, 0x0000000708100000| Untracked 
| 130|0x0000000708200000, 0x0000000708200000, 0x0000000708300000|  0%| F|  |TAMS 0x0000000708200000, 0x0000000708200000| Untracked 
| 131|0x0000000708300000, 0x0000000708300000, 0x0000000708400000|  0%| F|  |TAMS 0x0000000708300000, 0x0000000708300000| Untracked 
| 132|0x0000000708400000, 0x0000000708400000, 0x0000000708500000|  0%| F|  |TAMS 0x0000000708400000, 0x0000000708400000| Untracked 
| 133|0x0000000708500000, 0x0000000708500000, 0x0000000708600000|  0%| F|  |TAMS 0x0000000708500000, 0x0000000708500000| Untracked 
| 134|0x0000000708600000, 0x0000000708600000, 0x0000000708700000|  0%| F|  |TAMS 0x0000000708600000, 0x0000000708600000| Untracked 
| 135|0x0000000708700000, 0x0000000708700000, 0x0000000708800000|  0%| F|  |TAMS 0x0000000708700000, 0x0000000708700000| Untracked 
| 136|0x0000000708800000, 0x0000000708800000, 0x0000000708900000|  0%| F|  |TAMS 0x0000000708800000, 0x0000000708800000| Untracked 
| 137|0x0000000708900000, 0x0000000708900000, 0x0000000708a00000|  0%| F|  |TAMS 0x0000000708900000, 0x0000000708900000| Untracked 
| 138|0x0000000708a00000, 0x0000000708a00000, 0x0000000708b00000|  0%| F|  |TAMS 0x0000000708a00000, 0x0000000708a00000| Untracked 
| 139|0x0000000708b00000, 0x0000000708b00000, 0x0000000708c00000|  0%| F|  |TAMS 0x0000000708b00000, 0x0000000708b00000| Untracked 
| 140|0x0000000708c00000, 0x0000000708c00000, 0x0000000708d00000|  0%| F|  |TAMS 0x0000000708c00000, 0x0000000708c00000| Untracked 
| 141|0x0000000708d00000, 0x0000000708d00000, 0x0000000708e00000|  0%| F|  |TAMS 0x0000000708d00000, 0x0000000708d00000| Untracked 
| 142|0x0000000708e00000, 0x0000000708e00000, 0x0000000708f00000|  0%| F|  |TAMS 0x0000000708e00000, 0x0000000708e00000| Untracked 
| 143|0x0000000708f00000, 0x0000000708f00000, 0x0000000709000000|  0%| F|  |TAMS 0x0000000708f00000, 0x0000000708f00000| Untracked 
| 144|0x0000000709000000, 0x0000000709000000, 0x0000000709100000|  0%| F|  |TAMS 0x0000000709000000, 0x0000000709000000| Untracked 
| 145|0x0000000709100000, 0x000000070917e260, 0x0000000709200000| 49%| S|CS|TAMS 0x0000000709100000, 0x0000000709100000| Complete 
| 146|0x0000000709200000, 0x0000000709300000, 0x0000000709300000|100%| S|CS|TAMS 0x0000000709200000, 0x0000000709200000| Complete 
| 147|0x0000000709300000, 0x0000000709400000, 0x0000000709400000|100%| S|CS|TAMS 0x0000000709300000, 0x0000000709300000| Complete 
| 148|0x0000000709400000, 0x0000000709400000, 0x0000000709500000|  0%| F|  |TAMS 0x0000000709400000, 0x0000000709400000| Untracked 
| 149|0x0000000709500000, 0x0000000709500000, 0x0000000709600000|  0%| F|  |TAMS 0x0000000709500000, 0x0000000709500000| Untracked 
| 150|0x0000000709600000, 0x0000000709600000, 0x0000000709700000|  0%| F|  |TAMS 0x0000000709600000, 0x0000000709600000| Untracked 
| 151|0x0000000709700000, 0x0000000709700000, 0x0000000709800000|  0%| F|  |TAMS 0x0000000709700000, 0x0000000709700000| Untracked 
| 152|0x0000000709800000, 0x0000000709800000, 0x0000000709900000|  0%| F|  |TAMS 0x0000000709800000, 0x0000000709800000| Untracked 
| 153|0x0000000709900000, 0x0000000709900000, 0x0000000709a00000|  0%| F|  |TAMS 0x0000000709900000, 0x0000000709900000| Untracked 
| 154|0x0000000709a00000, 0x0000000709a00000, 0x0000000709b00000|  0%| F|  |TAMS 0x0000000709a00000, 0x0000000709a00000| Untracked 
| 155|0x0000000709b00000, 0x0000000709b00000, 0x0000000709c00000|  0%| F|  |TAMS 0x0000000709b00000, 0x0000000709b00000| Untracked 
| 156|0x0000000709c00000, 0x0000000709c00000, 0x0000000709d00000|  0%| F|  |TAMS 0x0000000709c00000, 0x0000000709c00000| Untracked 
| 157|0x0000000709d00000, 0x0000000709d00000, 0x0000000709e00000|  0%| F|  |TAMS 0x0000000709d00000, 0x0000000709d00000| Untracked 
| 158|0x0000000709e00000, 0x0000000709e00000, 0x0000000709f00000|  0%| F|  |TAMS 0x0000000709e00000, 0x0000000709e00000| Untracked 
| 159|0x0000000709f00000, 0x0000000709f00000, 0x000000070a000000|  0%| F|  |TAMS 0x0000000709f00000, 0x0000000709f00000| Untracked 
| 160|0x000000070a000000, 0x000000070a100000, 0x000000070a100000|100%| S|CS|TAMS 0x000000070a000000, 0x000000070a000000| Complete 
| 161|0x000000070a100000, 0x000000070a200000, 0x000000070a200000|100%| S|CS|TAMS 0x000000070a100000, 0x000000070a100000| Complete 
| 162|0x000000070a200000, 0x000000070a300000, 0x000000070a300000|100%| S|CS|TAMS 0x000000070a200000, 0x000000070a200000| Complete 
| 163|0x000000070a300000, 0x000000070a400000, 0x000000070a400000|100%| S|CS|TAMS 0x000000070a300000, 0x000000070a300000| Complete 
| 164|0x000000070a400000, 0x000000070a500000, 0x000000070a500000|100%| S|CS|TAMS 0x000000070a400000, 0x000000070a400000| Complete 
| 165|0x000000070a500000, 0x000000070a600000, 0x000000070a600000|100%| S|CS|TAMS 0x000000070a500000, 0x000000070a500000| Complete 
| 166|0x000000070a600000, 0x000000070a700000, 0x000000070a700000|100%| S|CS|TAMS 0x000000070a600000, 0x000000070a600000| Complete 
| 167|0x000000070a700000, 0x000000070a800000, 0x000000070a800000|100%| S|CS|TAMS 0x000000070a700000, 0x000000070a700000| Complete 
| 168|0x000000070a800000, 0x000000070a800000, 0x000000070a900000|  0%| F|  |TAMS 0x000000070a800000, 0x000000070a800000| Untracked 
| 169|0x000000070a900000, 0x000000070a900000, 0x000000070aa00000|  0%| F|  |TAMS 0x000000070a900000, 0x000000070a900000| Untracked 
| 170|0x000000070aa00000, 0x000000070aa00000, 0x000000070ab00000|  0%| F|  |TAMS 0x000000070aa00000, 0x000000070aa00000| Untracked 
| 171|0x000000070ab00000, 0x000000070ab00000, 0x000000070ac00000|  0%| F|  |TAMS 0x000000070ab00000, 0x000000070ab00000| Untracked 
| 172|0x000000070ac00000, 0x000000070ac00000, 0x000000070ad00000|  0%| F|  |TAMS 0x000000070ac00000, 0x000000070ac00000| Untracked 
| 173|0x000000070ad00000, 0x000000070ad00000, 0x000000070ae00000|  0%| F|  |TAMS 0x000000070ad00000, 0x000000070ad00000| Untracked 
| 174|0x000000070ae00000, 0x000000070ae00000, 0x000000070af00000|  0%| F|  |TAMS 0x000000070ae00000, 0x000000070ae00000| Untracked 
| 175|0x000000070af00000, 0x000000070af00000, 0x000000070b000000|  0%| F|  |TAMS 0x000000070af00000, 0x000000070af00000| Untracked 
| 176|0x000000070b000000, 0x000000070b000000, 0x000000070b100000|  0%| F|  |TAMS 0x000000070b000000, 0x000000070b000000| Untracked 
| 177|0x000000070b100000, 0x000000070b100000, 0x000000070b200000|  0%| F|  |TAMS 0x000000070b100000, 0x000000070b100000| Untracked 
| 178|0x000000070b200000, 0x000000070b200000, 0x000000070b300000|  0%| F|  |TAMS 0x000000070b200000, 0x000000070b200000| Untracked 
| 179|0x000000070b300000, 0x000000070b300000, 0x000000070b400000|  0%| F|  |TAMS 0x000000070b300000, 0x000000070b300000| Untracked 
| 180|0x000000070b400000, 0x000000070b400000, 0x000000070b500000|  0%| F|  |TAMS 0x000000070b400000, 0x000000070b400000| Untracked 
| 181|0x000000070b500000, 0x000000070b500000, 0x000000070b600000|  0%| F|  |TAMS 0x000000070b500000, 0x000000070b500000| Untracked 
| 182|0x000000070b600000, 0x000000070b600000, 0x000000070b700000|  0%| F|  |TAMS 0x000000070b600000, 0x000000070b600000| Untracked 
| 183|0x000000070b700000, 0x000000070b700000, 0x000000070b800000|  0%| F|  |TAMS 0x000000070b700000, 0x000000070b700000| Untracked 
| 184|0x000000070b800000, 0x000000070b800000, 0x000000070b900000|  0%| F|  |TAMS 0x000000070b800000, 0x000000070b800000| Untracked 
| 185|0x000000070b900000, 0x000000070b900000, 0x000000070ba00000|  0%| F|  |TAMS 0x000000070b900000, 0x000000070b900000| Untracked 
| 186|0x000000070ba00000, 0x000000070ba00000, 0x000000070bb00000|  0%| F|  |TAMS 0x000000070ba00000, 0x000000070ba00000| Untracked 
| 187|0x000000070bb00000, 0x000000070bb00000, 0x000000070bc00000|  0%| F|  |TAMS 0x000000070bb00000, 0x000000070bb00000| Untracked 
| 188|0x000000070bc00000, 0x000000070bc00000, 0x000000070bd00000|  0%| F|  |TAMS 0x000000070bc00000, 0x000000070bc00000| Untracked 
| 189|0x000000070bd00000, 0x000000070bd00000, 0x000000070be00000|  0%| F|  |TAMS 0x000000070bd00000, 0x000000070bd00000| Untracked 
| 190|0x000000070be00000, 0x000000070be00000, 0x000000070bf00000|  0%| F|  |TAMS 0x000000070be00000, 0x000000070be00000| Untracked 
| 191|0x000000070bf00000, 0x000000070bf00000, 0x000000070c000000|  0%| F|  |TAMS 0x000000070bf00000, 0x000000070bf00000| Untracked 
| 192|0x000000070c000000, 0x000000070c000000, 0x000000070c100000|  0%| F|  |TAMS 0x000000070c000000, 0x000000070c000000| Untracked 
| 193|0x000000070c100000, 0x000000070c100000, 0x000000070c200000|  0%| F|  |TAMS 0x000000070c100000, 0x000000070c100000| Untracked 
| 194|0x000000070c200000, 0x000000070c200000, 0x000000070c300000|  0%| F|  |TAMS 0x000000070c200000, 0x000000070c200000| Untracked 
| 195|0x000000070c300000, 0x000000070c300000, 0x000000070c400000|  0%| F|  |TAMS 0x000000070c300000, 0x000000070c300000| Untracked 
| 196|0x000000070c400000, 0x000000070c400000, 0x000000070c500000|  0%| F|  |TAMS 0x000000070c400000, 0x000000070c400000| Untracked 
| 197|0x000000070c500000, 0x000000070c500000, 0x000000070c600000|  0%| F|  |TAMS 0x000000070c500000, 0x000000070c500000| Untracked 
| 198|0x000000070c600000, 0x000000070c600000, 0x000000070c700000|  0%| F|  |TAMS 0x000000070c600000, 0x000000070c600000| Untracked 
| 199|0x000000070c700000, 0x000000070c700000, 0x000000070c800000|  0%| F|  |TAMS 0x000000070c700000, 0x000000070c700000| Untracked 
| 200|0x000000070c800000, 0x000000070c800000, 0x000000070c900000|  0%| F|  |TAMS 0x000000070c800000, 0x000000070c800000| Untracked 
| 201|0x000000070c900000, 0x000000070c900000, 0x000000070ca00000|  0%| F|  |TAMS 0x000000070c900000, 0x000000070c900000| Untracked 
| 202|0x000000070ca00000, 0x000000070ca00000, 0x000000070cb00000|  0%| F|  |TAMS 0x000000070ca00000, 0x000000070ca00000| Untracked 
| 203|0x000000070cb00000, 0x000000070cb00000, 0x000000070cc00000|  0%| F|  |TAMS 0x000000070cb00000, 0x000000070cb00000| Untracked 
| 204|0x000000070cc00000, 0x000000070cc00000, 0x000000070cd00000|  0%| F|  |TAMS 0x000000070cc00000, 0x000000070cc00000| Untracked 
| 205|0x000000070cd00000, 0x000000070cd00000, 0x000000070ce00000|  0%| F|  |TAMS 0x000000070cd00000, 0x000000070cd00000| Untracked 
| 206|0x000000070ce00000, 0x000000070ce00000, 0x000000070cf00000|  0%| F|  |TAMS 0x000000070ce00000, 0x000000070ce00000| Untracked 
| 207|0x000000070cf00000, 0x000000070cf00000, 0x000000070d000000|  0%| F|  |TAMS 0x000000070cf00000, 0x000000070cf00000| Untracked 
| 208|0x000000070d000000, 0x000000070d000000, 0x000000070d100000|  0%| F|  |TAMS 0x000000070d000000, 0x000000070d000000| Untracked 
| 209|0x000000070d100000, 0x000000070d100000, 0x000000070d200000|  0%| F|  |TAMS 0x000000070d100000, 0x000000070d100000| Untracked 
| 210|0x000000070d200000, 0x000000070d200000, 0x000000070d300000|  0%| F|  |TAMS 0x000000070d200000, 0x000000070d200000| Untracked 
| 211|0x000000070d300000, 0x000000070d300000, 0x000000070d400000|  0%| F|  |TAMS 0x000000070d300000, 0x000000070d300000| Untracked 
| 212|0x000000070d400000, 0x000000070d400000, 0x000000070d500000|  0%| F|  |TAMS 0x000000070d400000, 0x000000070d400000| Untracked 
| 213|0x000000070d500000, 0x000000070d500000, 0x000000070d600000|  0%| F|  |TAMS 0x000000070d500000, 0x000000070d500000| Untracked 
| 214|0x000000070d600000, 0x000000070d600000, 0x000000070d700000|  0%| F|  |TAMS 0x000000070d600000, 0x000000070d600000| Untracked 
| 215|0x000000070d700000, 0x000000070d700000, 0x000000070d800000|  0%| F|  |TAMS 0x000000070d700000, 0x000000070d700000| Untracked 
| 216|0x000000070d800000, 0x000000070d800000, 0x000000070d900000|  0%| F|  |TAMS 0x000000070d800000, 0x000000070d800000| Untracked 
| 217|0x000000070d900000, 0x000000070d900000, 0x000000070da00000|  0%| F|  |TAMS 0x000000070d900000, 0x000000070d900000| Untracked 
| 218|0x000000070da00000, 0x000000070da00000, 0x000000070db00000|  0%| F|  |TAMS 0x000000070da00000, 0x000000070da00000| Untracked 
| 219|0x000000070db00000, 0x000000070db00000, 0x000000070dc00000|  0%| F|  |TAMS 0x000000070db00000, 0x000000070db00000| Untracked 
| 220|0x000000070dc00000, 0x000000070dc00000, 0x000000070dd00000|  0%| F|  |TAMS 0x000000070dc00000, 0x000000070dc00000| Untracked 
| 221|0x000000070dd00000, 0x000000070dd00000, 0x000000070de00000|  0%| F|  |TAMS 0x000000070dd00000, 0x000000070dd00000| Untracked 
| 222|0x000000070de00000, 0x000000070de00000, 0x000000070df00000|  0%| F|  |TAMS 0x000000070de00000, 0x000000070de00000| Untracked 
| 223|0x000000070df00000, 0x000000070df00000, 0x000000070e000000|  0%| F|  |TAMS 0x000000070df00000, 0x000000070df00000| Untracked 
| 224|0x000000070e000000, 0x000000070e000000, 0x000000070e100000|  0%| F|  |TAMS 0x000000070e000000, 0x000000070e000000| Untracked 
| 225|0x000000070e100000, 0x000000070e100000, 0x000000070e200000|  0%| F|  |TAMS 0x000000070e100000, 0x000000070e100000| Untracked 
| 226|0x000000070e200000, 0x000000070e200000, 0x000000070e300000|  0%| F|  |TAMS 0x000000070e200000, 0x000000070e200000| Untracked 
| 227|0x000000070e300000, 0x000000070e300000, 0x000000070e400000|  0%| F|  |TAMS 0x000000070e300000, 0x000000070e300000| Untracked 
| 228|0x000000070e400000, 0x000000070e400000, 0x000000070e500000|  0%| F|  |TAMS 0x000000070e400000, 0x000000070e400000| Untracked 
| 229|0x000000070e500000, 0x000000070e500000, 0x000000070e600000|  0%| F|  |TAMS 0x000000070e500000, 0x000000070e500000| Untracked 
| 230|0x000000070e600000, 0x000000070e600000, 0x000000070e700000|  0%| F|  |TAMS 0x000000070e600000, 0x000000070e600000| Untracked 
| 231|0x000000070e700000, 0x000000070e700000, 0x000000070e800000|  0%| F|  |TAMS 0x000000070e700000, 0x000000070e700000| Untracked 
| 232|0x000000070e800000, 0x000000070e800000, 0x000000070e900000|  0%| F|  |TAMS 0x000000070e800000, 0x000000070e800000| Untracked 
| 233|0x000000070e900000, 0x000000070e900000, 0x000000070ea00000|  0%| F|  |TAMS 0x000000070e900000, 0x000000070e900000| Untracked 
| 234|0x000000070ea00000, 0x000000070ea00000, 0x000000070eb00000|  0%| F|  |TAMS 0x000000070ea00000, 0x000000070ea00000| Untracked 
| 235|0x000000070eb00000, 0x000000070eb00000, 0x000000070ec00000|  0%| F|  |TAMS 0x000000070eb00000, 0x000000070eb00000| Untracked 
| 236|0x000000070ec00000, 0x000000070ec00000, 0x000000070ed00000|  0%| F|  |TAMS 0x000000070ec00000, 0x000000070ec00000| Untracked 
| 237|0x000000070ed00000, 0x000000070ed00000, 0x000000070ee00000|  0%| F|  |TAMS 0x000000070ed00000, 0x000000070ed00000| Untracked 
| 238|0x000000070ee00000, 0x000000070ee00000, 0x000000070ef00000|  0%| F|  |TAMS 0x000000070ee00000, 0x000000070ee00000| Untracked 
| 239|0x000000070ef00000, 0x000000070ef00000, 0x000000070f000000|  0%| F|  |TAMS 0x000000070ef00000, 0x000000070ef00000| Untracked 
| 240|0x000000070f000000, 0x000000070f000000, 0x000000070f100000|  0%| F|  |TAMS 0x000000070f000000, 0x000000070f000000| Untracked 
| 241|0x000000070f100000, 0x000000070f100000, 0x000000070f200000|  0%| F|  |TAMS 0x000000070f100000, 0x000000070f100000| Untracked 
| 242|0x000000070f200000, 0x000000070f200000, 0x000000070f300000|  0%| F|  |TAMS 0x000000070f200000, 0x000000070f200000| Untracked 
| 243|0x000000070f300000, 0x000000070f300000, 0x000000070f400000|  0%| F|  |TAMS 0x000000070f300000, 0x000000070f300000| Untracked 
| 244|0x000000070f400000, 0x000000070f400000, 0x000000070f500000|  0%| F|  |TAMS 0x000000070f400000, 0x000000070f400000| Untracked 
| 245|0x000000070f500000, 0x000000070f500000, 0x000000070f600000|  0%| F|  |TAMS 0x000000070f500000, 0x000000070f500000| Untracked 
| 246|0x000000070f600000, 0x000000070f600000, 0x000000070f700000|  0%| F|  |TAMS 0x000000070f600000, 0x000000070f600000| Untracked 
| 247|0x000000070f700000, 0x000000070f700000, 0x000000070f800000|  0%| F|  |TAMS 0x000000070f700000, 0x000000070f700000| Untracked 
| 248|0x000000070f800000, 0x000000070f800000, 0x000000070f900000|  0%| F|  |TAMS 0x000000070f800000, 0x000000070f800000| Untracked 
| 249|0x000000070f900000, 0x000000070f900000, 0x000000070fa00000|  0%| F|  |TAMS 0x000000070f900000, 0x000000070f900000| Untracked 
| 250|0x000000070fa00000, 0x000000070fa00000, 0x000000070fb00000|  0%| F|  |TAMS 0x000000070fa00000, 0x000000070fa00000| Untracked 
| 251|0x000000070fb00000, 0x000000070fb091e8, 0x000000070fc00000|  3%| E|  |TAMS 0x000000070fb00000, 0x000000070fb00000| Complete 
| 252|0x000000070fc00000, 0x000000070fd00000, 0x000000070fd00000|100%| E|CS|TAMS 0x000000070fc00000, 0x000000070fc00000| Complete 
| 253|0x000000070fd00000, 0x000000070fe00000, 0x000000070fe00000|100%| E|CS|TAMS 0x000000070fd00000, 0x000000070fd00000| Complete 
| 254|0x000000070fe00000, 0x000000070ff00000, 0x000000070ff00000|100%| E|CS|TAMS 0x000000070fe00000, 0x000000070fe00000| Complete 
| 255|0x000000070ff00000, 0x0000000710000000, 0x0000000710000000|100%| E|CS|TAMS 0x000000070ff00000, 0x000000070ff00000| Complete 
| 256|0x0000000710000000, 0x0000000710100000, 0x0000000710100000|100%| E|CS|TAMS 0x0000000710000000, 0x0000000710000000| Complete 
| 257|0x0000000710100000, 0x0000000710200000, 0x0000000710200000|100%| E|CS|TAMS 0x0000000710100000, 0x0000000710100000| Complete 
| 258|0x0000000710200000, 0x0000000710300000, 0x0000000710300000|100%| E|CS|TAMS 0x0000000710200000, 0x0000000710200000| Complete 
| 259|0x0000000710300000, 0x0000000710400000, 0x0000000710400000|100%| E|CS|TAMS 0x0000000710300000, 0x0000000710300000| Complete 
| 260|0x0000000710400000, 0x0000000710500000, 0x0000000710500000|100%| E|CS|TAMS 0x0000000710400000, 0x0000000710400000| Complete 
| 261|0x0000000710500000, 0x0000000710600000, 0x0000000710600000|100%| E|CS|TAMS 0x0000000710500000, 0x0000000710500000| Complete 
| 262|0x0000000710600000, 0x0000000710700000, 0x0000000710700000|100%| E|CS|TAMS 0x0000000710600000, 0x0000000710600000| Complete 
| 263|0x0000000710700000, 0x0000000710800000, 0x0000000710800000|100%| E|CS|TAMS 0x0000000710700000, 0x0000000710700000| Complete 
| 264|0x0000000710800000, 0x0000000710900000, 0x0000000710900000|100%| E|CS|TAMS 0x0000000710800000, 0x0000000710800000| Complete 
| 265|0x0000000710900000, 0x0000000710a00000, 0x0000000710a00000|100%| E|CS|TAMS 0x0000000710900000, 0x0000000710900000| Complete 
| 266|0x0000000710a00000, 0x0000000710b00000, 0x0000000710b00000|100%| E|CS|TAMS 0x0000000710a00000, 0x0000000710a00000| Complete 
| 267|0x0000000710b00000, 0x0000000710c00000, 0x0000000710c00000|100%| E|CS|TAMS 0x0000000710b00000, 0x0000000710b00000| Complete 
| 268|0x0000000710c00000, 0x0000000710d00000, 0x0000000710d00000|100%| E|CS|TAMS 0x0000000710c00000, 0x0000000710c00000| Complete 
| 269|0x0000000710d00000, 0x0000000710e00000, 0x0000000710e00000|100%| E|CS|TAMS 0x0000000710d00000, 0x0000000710d00000| Complete 
| 270|0x0000000710e00000, 0x0000000710f00000, 0x0000000710f00000|100%| E|CS|TAMS 0x0000000710e00000, 0x0000000710e00000| Complete 
| 271|0x0000000710f00000, 0x0000000711000000, 0x0000000711000000|100%| E|CS|TAMS 0x0000000710f00000, 0x0000000710f00000| Complete 
| 272|0x0000000711000000, 0x0000000711100000, 0x0000000711100000|100%| E|CS|TAMS 0x0000000711000000, 0x0000000711000000| Complete 
| 273|0x0000000711100000, 0x0000000711200000, 0x0000000711200000|100%| E|CS|TAMS 0x0000000711100000, 0x0000000711100000| Complete 
| 274|0x0000000711200000, 0x0000000711300000, 0x0000000711300000|100%| E|CS|TAMS 0x0000000711200000, 0x0000000711200000| Complete 
| 275|0x0000000711300000, 0x0000000711400000, 0x0000000711400000|100%| E|CS|TAMS 0x0000000711300000, 0x0000000711300000| Complete 
| 276|0x0000000711400000, 0x0000000711500000, 0x0000000711500000|100%| E|CS|TAMS 0x0000000711400000, 0x0000000711400000| Complete 
| 277|0x0000000711500000, 0x0000000711600000, 0x0000000711600000|100%| E|CS|TAMS 0x0000000711500000, 0x0000000711500000| Complete 
| 278|0x0000000711600000, 0x0000000711700000, 0x0000000711700000|100%| E|CS|TAMS 0x0000000711600000, 0x0000000711600000| Complete 
| 279|0x0000000711700000, 0x0000000711800000, 0x0000000711800000|100%| E|CS|TAMS 0x0000000711700000, 0x0000000711700000| Complete 
| 280|0x0000000711800000, 0x0000000711900000, 0x0000000711900000|100%| E|CS|TAMS 0x0000000711800000, 0x0000000711800000| Complete 
| 281|0x0000000711900000, 0x0000000711a00000, 0x0000000711a00000|100%| E|CS|TAMS 0x0000000711900000, 0x0000000711900000| Complete 
| 282|0x0000000711a00000, 0x0000000711b00000, 0x0000000711b00000|100%| E|CS|TAMS 0x0000000711a00000, 0x0000000711a00000| Complete 
| 283|0x0000000711b00000, 0x0000000711c00000, 0x0000000711c00000|100%| E|CS|TAMS 0x0000000711b00000, 0x0000000711b00000| Complete 
| 284|0x0000000711c00000, 0x0000000711d00000, 0x0000000711d00000|100%| E|CS|TAMS 0x0000000711c00000, 0x0000000711c00000| Complete 
| 285|0x0000000711d00000, 0x0000000711e00000, 0x0000000711e00000|100%| E|CS|TAMS 0x0000000711d00000, 0x0000000711d00000| Complete 
| 286|0x0000000711e00000, 0x0000000711f00000, 0x0000000711f00000|100%| E|CS|TAMS 0x0000000711e00000, 0x0000000711e00000| Complete 
| 287|0x0000000711f00000, 0x0000000712000000, 0x0000000712000000|100%| E|CS|TAMS 0x0000000711f00000, 0x0000000711f00000| Complete 
| 288|0x0000000712000000, 0x0000000712100000, 0x0000000712100000|100%| E|CS|TAMS 0x0000000712000000, 0x0000000712000000| Complete 
|4094|0x00000007ffe00000, 0x00000007ffe48000, 0x00000007fff00000| 28%|OA|  |TAMS 0x00000007ffe48000, 0x00000007ffe00000| Untracked 
|4095|0x00000007fff00000, 0x00000007fff6c000, 0x0000000800000000| 42%|CA|  |TAMS 0x00000007fff6c000, 0x00000007fff00000| Untracked 

Card table byte_map: [0x00007fad49399000,0x00007fad49b99000] _byte_map_base: 0x00007fad45b99000

Marking Bits (Prev, Next): (CMBitMap*) 0x00007fad44060c90, (CMBitMap*) 0x00007fad44060c58
 Prev Bits: [0x00007fad20000000, 0x00007fad24000000)
 Next Bits: [0x00007fad24000000, 0x00007fad28000000)

Polling page: 0x00007fad4aecc000

Metaspace:

Usage:
  Non-class:    132.04 MB capacity,   128.43 MB ( 97%) used,     2.77 MB (  2%) free+waste,   867.19 KB ( <1%) overhead. 
      Class:     24.32 MB capacity,    20.87 MB ( 86%) used,     2.98 MB ( 12%) free+waste,   476.38 KB (  2%) overhead. 
       Both:    156.36 MB capacity,   149.30 MB ( 95%) used,     5.75 MB (  4%) free+waste,     1.31 MB ( <1%) overhead. 

Virtual space:
  Non-class space:      134.00 MB reserved,     132.23 MB ( 99%) committed 
      Class space:        1.00 GB reserved,      24.36 MB (  2%) committed 
             Both:        1.13 GB reserved,     156.59 MB ( 14%) committed 

Chunk freelists:
   Non-Class:  88.00 KB
       Class:  0 bytes
        Both:  88.00 KB

MaxMetaspaceSize: unlimited
CompressedClassSpaceSize: 1.00 GB
Initial GC threshold: 20.80 MB
Current GC threshold: 240.77 MB
CDS: on

CodeHeap 'non-profiled nmethods': size=120032Kb used=4462Kb max_used=4462Kb free=115569Kb
 bounds [0x00007fad3428d000, 0x00007fad346ed000, 0x00007fad3b7c5000]
CodeHeap 'profiled nmethods': size=120028Kb used=15462Kb max_used=15462Kb free=104565Kb
 bounds [0x00007fad2cd56000, 0x00007fad2dc76000, 0x00007fad3428d000]
CodeHeap 'non-nmethods': size=5700Kb used=1599Kb max_used=1626Kb free=4100Kb
 bounds [0x00007fad2c7c5000, 0x00007fad2ca35000, 0x00007fad2cd56000]
 total_blobs=9100 nmethods=8146 adapters=866
 compilation: enabled
              stopped_count=0, restarted_count=0
 full_count=0

Compilation events (20 events):
Event: 15.196 Thread 0x00007fad44155000 nmethod 8151 0x00007fad2dc67a90 code [0x00007fad2dc67c60, 0x00007fad2dc67eb0]
Event: 15.196 Thread 0x00007fad44155000 8152       3       org.apache.spark.ml.linalg.SparseVector$$Lambda$4023/0x00000008417a2c40::<init> (10 bytes)
Event: 15.196 Thread 0x00007fad44155000 nmethod 8152 0x00007fad2dc67f90 code [0x00007fad2dc68140, 0x00007fad2dc68310]
Event: 15.196 Thread 0x00007fad44155000 8153       3       scala.collection.mutable.ArrayOps$ofInt::nonEmpty (5 bytes)
Event: 15.197 Thread 0x00007fad44155000 nmethod 8153 0x00007fad2dc68410 code [0x00007fad2dc68600, 0x00007fad2dc68a70]
Event: 15.197 Thread 0x00007fad44155000 8154       3       org.apache.spark.ml.linalg.SparseVector$$Lambda$4024/0x0000000841818040::get$Lambda (9 bytes)
Event: 15.197 Thread 0x00007fad44155000 nmethod 8154 0x00007fad2dc68c90 code [0x00007fad2dc68e60, 0x00007fad2dc690b0]
Event: 15.197 Thread 0x00007fad44155000 8155       3       org.apache.spark.ml.linalg.SparseVector$$Lambda$4024/0x0000000841818040::<init> (10 bytes)
Event: 15.197 Thread 0x00007fad44155000 nmethod 8155 0x00007fad2dc69190 code [0x00007fad2dc69340, 0x00007fad2dc69510]
Event: 15.197 Thread 0x00007fad44155000 8157       3       org.apache.spark.ml.linalg.SparseVector$$Lambda$4025/0x0000000841818840::<init> (10 bytes)
Event: 15.197 Thread 0x00007fad44155000 nmethod 8157 0x00007fad2dc69610 code [0x00007fad2dc697c0, 0x00007fad2dc69990]
Event: 15.197 Thread 0x00007fad44155000 8162       3       org.apache.spark.ml.feature.VectorAssembler$::assemble (94 bytes)
Event: 15.198 Thread 0x00007fad44155000 nmethod 8162 0x00007fad2dc69a90 code [0x00007fad2dc69d60, 0x00007fad2dc6adf0]
Event: 15.198 Thread 0x00007fad44155000 8163       3       org.apache.spark.ml.linalg.SparseVector::compressed (5 bytes)
Event: 15.198 Thread 0x00007fad44155000 nmethod 8163 0x00007fad2dc6b490 code [0x00007fad2dc6b660, 0x00007fad2dc6b800]
Event: 15.198 Thread 0x00007fad44155000 8164       3       org.apache.spark.ml.linalg.Vector::compressed$ (5 bytes)
Event: 15.198 Thread 0x00007fad44155000 nmethod 8164 0x00007fad2dc6b910 code [0x00007fad2dc6bac0, 0x00007fad2dc6bc40]
Event: 15.198 Thread 0x00007fad44155000 8165       3       org.apache.spark.ml.linalg.Vector::compressed (41 bytes)
Event: 15.198 Thread 0x00007fad44153000 nmethod 7719 0x00007fad346e7290 code [0x00007fad346e7480, 0x00007fad346e7dc8]
Event: 15.198 Thread 0x00007fad44153000 8184       4       scala.collection.Iterator$$anon$12::hasNext (60 bytes)

GC Heap History (20 events):
Event: 5.178 GC heap before
{Heap before GC invocations=18 (full 0):
 garbage-first heap   total 205824K, used 166998K [0x0000000700000000, 0x0000000800000000)
  region size 1024K, 82 young (83968K), 9 survivors (9216K)
 Metaspace       used 64045K, capacity 66028K, committed 66392K, reserved 1105920K
  class space    used 8676K, capacity 9727K, committed 9816K, reserved 1048576K
}
Event: 5.185 GC heap after
{Heap after GC invocations=19 (full 0):
 garbage-first heap   total 247808K, used 95375K [0x0000000700000000, 0x0000000800000000)
  region size 1024K, 8 young (8192K), 8 survivors (8192K)
 Metaspace       used 64045K, capacity 66028K, committed 66392K, reserved 1105920K
  class space    used 8676K, capacity 9727K, committed 9816K, reserved 1048576K
}
Event: 5.796 GC heap before
{Heap before GC invocations=19 (full 0):
 garbage-first heap   total 247808K, used 197775K [0x0000000700000000, 0x0000000800000000)
  region size 1024K, 108 young (110592K), 8 survivors (8192K)
 Metaspace       used 73243K, capacity 75347K, committed 75736K, reserved 1114112K
  class space    used 9825K, capacity 10909K, committed 10968K, reserved 1048576K
}
Event: 5.803 GC heap after
{Heap after GC invocations=20 (full 0):
 garbage-first heap   total 247808K, used 98406K [0x0000000700000000, 0x0000000800000000)
  region size 1024K, 11 young (11264K), 11 survivors (11264K)
 Metaspace       used 73243K, capacity 75347K, committed 75736K, reserved 1114112K
  class space    used 9825K, capacity 10909K, committed 10968K, reserved 1048576K
}
Event: 6.026 GC heap before
{Heap before GC invocations=20 (full 0):
 garbage-first heap   total 247808K, used 129126K [0x0000000700000000, 0x0000000800000000)
  region size 1024K, 42 young (43008K), 11 survivors (11264K)
 Metaspace       used 76079K, capacity 78174K, committed 78424K, reserved 1116160K
  class space    used 10168K, capacity 11280K, committed 11352K, reserved 1048576K
}
Event: 6.033 GC heap after
{Heap after GC invocations=21 (full 0):
 garbage-first heap   total 247808K, used 99724K [0x0000000700000000, 0x0000000800000000)
  region size 1024K, 8 young (8192K), 8 survivors (8192K)
 Metaspace       used 76079K, capacity 78174K, committed 78424K, reserved 1116160K
  class space    used 10168K, capacity 11280K, committed 11352K, reserved 1048576K
}
Event: 9.509 GC heap before
{Heap before GC invocations=22 (full 0):
 garbage-first heap   total 247808K, used 190860K [0x0000000700000000, 0x0000000800000000)
  region size 1024K, 97 young (99328K), 8 survivors (8192K)
 Metaspace       used 94638K, capacity 97535K, committed 97880K, reserved 1132544K
  class space    used 12868K, capacity 14372K, committed 14424K, reserved 1048576K
}
Event: 9.516 GC heap after
{Heap after GC invocations=23 (full 0):
 garbage-first heap   total 247808K, used 103067K [0x0000000700000000, 0x0000000800000000)
  region size 1024K, 8 young (8192K), 8 survivors (8192K)
 Metaspace       used 94638K, capacity 97535K, committed 97880K, reserved 1132544K
  class space    used 12868K, capacity 14372K, committed 14424K, reserved 1048576K
}
Event: 10.828 GC heap before
{Heap before GC invocations=23 (full 0):
 garbage-first heap   total 247808K, used 195227K [0x0000000700000000, 0x0000000800000000)
  region size 1024K, 98 young (100352K), 8 survivors (8192K)
 Metaspace       used 105474K, capacity 109329K, committed 109656K, reserved 1142784K
  class space    used 14679K, capacity 16698K, committed 16728K, reserved 1048576K
}
Event: 10.840 GC heap after
{Heap after GC invocations=24 (full 0):
 garbage-first heap   total 247808K, used 105905K [0x0000000700000000, 0x0000000800000000)
  region size 1024K, 8 young (8192K), 8 survivors (8192K)
 Metaspace       used 105474K, capacity 109329K, committed 109656K, reserved 1142784K
  class space    used 14679K, capacity 16698K, committed 16728K, reserved 1048576K
}
Event: 11.303 GC heap before
{Heap before GC invocations=24 (full 0):
 garbage-first heap   total 247808K, used 198065K [0x0000000700000000, 0x0000000800000000)
  region size 1024K, 98 young (100352K), 8 survivors (8192K)
 Metaspace       used 112014K, capacity 116016K, committed 116440K, reserved 1148928K
  class space    used 15408K, capacity 17504K, committed 17624K, reserved 1048576K
}
Event: 11.309 GC heap after
{Heap after GC invocations=25 (full 0):
 garbage-first heap   total 297984K, used 109303K [0x0000000700000000, 0x0000000800000000)
  region size 1024K, 11 young (11264K), 11 survivors (11264K)
 Metaspace       used 112014K, capacity 116016K, committed 116440K, reserved 1148928K
  class space    used 15408K, capacity 17504K, committed 17624K, reserved 1048576K
}
Event: 12.424 GC heap before
{Heap before GC invocations=25 (full 0):
 garbage-first heap   total 297984K, used 240375K [0x0000000700000000, 0x0000000800000000)
  region size 1024K, 130 young (133120K), 11 survivors (11264K)
 Metaspace       used 125808K, capacity 131013K, committed 131136K, reserved 1161216K
  class space    used 17435K, capacity 20033K, committed 20056K, reserved 1048576K
}
Event: 12.433 GC heap after
{Heap after GC invocations=26 (full 0):
 garbage-first heap   total 297984K, used 112183K [0x0000000700000000, 0x0000000800000000)
  region size 1024K, 10 young (10240K), 10 survivors (10240K)
 Metaspace       used 125808K, capacity 131013K, committed 131136K, reserved 1161216K
  class space    used 17435K, capacity 20033K, committed 20056K, reserved 1048576K
}
Event: 12.442 GC heap before
{Heap before GC invocations=26 (full 0):
 garbage-first heap   total 297984K, used 113207K [0x0000000700000000, 0x0000000800000000)
  region size 1024K, 12 young (12288K), 10 survivors (10240K)
 Metaspace       used 125894K, capacity 131047K, committed 131136K, reserved 1161216K
  class space    used 17458K, capacity 20050K, committed 20056K, reserved 1048576K
}
Event: 12.450 GC heap after
{Heap after GC invocations=27 (full 0):
 garbage-first heap   total 297984K, used 112141K [0x0000000700000000, 0x0000000800000000)
  region size 1024K, 7 young (7168K), 7 survivors (7168K)
 Metaspace       used 125894K, capacity 131047K, committed 131136K, reserved 1161216K
  class space    used 17458K, capacity 20050K, committed 20056K, reserved 1048576K
}
Event: 13.746 GC heap before
{Heap before GC invocations=28 (full 0):
 garbage-first heap   total 297984K, used 241165K [0x0000000700000000, 0x0000000800000000)
  region size 1024K, 129 young (132096K), 7 survivors (7168K)
 Metaspace       used 140190K, capacity 147186K, committed 147288K, reserved 1173504K
  class space    used 19947K, capacity 23376K, committed 23408K, reserved 1048576K
}
Event: 13.775 GC heap after
{Heap after GC invocations=29 (full 0):
 garbage-first heap   total 297984K, used 117595K [0x0000000700000000, 0x0000000800000000)
  region size 1024K, 12 young (12288K), 12 survivors (12288K)
 Metaspace       used 140190K, capacity 147186K, committed 147288K, reserved 1173504K
  class space    used 19947K, capacity 23376K, committed 23408K, reserved 1048576K
}
Event: 14.764 GC heap before
{Heap before GC invocations=30 (full 0):
 garbage-first heap   total 297984K, used 240475K [0x0000000700000000, 0x0000000800000000)
  region size 1024K, 133 young (136192K), 12 survivors (12288K)
 Metaspace       used 150289K, capacity 157272K, committed 157784K, reserved 1183744K
  class space    used 20946K, capacity 24393K, committed 24432K, reserved 1048576K
}
Event: 14.774 GC heap after
{Heap after GC invocations=31 (full 0):
 garbage-first heap   total 297984K, used 119769K [0x0000000700000000, 0x0000000800000000)
  region size 1024K, 11 young (11264K), 11 survivors (11264K)
 Metaspace       used 150289K, capacity 157272K, committed 157784K, reserved 1183744K
  class space    used 20946K, capacity 24393K, committed 24432K, reserved 1048576K
}

Deoptimization events (20 events):
Event: 14.308 Thread 0x00007fac9c038800 DEOPT PACKING pc=0x00007fad2d1acc2d sp=0x00007fac19e80f40
Event: 14.308 Thread 0x00007fac9c038800 DEOPT UNPACKING pc=0x00007fad2c80f64a sp=0x00007fac19e80458 mode 0
Event: 14.467 Thread 0x00007fac9c038800 Uncommon trap: trap_request=0xffffff4d fr.pc=0x00007fad34668c38 relative=0x0000000000000378
Event: 14.467 Thread 0x00007fac9c038800 Uncommon trap: reason=unstable_if action=reinterpret pc=0x00007fad34668c38 method=java.lang.Class.searchMethods([Ljava/lang/reflect/Method;Ljava/lang/String;[Ljava/lang/Class;)Ljava/lang/reflect/Method; @ 54 c2
Event: 14.467 Thread 0x00007fac9c038800 DEOPT PACKING pc=0x00007fad34668c38 sp=0x00007fac19e7d2b0
Event: 14.467 Thread 0x00007fac9c038800 DEOPT UNPACKING pc=0x00007fad2c80eea5 sp=0x00007fac19e7d258 mode 2
Event: 14.883 Thread 0x00007fac9c038800 DEOPT PACKING pc=0x00007fad2d52cce0 sp=0x00007fac19e81eb0
Event: 14.883 Thread 0x00007fac9c038800 DEOPT UNPACKING pc=0x00007fad2c80f64a sp=0x00007fac19e81368 mode 0
Event: 14.958 Thread 0x00007fac9c038800 Uncommon trap: trap_request=0xffffff76 fr.pc=0x00007fad346a1630 relative=0x0000000000003470
Event: 14.958 Thread 0x00007fac9c038800 Uncommon trap: reason=loop_limit_check action=maybe_recompile pc=0x00007fad346a1630 method=java.lang.invoke.LambdaForm.useCount(Ljava/lang/invoke/LambdaForm$Name;)I @ 62 c2
Event: 14.958 Thread 0x00007fac9c038800 DEOPT PACKING pc=0x00007fad346a1630 sp=0x00007fac19e81200
Event: 14.958 Thread 0x00007fac9c038800 DEOPT UNPACKING pc=0x00007fad2c80eea5 sp=0x00007fac19e81128 mode 2
Event: 15.088 Thread 0x00007fac9c038800 Uncommon trap: trap_request=0xffffff4d fr.pc=0x00007fad3462c6c0 relative=0x0000000000000520
Event: 15.088 Thread 0x00007fac9c038800 Uncommon trap: reason=unstable_if action=reinterpret pc=0x00007fad3462c6c0 method=jdk.internal.org.objectweb.asm.Type.getArgumentsAndReturnSizes(Ljava/lang/String;)I @ 112 c2
Event: 15.088 Thread 0x00007fac9c038800 DEOPT PACKING pc=0x00007fad3462c6c0 sp=0x00007fac19e81130
Event: 15.088 Thread 0x00007fac9c038800 DEOPT UNPACKING pc=0x00007fad2c80eea5 sp=0x00007fac19e810e8 mode 2
Event: 15.088 Thread 0x00007fac9c038800 Uncommon trap: trap_request=0xffffff4d fr.pc=0x00007fad346c8900 relative=0x0000000000001e80
Event: 15.088 Thread 0x00007fac9c038800 Uncommon trap: reason=unstable_if action=reinterpret pc=0x00007fad346c8900 method=jdk.internal.org.objectweb.asm.Type.getArgumentsAndReturnSizes(Ljava/lang/String;)I @ 112 c2
Event: 15.088 Thread 0x00007fac9c038800 DEOPT PACKING pc=0x00007fad346c8900 sp=0x00007fac19e81290
Event: 15.088 Thread 0x00007fac9c038800 DEOPT UNPACKING pc=0x00007fad2c80eea5 sp=0x00007fac19e810d8 mode 2

Classes redefined (0 events):
No events

Internal exceptions (20 events):
Event: 13.580 Thread 0x00007fac9c038800 Exception <a 'java/lang/NoSuchMethodError'{0x000000070b4d63b0}: 'java.lang.Object java.lang.invoke.DirectMethodHandle$Holder.invokeStatic(java.lang.Object, java.lang.Object, java.lang.Object, java.lang.Object, java.lang.Object, java.lang.Object, java.lang.Object, java.lang.Object, java.lang.Object, java.lang.Object, java.lang.Object, java.lang.Object, java.lang.Object, java.lang.Object, java.lang.Object, java.lang.Object, java.lang.Object, java.lang.Object, java.lang.Object, java.lang.Object, java.lang.Obj
Event: 13.582 Thread 0x00007fac9c038800 Exception <a 'java/lang/NoSuchMethodError'{0x000000070b346948}: 'java.lang.Object java.lang.invoke.DirectMethodHandle$Holder.invokeSpecial(java.lang.Object, java.lang.Object, java.lang.Object, java.lang.Object, java.lang.Object, java.lang.Object, java.lang.Object, java.lang.Object, java.lang.Object, java.lang.Object, java.lang.Object, java.lang.Object, java.lang.Object, java.lang.Object, java.lang.Object, java.lang.Object, java.lang.Object, java.lang.Object, java.lang.Object, java.lang.Object, java.lang.Ob
Event: 13.583 Thread 0x00007fac9c038800 Exception <a 'java/lang/NoSuchMethodError'{0x000000070b34f380}: 'java.lang.Object java.lang.invoke.DelegatingMethodHandle$Holder.delegate(java.lang.Object, java.lang.Object, java.lang.Object, java.lang.Object, java.lang.Object, java.lang.Object, java.lang.Object, java.lang.Object, java.lang.Object, java.lang.Object, java.lang.Object, java.lang.Object, java.lang.Object, java.lang.Object, java.lang.Object, java.lang.Object, java.lang.Object, java.lang.Object, java.lang.Object, java.lang.Object, java.lang.Obj
Event: 13.585 Thread 0x00007fac9c038800 Exception <a 'java/lang/NoSuchMethodError'{0x000000070b3de0e8}: 'java.lang.Object java.lang.invoke.DelegatingMethodHandle$Holder.reinvoke_L(java.lang.Object, java.lang.Object, java.lang.Object, java.lang.Object, java.lang.Object, java.lang.Object, java.lang.Object, java.lang.Object, java.lang.Object, java.lang.Object, java.lang.Object, java.lang.Object, java.lang.Object, java.lang.Object, java.lang.Object, java.lang.Object, java.lang.Object, java.lang.Object, java.lang.Object, java.lang.Object, java.lang.O
Event: 13.591 Thread 0x00007fac9c038800 Exception <a 'java/lang/NoSuchMethodError'{0x000000070b1404a0}: 'java.lang.Object java.lang.invoke.Invokers$Holder.invoker(java.lang.Object, java.lang.Object, java.lang.Object, java.lang.Object, java.lang.Object, java.lang.Object, java.lang.Object, java.lang.Object, java.lang.Object, java.lang.Object, java.lang.Object, java.lang.Object, java.lang.Object, java.lang.Object, java.lang.Object, java.lang.Object, java.lang.Object, java.lang.Object, java.lang.Object, java.lang.Object, java.lang.Object, java.lang.
Event: 13.591 Thread 0x00007fac9c038800 Exception <a 'java/lang/NoSuchMethodError'{0x000000070b14af58}: 'java.lang.Object java.lang.invoke.DirectMethodHandle$Holder.invokeSpecial(java.lang.Object, java.lang.Object, java.lang.Object, java.lang.Object, java.lang.Object, java.lang.Object, java.lang.Object, java.lang.Object, java.lang.Object, java.lang.Object, java.lang.Object, java.lang.Object, java.lang.Object, java.lang.Object, java.lang.Object, java.lang.Object, java.lang.Object, java.lang.Object, java.lang.Object, java.lang.Object, java.lang.Ob
Event: 13.591 Thread 0x00007fac9c038800 Exception <a 'java/lang/NoSuchMethodError'{0x000000070b1541a8}: 'java.lang.Object java.lang.invoke.DelegatingMethodHandle$Holder.delegate(java.lang.Object, java.lang.Object, java.lang.Object, java.lang.Object, java.lang.Object, java.lang.Object, java.lang.Object, java.lang.Object, java.lang.Object, java.lang.Object, java.lang.Object, java.lang.Object, java.lang.Object, java.lang.Object, java.lang.Object, java.lang.Object, java.lang.Object, java.lang.Object, java.lang.Object, java.lang.Object, java.lang.Obj
Event: 13.602 Thread 0x00007fac9c038800 Exception <a 'java/lang/NoSuchMethodError'{0x000000070b021f70}: 'java.lang.Object java.lang.invoke.DelegatingMethodHandle$Holder.reinvoke_L(java.lang.Object, java.lang.Object, int, java.lang.Object, java.lang.Object, java.lang.Object, java.lang.Object)'> (0x000000070b021f70) thrown at [./src/hotspot/share/interpreter/linkResolver.cpp, line 772]
Event: 13.606 Thread 0x00007fac9c038800 Exception <a 'java/lang/NoSuchMethodError'{0x000000070b0a4b08}: 'java.lang.Object java.lang.invoke.DirectMethodHandle$Holder.invokeSpecial(java.lang.Object, java.lang.Object, java.lang.Object, java.lang.Object, java.lang.Object, java.lang.Object, java.lang.Object, java.lang.Object, java.lang.Object, java.lang.Object, java.lang.Object, java.lang.Object, java.lang.Object, java.lang.Object, java.lang.Object, java.lang.Object, java.lang.Object, java.lang.Object, java.lang.Object)'> (0x000000070b0a4b08) thrown 
Event: 13.606 Thread 0x00007fac9c038800 Exception <a 'java/lang/NoSuchMethodError'{0x000000070b0aa898}: 'java.lang.Object java.lang.invoke.DelegatingMethodHandle$Holder.reinvoke_L(java.lang.Object, java.lang.Object, java.lang.Object, java.lang.Object, java.lang.Object, java.lang.Object, java.lang.Object, java.lang.Object, java.lang.Object, java.lang.Object, java.lang.Object, java.lang.Object, java.lang.Object, java.lang.Object, java.lang.Object, java.lang.Object, java.lang.Object, java.lang.Object)'> (0x000000070b0aa898) thrown at [./src/hotspot
Event: 13.607 Thread 0x00007fac9c038800 Exception <a 'java/lang/NoSuchMethodError'{0x000000070b0d1db8}: 'java.lang.Object java.lang.invoke.Invokers$Holder.invoker(java.lang.Object, java.lang.Object, java.lang.Object, java.lang.Object, java.lang.Object, java.lang.Object, java.lang.Object, java.lang.Object, java.lang.Object, java.lang.Object, java.lang.Object, java.lang.Object, java.lang.Object, java.lang.Object, java.lang.Object, java.lang.Object, java.lang.Object, java.lang.Object, java.lang.Object)'> (0x000000070b0d1db8) thrown at [./src/hotspo
Event: 13.607 Thread 0x00007fac9c038800 Exception <a 'java/lang/NoSuchMethodError'{0x000000070b0d7c38}: 'java.lang.Object java.lang.invoke.DirectMethodHandle$Holder.invokeSpecial(java.lang.Object, java.lang.Object, java.lang.Object, java.lang.Object, java.lang.Object, java.lang.Object, java.lang.Object, java.lang.Object, java.lang.Object, java.lang.Object, java.lang.Object, java.lang.Object, java.lang.Object, java.lang.Object, java.lang.Object, java.lang.Object, java.lang.Object, java.lang.Object, java.lang.Object, java.lang.Object)'> (0x0000000
Event: 13.607 Thread 0x00007fac9c038800 Exception <a 'java/lang/NoSuchMethodError'{0x000000070b0dce00}: 'java.lang.Object java.lang.invoke.DelegatingMethodHandle$Holder.delegate(java.lang.Object, java.lang.Object, java.lang.Object, java.lang.Object, java.lang.Object, java.lang.Object, java.lang.Object, java.lang.Object, java.lang.Object, java.lang.Object, java.lang.Object, java.lang.Object, java.lang.Object, java.lang.Object, java.lang.Object, java.lang.Object, java.lang.Object, java.lang.Object, java.lang.Object)'> (0x000000070b0dce00) thrown a
Event: 13.608 Thread 0x00007fac9c038800 Exception <a 'java/lang/NoSuchMethodError'{0x000000070b0f1870}: 'java.lang.Object java.lang.invoke.Invokers$Holder.invoker(java.lang.Object, java.lang.Object, java.lang.Object, java.lang.Object, java.lang.Object)'> (0x000000070b0f1870) thrown at [./src/hotspot/share/interpreter/linkResolver.cpp, line 772]
Event: 14.283 Thread 0x00007fac9c038800 Exception <a 'java/lang/ClassCastException'{0x000000070e296158}: class org.apache.commons.logging.impl.SLF4JLogFactory cannot be cast to class software.amazon.awssdk.thirdparty.org.apache.commons.logging.LogFactory (org.apache.commons.logging.impl.SLF4JLogFactory and software.amazon.awssdk.thirdparty.org.apache.commons.logging.LogFactory are in unnamed module of loader 'app')> (0x000000070e296158) thrown at [./src/hotspot/share/interpreter/interpreterRuntime.cpp, line 459]
Event: 14.283 Thread 0x00007fac9c038800 Exception <a 'java/lang/ClassCastException'{0x000000070e2970f8}: class org.apache.commons.logging.impl.SLF4JLogFactory cannot be cast to class software.amazon.awssdk.thirdparty.org.apache.commons.logging.LogFactory (org.apache.commons.logging.impl.SLF4JLogFactory and software.amazon.awssdk.thirdparty.org.apache.commons.logging.LogFactory are in unnamed module of loader 'app')> (0x000000070e2970f8) thrown at [./src/hotspot/share/interpreter/interpreterRuntime.cpp, line 459]
Event: 14.542 Thread 0x00007fac9c038800 Exception <a 'java/net/SocketException'{0x000000070caf9480}: Socket closed> (0x000000070caf9480) thrown at [./src/hotspot/share/prims/jni.cpp, line 638]
Event: 14.958 Thread 0x00007fac9c038800 Exception <a 'java/lang/NoSuchMethodError'{0x00000007107c4290}: 'java.lang.Object java.lang.invoke.DirectMethodHandle$Holder.invokeStatic(java.lang.Object, int, java.lang.Object, java.lang.Object, java.lang.Object, java.lang.Object, java.lang.Object, java.lang.Object)'> (0x00000007107c4290) thrown at [./src/hotspot/share/interpreter/linkResolver.cpp, line 772]
Event: 14.959 Thread 0x00007fac9c038800 Exception <a 'java/lang/NoSuchMethodError'{0x00000007107cda18}: 'java.lang.Object java.lang.invoke.DirectMethodHandle$Holder.invokeStatic(java.lang.Object, int, java.lang.Object, java.lang.Object, java.lang.Object, java.lang.Object, java.lang.Object)'> (0x00000007107cda18) thrown at [./src/hotspot/share/interpreter/linkResolver.cpp, line 772]
Event: 14.975 Thread 0x00007fac9c038800 Exception <a 'java/lang/NoSuchMethodError'{0x0000000710631450}: 'void java.lang.invoke.DirectMethodHandle$Holder.invokeStatic(java.lang.Object, java.lang.Object, double)'> (0x0000000710631450) thrown at [./src/hotspot/share/interpreter/linkResolver.cpp, line 772]

Events (20 events):
Event: 15.089 loading class scala/Function0
Event: 15.089 loading class scala/Function0 done
Event: 15.090 loading class scala/Function0
Event: 15.090 loading class scala/Function0 done
Event: 15.090 loading class org/apache/spark/ml/stat/SummarizerBuffer
Event: 15.090 loading class org/apache/spark/ml/stat/SummarizerBuffer done
Event: 15.090 loading class org/apache/spark/ml/stat/SummarizerBuffer
Event: 15.090 loading class org/apache/spark/ml/stat/SummarizerBuffer done
Event: 15.091 loading class scala/Tuple2
Event: 15.091 loading class scala/Tuple2 done
Event: 15.091 loading class scala/Tuple2
Event: 15.091 loading class scala/Tuple2 done
Event: 15.091 loading class scala/Function1
Event: 15.091 loading class scala/Function1 done
Event: 15.196 loading class org/apache/iceberg/shaded/io/netty/buffer/PoolArena$SizeClass
Event: 15.196 loading class org/apache/iceberg/shaded/io/netty/buffer/PoolArena$SizeClass done
Event: 15.196 loading class org/apache/iceberg/shaded/io/netty/buffer/PoolThreadCache$1
Event: 15.196 loading class org/apache/iceberg/shaded/io/netty/buffer/PoolThreadCache$1 done
Event: 15.197 loading class org/apache/iceberg/shaded/io/netty/buffer/PoolArena$1
Event: 15.197 loading class org/apache/iceberg/shaded/io/netty/buffer/PoolArena$1 done


Dynamic libraries:
700000000-712100000 rw-p 00000000 00:00 0 
712100000-7ffe00000 ---p 00000000 00:00 0 
7ffe00000-7ffe48000 rw-p 00b14000 08:30 422983                           /usr/lib/jvm/java-11-openjdk-amd64/lib/server/classes.jsa
7ffe48000-7fff00000 rw-p 00000000 00:00 0 
7fff00000-7fff6c000 rw-p 00aa8000 08:30 422983                           /usr/lib/jvm/java-11-openjdk-amd64/lib/server/classes.jsa
7fff6c000-800000000 rw-p 00000000 00:00 0 
800000000-800002000 rwxp 00001000 08:30 422983                           /usr/lib/jvm/java-11-openjdk-amd64/lib/server/classes.jsa
800002000-8003ce000 rw-p 00003000 08:30 422983                           /usr/lib/jvm/java-11-openjdk-amd64/lib/server/classes.jsa
8003ce000-800aa6000 r--p 003cf000 08:30 422983                           /usr/lib/jvm/java-11-openjdk-amd64/lib/server/classes.jsa
800aa6000-800aa7000 rw-p 00aa7000 08:30 422983                           /usr/lib/jvm/java-11-openjdk-amd64/lib/server/classes.jsa
840000000-84185c000 rw-p 00000000 00:00 0 
84185c000-880000000 ---p 00000000 00:00 0 
5632efc27000-5632efc28000 r--p 00000000 08:30 424198                     /usr/lib/jvm/java-11-openjdk-amd64/bin/java
5632efc28000-5632efc29000 r-xp 00001000 08:30 424198                     /usr/lib/jvm/java-11-openjdk-amd64/bin/java
5632efc29000-5632efc2a000 r--p 00002000 08:30 424198                     /usr/lib/jvm/java-11-openjdk-amd64/bin/java
5632efc2a000-5632efc2b000 r--p 00002000 08:30 424198                     /usr/lib/jvm/java-11-openjdk-amd64/bin/java
5632efc2b000-5632efc2c000 rw-p 00003000 08:30 424198                     /usr/lib/jvm/java-11-openjdk-amd64/bin/java
5633127e8000-56331282a000 rw-p 00000000 00:00 0                          [heap]
7fac18899000-7fac188d9000 rw-p 00000000 00:00 0 
7fac188d9000-7fac18a99000 ---p 00000000 00:00 0 
7fac18a99000-7fac1909a000 rw-p 00000000 00:00 0 
7fac1909a000-7fac1929a000 rw-p 00000000 00:00 0 
7fac1929a000-7fac1949a000 rw-p 00000000 00:00 0 
7fac1949a000-7fac19584000 r-xp 00000000 08:30 202211                     /tmp/libzstd-jni-1.5.5-48624167435820841141.so (deleted)
7fac19584000-7fac19783000 ---p 000ea000 08:30 202211                     /tmp/libzstd-jni-1.5.5-48624167435820841141.so (deleted)
7fac19783000-7fac19784000 rw-p 000e9000 08:30 202211                     /tmp/libzstd-jni-1.5.5-48624167435820841141.so (deleted)
7fac19784000-7fac19984000 rw-p 00000000 00:00 0 
7fac19984000-7fac19b84000 rw-p 00000000 00:00 0 
7fac19b84000-7fac19d84000 rw-p 00000000 00:00 0 
7fac19d84000-7fac19d88000 ---p 00000000 00:00 0 
7fac19d88000-7fac1a085000 rw-p 00000000 00:00 0 
7fac1a085000-7fac1a285000 rw-p 00000000 00:00 0 
7fac1a285000-7fac1a485000 rw-p 00000000 00:00 0 
7fac1a485000-7fac1a685000 rw-p 00000000 00:00 0 
7fac1a685000-7fac1a885000 rw-p 00000000 00:00 0 
7fac1a885000-7fac1aa7f000 rw-p 00000000 00:00 0 
7fac1aa7f000-7fac1aa85000 ---p 00000000 00:00 0 
7fac1aa85000-7fac1ac85000 rw-p 00000000 00:00 0 
7fac1ac85000-7fac1aca9000 r-xp 00000000 08:30 202206                     /tmp/liblz4-java-839868689673520883.so
7fac1aca9000-7fac1aea8000 ---p 00024000 08:30 202206                     /tmp/liblz4-java-839868689673520883.so
7fac1aea8000-7fac1aea9000 rw-p 00023000 08:30 202206                     /tmp/liblz4-java-839868689673520883.so
7fac1aea9000-7fac1b0a9000 rw-p 00000000 00:00 0 
7fac1b0a9000-7fac1b2a9000 rw-p 00000000 00:00 0 
7fac1b2a9000-7fac1b2eb000 r-xp 00000000 08:30 202203                     /tmp/snappy-1.1.10-ed06572f-85b5-48cc-8f62-7099066a3a41-libsnappyjava.so
7fac1b2eb000-7fac1b4ea000 ---p 00042000 08:30 202203                     /tmp/snappy-1.1.10-ed06572f-85b5-48cc-8f62-7099066a3a41-libsnappyjava.so
7fac1b4ea000-7fac1b4ed000 rw-p 00041000 08:30 202203                     /tmp/snappy-1.1.10-ed06572f-85b5-48cc-8f62-7099066a3a41-libsnappyjava.so
7fac1b4ed000-7fac1b6ff000 rw-p 00000000 00:00 0 
7fac1b6ff000-7fac1b8ff000 rw-p 00000000 00:00 0 
7fac1b8ff000-7fac1baff000 rw-p 00000000 00:00 0 
7fac1baff000-7fac1bcff000 rw-p 00000000 00:00 0 
7fac1bcff000-7fac1bd03000 ---p 00000000 00:00 0 
7fac1bd03000-7fac1c000000 rw-p 00000000 00:00 0 
7fac1c000000-7fac1d1a3000 rw-p 00000000 00:00 0 
7fac1d1a3000-7fac20000000 ---p 00000000 00:00 0 
7fac20000000-7fac20021000 rw-p 00000000 00:00 0 
7fac20021000-7fac24000000 ---p 00000000 00:00 0 
7fac240be000-7fac242be000 rw-p 00000000 00:00 0 
7fac242be000-7fac244be000 rw-p 00000000 00:00 0 
7fac244be000-7fac246be000 rw-p 00000000 00:00 0 
7fac246be000-7fac248be000 rw-p 00000000 00:00 0 
7fac248be000-7fac24abe000 rw-p 00000000 00:00 0 
7fac24abe000-7fac24cbe000 rw-p 00000000 00:00 0 
7fac24cbe000-7fac24ebe000 rw-p 00000000 00:00 0 
7fac24ebe000-7fac250be000 rw-p 00000000 00:00 0 
7fac250be000-7fac252be000 rw-p 00000000 00:00 0 
7fac252be000-7fac254be000 rw-p 00000000 00:00 0 
7fac254be000-7fac256be000 rw-p 00000000 00:00 0 
7fac256be000-7fac258be000 rw-p 00000000 00:00 0 
7fac258be000-7fac25abe000 rw-p 00000000 00:00 0 
7fac25abe000-7fac25cbe000 rw-p 00000000 00:00 0 
7fac25cbe000-7fac25ebe000 rw-p 00000000 00:00 0 
7fac25ef9000-7fac260f9000 rw-p 00000000 00:00 0 
7fac260f9000-7fac262f9000 rw-p 00000000 00:00 0 
7fac262f9000-7fac264f9000 rw-p 00000000 00:00 0 
7fac264f9000-7fac266f9000 rw-p 00000000 00:00 0 
7fac266f9000-7fac268f9000 rw-p 00000000 00:00 0 
7fac268f9000-7fac26af9000 rw-p 00000000 00:00 0 
7fac26af9000-7fac26cf9000 rw-p 00000000 00:00 0 
7fac26cf9000-7fac26ef9000 rw-p 00000000 00:00 0 
7fac26ef9000-7fac26efd000 ---p 00000000 00:00 0 
7fac26efd000-7fac271fa000 rw-p 00000000 00:00 0 
7fac271fa000-7fac273fa000 rw-p 00000000 00:00 0 
7fac273fa000-7fac275fa000 rw-p 00000000 00:00 0 
7fac275fa000-7fac277fa000 rw-p 00000000 00:00 0 
7fac277fa000-7fac277fb000 ---p 00000000 00:00 0 
7fac277fb000-7fac278fb000 rw-p 00000000 00:00 0 
7fac278fb000-7fac278fc000 ---p 00000000 00:00 0 
7fac278fc000-7fac279fc000 rw-p 00000000 00:00 0 
7fac279fc000-7fac27a00000 ---p 00000000 00:00 0 
7fac27a00000-7fac27cfd000 rw-p 00000000 00:00 0 
7fac27cfd000-7fac27d01000 ---p 00000000 00:00 0 
7fac27d01000-7fac27dfe000 rw-p 00000000 00:00 0 
7fac27dfe000-7fac27e02000 ---p 00000000 00:00 0 
7fac27e02000-7fac27eff000 rw-p 00000000 00:00 0 
7fac27eff000-7fac27f03000 ---p 00000000 00:00 0 
7fac27f03000-7fac28000000 rw-p 00000000 00:00 0 
7fac28000000-7fac28021000 rw-p 00000000 00:00 0 
7fac28021000-7fac2c000000 ---p 00000000 00:00 0 
7fac2c000000-7fac2c0dc000 rw-p 00000000 00:00 0 
7fac2c0dc000-7fac30000000 ---p 00000000 00:00 0 
7fac30000000-7fac30086000 rw-p 00000000 00:00 0 
7fac30086000-7fac34000000 ---p 00000000 00:00 0 
7fac34000000-7fac34021000 rw-p 00000000 00:00 0 
7fac34021000-7fac38000000 ---p 00000000 00:00 0 
7fac38000000-7fac38021000 rw-p 00000000 00:00 0 
7fac38021000-7fac3c000000 ---p 00000000 00:00 0 
7fac3c000000-7fac3c021000 rw-p 00000000 00:00 0 
7fac3c021000-7fac40000000 ---p 00000000 00:00 0 
7fac40000000-7fac40021000 rw-p 00000000 00:00 0 
7fac40021000-7fac44000000 ---p 00000000 00:00 0 
7fac44000000-7fac44021000 rw-p 00000000 00:00 0 
7fac44021000-7fac48000000 ---p 00000000 00:00 0 
7fac48000000-7fac48021000 rw-p 00000000 00:00 0 
7fac48021000-7fac4c000000 ---p 00000000 00:00 0 
7fac4c000000-7fac4c049000 rw-p 00000000 00:00 0 
7fac4c049000-7fac50000000 ---p 00000000 00:00 0 
7fac50000000-7fac50414000 rw-p 00000000 00:00 0 
7fac50414000-7fac54000000 ---p 00000000 00:00 0 
7fac54000000-7fac54021000 rw-p 00000000 00:00 0 
7fac54021000-7fac58000000 ---p 00000000 00:00 0 
7fac58000000-7fac58021000 rw-p 00000000 00:00 0 
7fac58021000-7fac5c000000 ---p 00000000 00:00 0 
7fac5c000000-7fac5c021000 rw-p 00000000 00:00 0 
7fac5c021000-7fac60000000 ---p 00000000 00:00 0 
7fac60000000-7fac60021000 rw-p 00000000 00:00 0 
7fac60021000-7fac64000000 ---p 00000000 00:00 0 
7fac64000000-7fac64021000 rw-p 00000000 00:00 0 
7fac64021000-7fac68000000 ---p 00000000 00:00 0 
7fac68000000-7fac68021000 rw-p 00000000 00:00 0 
7fac68021000-7fac6c000000 ---p 00000000 00:00 0 
7fac6c000000-7fac6c021000 rw-p 00000000 00:00 0 
7fac6c021000-7fac70000000 ---p 00000000 00:00 0 
7fac70000000-7fac70021000 rw-p 00000000 00:00 0 
7fac70021000-7fac74000000 ---p 00000000 00:00 0 
7fac74000000-7fac74021000 rw-p 00000000 00:00 0 
7fac74021000-7fac78000000 ---p 00000000 00:00 0 
7fac78000000-7fac78021000 rw-p 00000000 00:00 0 
7fac78021000-7fac7c000000 ---p 00000000 00:00 0 
7fac7c000000-7fac7c021000 rw-p 00000000 00:00 0 
7fac7c021000-7fac80000000 ---p 00000000 00:00 0 
7fac80000000-7fac80021000 rw-p 00000000 00:00 0 
7fac80021000-7fac84000000 ---p 00000000 00:00 0 
7fac84000000-7fac84021000 rw-p 00000000 00:00 0 
7fac84021000-7fac88000000 ---p 00000000 00:00 0 
7fac88000000-7fac88021000 rw-p 00000000 00:00 0 
7fac88021000-7fac8c000000 ---p 00000000 00:00 0 
7fac8c000000-7fac8c021000 rw-p 00000000 00:00 0 
7fac8c021000-7fac90000000 ---p 00000000 00:00 0 
7fac90000000-7fac90021000 rw-p 00000000 00:00 0 
7fac90021000-7fac94000000 ---p 00000000 00:00 0 
7fac94000000-7fac94021000 rw-p 00000000 00:00 0 
7fac94021000-7fac98000000 ---p 00000000 00:00 0 
7fac98000000-7fac98021000 rw-p 00000000 00:00 0 
7fac98021000-7fac9c000000 ---p 00000000 00:00 0 
7fac9c000000-7fac9c046000 rw-p 00000000 00:00 0 
7fac9c046000-7faca0000000 ---p 00000000 00:00 0 
7faca0000000-7faca0021000 rw-p 00000000 00:00 0 
7faca0021000-7faca4000000 ---p 00000000 00:00 0 
7faca4000000-7faca4021000 rw-p 00000000 00:00 0 
7faca4021000-7faca8000000 ---p 00000000 00:00 0 
7faca8000000-7faca8021000 rw-p 00000000 00:00 0 
7faca8021000-7facac000000 ---p 00000000 00:00 0 
7facac000000-7facac021000 rw-p 00000000 00:00 0 
7facac021000-7facb0000000 ---p 00000000 00:00 0 
7facb0000000-7facb0021000 rw-p 00000000 00:00 0 
7facb0021000-7facb4000000 ---p 00000000 00:00 0 
7facb4000000-7facb4021000 rw-p 00000000 00:00 0 
7facb4021000-7facb8000000 ---p 00000000 00:00 0 
7facb8000000-7facb8030000 rw-p 00000000 00:00 0 
7facb8030000-7facbc000000 ---p 00000000 00:00 0 
7facbc000000-7facbc021000 rw-p 00000000 00:00 0 
7facbc021000-7facc0000000 ---p 00000000 00:00 0 
7facc0000000-7facc4000000 rw-p 00000000 00:00 0 
7facc40fa000-7facc40fe000 ---p 00000000 00:00 0 
7facc40fe000-7facc43fb000 rw-p 00000000 00:00 0 
7facc43fb000-7facc43ff000 ---p 00000000 00:00 0 
7facc43ff000-7facc44fc000 rw-p 00000000 00:00 0 
7facc44fc000-7facc4500000 ---p 00000000 00:00 0 
7facc4500000-7facc45fd000 rw-p 00000000 00:00 0 
7facc45fd000-7facc4601000 ---p 00000000 00:00 0 
7facc4601000-7facc46fe000 rw-p 00000000 00:00 0 
7facc46fe000-7facc4702000 ---p 00000000 00:00 0 
7facc4702000-7facc49ff000 rw-p 00000000 00:00 0 
7facc49ff000-7facc4a03000 ---p 00000000 00:00 0 
7facc4a03000-7facc4b00000 rw-p 00000000 00:00 0 
7facc4b00000-7facc4b04000 ---p 00000000 00:00 0 
7facc4b04000-7facc4c01000 rw-p 00000000 00:00 0 
7facc4c01000-7facc4c05000 ---p 00000000 00:00 0 
7facc4c05000-7facc4d02000 rw-p 00000000 00:00 0 
7facc4d02000-7facc4d06000 ---p 00000000 00:00 0 
7facc4d06000-7facc4e03000 rw-p 00000000 00:00 0 
7facc4e03000-7facc4e07000 ---p 00000000 00:00 0 
7facc4e07000-7facc4f04000 rw-p 00000000 00:00 0 
7facc4f04000-7facc4f08000 ---p 00000000 00:00 0 
7facc4f08000-7facc5005000 rw-p 00000000 00:00 0 
7facc5005000-7facc5009000 ---p 00000000 00:00 0 
7facc5009000-7facc5106000 rw-p 00000000 00:00 0 
7facc5106000-7facc510a000 ---p 00000000 00:00 0 
7facc510a000-7facc5207000 rw-p 00000000 00:00 0 
7facc5207000-7facc520b000 ---p 00000000 00:00 0 
7facc520b000-7facc5308000 rw-p 00000000 00:00 0 
7facc5308000-7facc530c000 ---p 00000000 00:00 0 
7facc530c000-7facc5409000 rw-p 00000000 00:00 0 
7facc5409000-7facc540d000 ---p 00000000 00:00 0 
7facc540d000-7facc550a000 rw-p 00000000 00:00 0 
7facc550a000-7facc550e000 ---p 00000000 00:00 0 
7facc550e000-7facc560b000 rw-p 00000000 00:00 0 
7facc560b000-7facc560f000 ---p 00000000 00:00 0 
7facc560f000-7facc570c000 rw-p 00000000 00:00 0 
7facc570c000-7facc5710000 ---p 00000000 00:00 0 
7facc5710000-7facc5a0d000 rw-p 00000000 00:00 0 
7facc5a0d000-7facc5a11000 ---p 00000000 00:00 0 
7facc5a11000-7facc5d0e000 rw-p 00000000 00:00 0 
7facc5d0e000-7facc5d12000 ---p 00000000 00:00 0 
7facc5d12000-7facc5e0f000 rw-p 00000000 00:00 0 
7facc5e0f000-7facc5e13000 ---p 00000000 00:00 0 
7facc5e13000-7facc5f10000 rw-p 00000000 00:00 0 
7facc5f10000-7facc5f14000 ---p 00000000 00:00 0 
7facc5f14000-7facc6011000 rw-p 00000000 00:00 0 
7facc60eb000-7facc60ef000 ---p 00000000 00:00 0 
7facc60ef000-7facc61ec000 rw-p 00000000 00:00 0 
7facc61ec000-7facc61f0000 ---p 00000000 00:00 0 
7facc61f0000-7facc62ed000 rw-p 00000000 00:00 0 
7facc62ed000-7facc62f1000 ---p 00000000 00:00 0 
7facc62f1000-7facc63ee000 rw-p 00000000 00:00 0 
7facc63ee000-7facc63f2000 ---p 00000000 00:00 0 
7facc63f2000-7facc64ef000 rw-p 00000000 00:00 0 
7facc64ef000-7facc64f3000 ---p 00000000 00:00 0 
7facc64f3000-7facc65f0000 rw-p 00000000 00:00 0 
7facc65f0000-7facc65f4000 ---p 00000000 00:00 0 
7facc65f4000-7facc66f1000 rw-p 00000000 00:00 0 
7facc66f1000-7facc66f5000 ---p 00000000 00:00 0 
7facc66f5000-7facc67f2000 rw-p 00000000 00:00 0 
7facc67f2000-7facc67f6000 ---p 00000000 00:00 0 
7facc67f6000-7facc68f3000 rw-p 00000000 00:00 0 
7facc68f3000-7facc68f7000 ---p 00000000 00:00 0 
7facc68f7000-7facc6bf4000 rw-p 00000000 00:00 0 
7facc6bf4000-7facc6bf8000 ---p 00000000 00:00 0 
7facc6bf8000-7facc6cf5000 rw-p 00000000 00:00 0 
7facc6cf5000-7facc6cf9000 ---p 00000000 00:00 0 
7facc6cf9000-7facc6df6000 rw-p 00000000 00:00 0 
7facc6df6000-7facc6dfa000 ---p 00000000 00:00 0 
7facc6dfa000-7facc6ef7000 rw-p 00000000 00:00 0 
7facc6ef7000-7facc6efb000 ---p 00000000 00:00 0 
7facc6efb000-7facc6ff8000 rw-p 00000000 00:00 0 
7facc6ff8000-7facc6ffc000 ---p 00000000 00:00 0 
7facc6ffc000-7facc70f9000 rw-p 00000000 00:00 0 
7facc70f9000-7facc70fd000 ---p 00000000 00:00 0 
7facc70fd000-7facc71fa000 rw-p 00000000 00:00 0 
7facc71fa000-7facc71fe000 ---p 00000000 00:00 0 
7facc71fe000-7facc72fb000 rw-p 00000000 00:00 0 
7facc72fb000-7facc72ff000 ---p 00000000 00:00 0 
7facc72ff000-7facc73fc000 rw-p 00000000 00:00 0 
7facc73fc000-7facc7400000 ---p 00000000 00:00 0 
7facc7400000-7facc76fd000 rw-p 00000000 00:00 0 
7facc76fd000-7facc78fd000 rw-p 00000000 00:00 0 
7facc78fd000-7facc7afd000 rw-p 00000000 00:00 0 
7facc7afd000-7facc7afe000 ---p 00000000 00:00 0 
7facc7afe000-7facc7bfe000 rw-p 00000000 00:00 0 
7facc7bfe000-7facc7bff000 ---p 00000000 00:00 0 
7facc7bff000-7facc7cff000 rw-p 00000000 00:00 0 
7facc7cff000-7facc7d03000 ---p 00000000 00:00 0 
7facc7d03000-7facc8000000 rw-p 00000000 00:00 0 
7facc8000000-7facc8021000 rw-p 00000000 00:00 0 
7facc8021000-7faccc000000 ---p 00000000 00:00 0 
7faccc000000-7faccc021000 rw-p 00000000 00:00 0 
7faccc021000-7facd0000000 ---p 00000000 00:00 0 
7facd0000000-7facd002d000 rw-p 00000000 00:00 0 
7facd002d000-7facd4000000 ---p 00000000 00:00 0 
7facd4000000-7facd499a000 rw-p 00000000 00:00 0 
7facd499a000-7facd8000000 ---p 00000000 00:00 0 
7facd8000000-7facd8021000 rw-p 00000000 00:00 0 
7facd8021000-7facdc000000 ---p 00000000 00:00 0 
7facdc000000-7facdc021000 rw-p 00000000 00:00 0 
7facdc021000-7face0000000 ---p 00000000 00:00 0 
7face0000000-7face0021000 rw-p 00000000 00:00 0 
7face0021000-7face4000000 ---p 00000000 00:00 0 
7face4000000-7face447b000 rw-p 00000000 00:00 0 
7face447b000-7face8000000 ---p 00000000 00:00 0 
7face8000000-7face8021000 rw-p 00000000 00:00 0 
7face8021000-7facec000000 ---p 00000000 00:00 0 
7facec000000-7facec021000 rw-p 00000000 00:00 0 
7facec021000-7facf0000000 ---p 00000000 00:00 0 
7facf0000000-7facf1457000 rw-p 00000000 00:00 0 
7facf1457000-7facf4000000 ---p 00000000 00:00 0 
7facf4000000-7facf43d1000 rw-p 00000000 00:00 0 
7facf43d1000-7facf8000000 ---p 00000000 00:00 0 
7facf8000000-7facf8021000 rw-p 00000000 00:00 0 
7facf8021000-7facfc000000 ---p 00000000 00:00 0 
7facfc000000-7facfc021000 rw-p 00000000 00:00 0 
7facfc021000-7fad00000000 ---p 00000000 00:00 0 
7fad00000000-7fad00021000 rw-p 00000000 00:00 0 
7fad00021000-7fad04000000 ---p 00000000 00:00 0 
7fad04000000-7fad04021000 rw-p 00000000 00:00 0 
7fad04021000-7fad08000000 ---p 00000000 00:00 0 
7fad08000000-7fad08021000 rw-p 00000000 00:00 0 
7fad08021000-7fad0c000000 ---p 00000000 00:00 0 
7fad0c000000-7fad0c0ad000 rw-p 00000000 00:00 0 
7fad0c0ad000-7fad10000000 ---p 00000000 00:00 0 
7fad10000000-7fad10021000 rw-p 00000000 00:00 0 
7fad10021000-7fad14000000 ---p 00000000 00:00 0 
7fad14026000-7fad1402a000 r--p 00000000 08:30 365381                     /lib/x86_64-linux-gnu/libresolv-2.31.so
7fad1402a000-7fad14038000 r-xp 00004000 08:30 365381                     /lib/x86_64-linux-gnu/libresolv-2.31.so
7fad14038000-7fad1403c000 r--p 00012000 08:30 365381                     /lib/x86_64-linux-gnu/libresolv-2.31.so
7fad1403c000-7fad1403d000 r--p 00015000 08:30 365381                     /lib/x86_64-linux-gnu/libresolv-2.31.so
7fad1403d000-7fad1403e000 rw-p 00016000 08:30 365381                     /lib/x86_64-linux-gnu/libresolv-2.31.so
7fad1403e000-7fad14040000 rw-p 00000000 00:00 0 
7fad14040000-7fad14041000 r--p 00000000 08:30 365364                     /lib/x86_64-linux-gnu/libnss_dns-2.31.so
7fad14041000-7fad14045000 r-xp 00001000 08:30 365364                     /lib/x86_64-linux-gnu/libnss_dns-2.31.so
7fad14045000-7fad14046000 r--p 00005000 08:30 365364                     /lib/x86_64-linux-gnu/libnss_dns-2.31.so
7fad14046000-7fad14047000 r--p 00005000 08:30 365364                     /lib/x86_64-linux-gnu/libnss_dns-2.31.so
7fad14047000-7fad14048000 rw-p 00006000 08:30 365364                     /lib/x86_64-linux-gnu/libnss_dns-2.31.so
7fad14051000-7fad14059000 r--p 00000000 08:30 424516                     /usr/lib/jvm/java-11-openjdk-amd64/lib/libsunec.so
7fad14059000-7fad14072000 r-xp 00008000 08:30 424516                     /usr/lib/jvm/java-11-openjdk-amd64/lib/libsunec.so
7fad14072000-7fad1407c000 r--p 00021000 08:30 424516                     /usr/lib/jvm/java-11-openjdk-amd64/lib/libsunec.so
7fad1407c000-7fad1407d000 ---p 0002b000 08:30 424516                     /usr/lib/jvm/java-11-openjdk-amd64/lib/libsunec.so
7fad1407d000-7fad14081000 r--p 0002b000 08:30 424516                     /usr/lib/jvm/java-11-openjdk-amd64/lib/libsunec.so
7fad14081000-7fad14083000 rw-p 0002f000 08:30 424516                     /usr/lib/jvm/java-11-openjdk-amd64/lib/libsunec.so
7fad14083000-7fad14084000 r--p 00000000 08:30 424480                     /usr/lib/jvm/java-11-openjdk-amd64/lib/libjaas.so
7fad14084000-7fad14085000 r-xp 00001000 08:30 424480                     /usr/lib/jvm/java-11-openjdk-amd64/lib/libjaas.so
7fad14085000-7fad14086000 r--p 00002000 08:30 424480                     /usr/lib/jvm/java-11-openjdk-amd64/lib/libjaas.so
7fad14086000-7fad14087000 r--p 00002000 08:30 424480                     /usr/lib/jvm/java-11-openjdk-amd64/lib/libjaas.so
7fad14087000-7fad14088000 rw-p 00003000 08:30 424480                     /usr/lib/jvm/java-11-openjdk-amd64/lib/libjaas.so
7fad14088000-7fad1408c000 ---p 00000000 00:00 0 
7fad1408c000-7fad14189000 rw-p 00000000 00:00 0 
7fad14189000-7fad1418d000 ---p 00000000 00:00 0 
7fad1418d000-7fad141ab000 rw-p 00000000 00:00 0 
7fad141ab000-7fad141af000 ---p 00000000 00:00 0 
7fad141af000-7fad144ac000 rw-p 00000000 00:00 0 
7fad144ac000-7fad146ac000 rw-p 00000000 00:00 0 
7fad146ac000-7fad148ac000 rw-p 00000000 00:00 0 
7fad148ac000-7fad14aac000 rw-p 00000000 00:00 0 
7fad14aac000-7fad14cac000 rw-p 00000000 00:00 0 
7fad14cac000-7fad14cad000 ---p 00000000 00:00 0 
7fad14cad000-7fad14dad000 rw-p 00000000 00:00 0 
7fad14dad000-7fad14dae000 ---p 00000000 00:00 0 
7fad14dae000-7fad14eae000 rw-p 00000000 00:00 0 
7fad14eae000-7fad14eaf000 ---p 00000000 00:00 0 
7fad14eaf000-7fad14faf000 rw-p 00000000 00:00 0 
7fad14faf000-7fad14fb3000 ---p 00000000 00:00 0 
7fad14fb3000-7fad150e1000 rw-p 00000000 00:00 0 
7fad150e1000-7fad150e5000 r--p 00000000 08:30 424504                     /usr/lib/jvm/java-11-openjdk-amd64/lib/libnet.so
7fad150e5000-7fad150f3000 r-xp 00004000 08:30 424504                     /usr/lib/jvm/java-11-openjdk-amd64/lib/libnet.so
7fad150f3000-7fad150f7000 r--p 00012000 08:30 424504                     /usr/lib/jvm/java-11-openjdk-amd64/lib/libnet.so
7fad150f7000-7fad150f8000 r--p 00015000 08:30 424504                     /usr/lib/jvm/java-11-openjdk-amd64/lib/libnet.so
7fad150f8000-7fad150f9000 rw-p 00016000 08:30 424504                     /usr/lib/jvm/java-11-openjdk-amd64/lib/libnet.so
7fad150f9000-7fad150fa000 ---p 00000000 00:00 0 
7fad150fa000-7fad151fa000 rw-p 00000000 00:00 0 
7fad151fa000-7fad151fe000 ---p 00000000 00:00 0 
7fad151fe000-7fad152fb000 rw-p 00000000 00:00 0 
7fad152fb000-7fad152ff000 ---p 00000000 00:00 0 
7fad152ff000-7fad153fc000 rw-p 00000000 00:00 0 
7fad153fc000-7fad15400000 ---p 00000000 00:00 0 
7fad15400000-7fad154fd000 rw-p 00000000 00:00 0 
7fad154fd000-7fad15501000 ---p 00000000 00:00 0 
7fad15501000-7fad155fe000 rw-p 00000000 00:00 0 
7fad155fe000-7fad15602000 ---p 00000000 00:00 0 
7fad15602000-7fad156ff000 rw-p 00000000 00:00 0 
7fad156ff000-7fad15703000 ---p 00000000 00:00 0 
7fad15703000-7fad18000000 rw-p 00000000 00:00 0 
7fad18000000-7fad18021000 rw-p 00000000 00:00 0 
7fad18021000-7fad1c000000 ---p 00000000 00:00 0 
7fad1c000000-7fad1c02f000 rw-p 00000000 00:00 0 
7fad1c02f000-7fad20000000 ---p 00000000 00:00 0 
7fad20000000-7fad20484000 rw-p 00000000 00:00 0 
7fad20484000-7fad23ff8000 ---p 00000000 00:00 0 
7fad23ff8000-7fad24484000 rw-p 00000000 00:00 0 
7fad24484000-7fad27ff8000 ---p 00000000 00:00 0 
7fad27ff8000-7fad28000000 rw-p 00000000 00:00 0 
7fad28000000-7fad28021000 rw-p 00000000 00:00 0 
7fad28021000-7fad2c000000 ---p 00000000 00:00 0 
7fad2c000000-7fad2c002000 r--p 00000000 08:30 424500                     /usr/lib/jvm/java-11-openjdk-amd64/lib/libmanagement_ext.so
7fad2c002000-7fad2c005000 r-xp 00002000 08:30 424500                     /usr/lib/jvm/java-11-openjdk-amd64/lib/libmanagement_ext.so
7fad2c005000-7fad2c006000 r--p 00005000 08:30 424500                     /usr/lib/jvm/java-11-openjdk-amd64/lib/libmanagement_ext.so
7fad2c006000-7fad2c007000 ---p 00006000 08:30 424500                     /usr/lib/jvm/java-11-openjdk-amd64/lib/libmanagement_ext.so
7fad2c007000-7fad2c008000 r--p 00006000 08:30 424500                     /usr/lib/jvm/java-11-openjdk-amd64/lib/libmanagement_ext.so
7fad2c008000-7fad2c009000 rw-p 00007000 08:30 424500                     /usr/lib/jvm/java-11-openjdk-amd64/lib/libmanagement_ext.so
7fad2c009000-7fad2c010000 r--p 00000000 08:30 424506                     /usr/lib/jvm/java-11-openjdk-amd64/lib/libnio.so
7fad2c010000-7fad2c017000 r-xp 00007000 08:30 424506                     /usr/lib/jvm/java-11-openjdk-amd64/lib/libnio.so
7fad2c017000-7fad2c01a000 r--p 0000e000 08:30 424506                     /usr/lib/jvm/java-11-openjdk-amd64/lib/libnio.so
7fad2c01a000-7fad2c01b000 r--p 00010000 08:30 424506                     /usr/lib/jvm/java-11-openjdk-amd64/lib/libnio.so
7fad2c01b000-7fad2c01c000 rw-p 00011000 08:30 424506                     /usr/lib/jvm/java-11-openjdk-amd64/lib/libnio.so
7fad2c01c000-7fad2c071000 r--p 00000000 08:30 365765                     /usr/lib/locale/C.UTF-8/LC_CTYPE
7fad2c071000-7fad2c1e4000 r--p 00000000 08:30 365764                     /usr/lib/locale/C.UTF-8/LC_COLLATE
7fad2c1e4000-7fad2c1e8000 ---p 00000000 00:00 0 
7fad2c1e8000-7fad2c2e5000 rw-p 00000000 00:00 0 
7fad2c2e5000-7fad2c2e9000 ---p 00000000 00:00 0 
7fad2c2e9000-7fad2c3e6000 rw-p 00000000 00:00 0 
7fad2c3e6000-7fad2c3e7000 ---p 00000000 00:00 0 
7fad2c3e7000-7fad2c5c3000 rw-p 00000000 00:00 0 
7fad2c5c3000-7fad2c5c4000 ---p 00000000 00:00 0 
7fad2c5c4000-7fad2c6c4000 rw-p 00000000 00:00 0 
7fad2c6c4000-7fad2c6c5000 ---p 00000000 00:00 0 
7fad2c6c5000-7fad2c7c5000 rw-p 00000000 00:00 0 
7fad2c7c5000-7fad2ca35000 rwxp 00000000 00:00 0 
7fad2ca35000-7fad2cd56000 ---p 00000000 00:00 0 
7fad2cd56000-7fad2dc76000 rwxp 00000000 00:00 0 
7fad2dc76000-7fad3428d000 ---p 00000000 00:00 0 
7fad3428d000-7fad346ed000 rwxp 00000000 00:00 0 
7fad346ed000-7fad3b7c5000 ---p 00000000 00:00 0 
7fad3b7c5000-7fad44000000 r--s 00000000 08:30 424524                     /usr/lib/jvm/java-11-openjdk-amd64/lib/modules
7fad44000000-7fad4683a000 rw-p 00000000 00:00 0 
7fad4683a000-7fad48000000 ---p 00000000 00:00 0 
7fad48001000-7fad48002000 r--p 00000000 08:30 424467                     /usr/lib/jvm/java-11-openjdk-amd64/lib/libextnet.so
7fad48002000-7fad48003000 r-xp 00001000 08:30 424467                     /usr/lib/jvm/java-11-openjdk-amd64/lib/libextnet.so
7fad48003000-7fad48004000 r--p 00002000 08:30 424467                     /usr/lib/jvm/java-11-openjdk-amd64/lib/libextnet.so
7fad48004000-7fad48005000 r--p 00002000 08:30 424467                     /usr/lib/jvm/java-11-openjdk-amd64/lib/libextnet.so
7fad48005000-7fad48006000 rw-p 00003000 08:30 424467                     /usr/lib/jvm/java-11-openjdk-amd64/lib/libextnet.so
7fad48006000-7fad48009000 r--p 00000000 08:30 424496                     /usr/lib/jvm/java-11-openjdk-amd64/lib/libmanagement.so
7fad48009000-7fad4800a000 r-xp 00003000 08:30 424496                     /usr/lib/jvm/java-11-openjdk-amd64/lib/libmanagement.so
7fad4800a000-7fad4800b000 r--p 00004000 08:30 424496                     /usr/lib/jvm/java-11-openjdk-amd64/lib/libmanagement.so
7fad4800b000-7fad4800c000 r--p 00004000 08:30 424496                     /usr/lib/jvm/java-11-openjdk-amd64/lib/libmanagement.so
7fad4800c000-7fad4800d000 rw-p 00005000 08:30 424496                     /usr/lib/jvm/java-11-openjdk-amd64/lib/libmanagement.so
7fad4800d000-7fad4800e000 r--p 00000000 08:30 365772                     /usr/lib/locale/C.UTF-8/LC_NUMERIC
7fad4800e000-7fad4800f000 r--p 00000000 08:30 365775                     /usr/lib/locale/C.UTF-8/LC_TIME
7fad4800f000-7fad48010000 r--p 00000000 08:30 365770                     /usr/lib/locale/C.UTF-8/LC_MONETARY
7fad48010000-7fad48011000 r--p 00000000 08:30 365769                     /usr/lib/locale/C.UTF-8/LC_MESSAGES/SYS_LC_MESSAGES
7fad48011000-7fad48012000 r--p 00000000 08:30 365773                     /usr/lib/locale/C.UTF-8/LC_PAPER
7fad48012000-7fad48013000 r--p 00000000 08:30 365771                     /usr/lib/locale/C.UTF-8/LC_NAME
7fad48013000-7fad48014000 r--p 00000000 08:30 365763                     /usr/lib/locale/C.UTF-8/LC_ADDRESS
7fad48014000-7fad48015000 r--p 00000000 08:30 365774                     /usr/lib/locale/C.UTF-8/LC_TELEPHONE
7fad48015000-7fad4801c000 r--s 00000000 08:30 366045                     /usr/lib/x86_64-linux-gnu/gconv/gconv-modules.cache
7fad4801c000-7fad4888e000 rw-p 00000000 00:00 0 
7fad4888e000-7fad4888f000 ---p 00000000 00:00 0 
7fad4888f000-7fad4898f000 rw-p 00000000 00:00 0 
7fad4898f000-7fad48990000 ---p 00000000 00:00 0 
7fad48990000-7fad48c2a000 rw-p 00000000 00:00 0 
7fad48c2a000-7fad49398000 ---p 00000000 00:00 0 
7fad49398000-7fad4942a000 rw-p 00000000 00:00 0 
7fad4942a000-7fad49b98000 ---p 00000000 00:00 0 
7fad49b98000-7fad49c2a000 rw-p 00000000 00:00 0 
7fad49c2a000-7fad4a398000 ---p 00000000 00:00 0 
7fad4a398000-7fad4abc2000 rw-p 00000000 00:00 0 
7fad4abc2000-7fad4abc3000 ---p 00000000 00:00 0 
7fad4abc3000-7fad4accc000 rw-p 00000000 00:00 0 
7fad4accc000-7fad4adae000 ---p 00000000 00:00 0 
7fad4adae000-7fad4adcd000 rw-p 00000000 00:00 0 
7fad4adcd000-7fad4ae99000 ---p 00000000 00:00 0 
7fad4ae99000-7fad4ae9e000 rw-p 00000000 00:00 0 
7fad4ae9e000-7fad4aea5000 ---p 00000000 00:00 0 
7fad4aea5000-7fad4aea7000 r--p 00000000 08:30 424522                     /usr/lib/jvm/java-11-openjdk-amd64/lib/libzip.so
7fad4aea7000-7fad4aeab000 r-xp 00002000 08:30 424522                     /usr/lib/jvm/java-11-openjdk-amd64/lib/libzip.so
7fad4aeab000-7fad4aead000 r--p 00006000 08:30 424522                     /usr/lib/jvm/java-11-openjdk-amd64/lib/libzip.so
7fad4aead000-7fad4aeae000 r--p 00007000 08:30 424522                     /usr/lib/jvm/java-11-openjdk-amd64/lib/libzip.so
7fad4aeae000-7fad4aeaf000 rw-p 00008000 08:30 424522                     /usr/lib/jvm/java-11-openjdk-amd64/lib/libzip.so
7fad4aeaf000-7fad4aeb2000 r--p 00000000 08:30 365366                     /lib/x86_64-linux-gnu/libnss_files-2.31.so
7fad4aeb2000-7fad4aeb9000 r-xp 00003000 08:30 365366                     /lib/x86_64-linux-gnu/libnss_files-2.31.so
7fad4aeb9000-7fad4aebb000 r--p 0000a000 08:30 365366                     /lib/x86_64-linux-gnu/libnss_files-2.31.so
7fad4aebb000-7fad4aebc000 r--p 0000b000 08:30 365366                     /lib/x86_64-linux-gnu/libnss_files-2.31.so
7fad4aebc000-7fad4aebd000 rw-p 0000c000 08:30 365366                     /lib/x86_64-linux-gnu/libnss_files-2.31.so
7fad4aebd000-7fad4aec3000 rw-p 00000000 00:00 0 
7fad4aec3000-7fad4aec4000 r--p 00000000 08:30 365767                     /usr/lib/locale/C.UTF-8/LC_MEASUREMENT
7fad4aec4000-7fad4aecc000 rw-s 00000000 08:30 202193                     /tmp/hsperfdata_root/1438
7fad4aecc000-7fad4aecd000 ---p 00000000 00:00 0 
7fad4aecd000-7fad4aece000 r--p 00000000 00:00 0 
7fad4aece000-7fad4aedc000 r--p 00000000 08:30 424482                     /usr/lib/jvm/java-11-openjdk-amd64/lib/libjava.so
7fad4aedc000-7fad4aef1000 r-xp 0000e000 08:30 424482                     /usr/lib/jvm/java-11-openjdk-amd64/lib/libjava.so
7fad4aef1000-7fad4aef8000 r--p 00023000 08:30 424482                     /usr/lib/jvm/java-11-openjdk-amd64/lib/libjava.so
7fad4aef8000-7fad4aef9000 r--p 00029000 08:30 424482                     /usr/lib/jvm/java-11-openjdk-amd64/lib/libjava.so
7fad4aef9000-7fad4aefa000 rw-p 0002a000 08:30 424482                     /usr/lib/jvm/java-11-openjdk-amd64/lib/libjava.so
7fad4aefa000-7fad4aefb000 rw-p 00000000 00:00 0 
7fad4aefb000-7fad4af00000 r--p 00000000 08:30 424520                     /usr/lib/jvm/java-11-openjdk-amd64/lib/libverify.so
7fad4af00000-7fad4af07000 r-xp 00005000 08:30 424520                     /usr/lib/jvm/java-11-openjdk-amd64/lib/libverify.so
7fad4af07000-7fad4af09000 r--p 0000c000 08:30 424520                     /usr/lib/jvm/java-11-openjdk-amd64/lib/libverify.so
7fad4af09000-7fad4af0a000 ---p 0000e000 08:30 424520                     /usr/lib/jvm/java-11-openjdk-amd64/lib/libverify.so
7fad4af0a000-7fad4af0c000 r--p 0000e000 08:30 424520                     /usr/lib/jvm/java-11-openjdk-amd64/lib/libverify.so
7fad4af0c000-7fad4af0d000 rw-p 00010000 08:30 424520                     /usr/lib/jvm/java-11-openjdk-amd64/lib/libverify.so
7fad4af0d000-7fad4af0f000 r--p 00000000 08:30 365383                     /lib/x86_64-linux-gnu/librt-2.31.so
7fad4af0f000-7fad4af13000 r-xp 00002000 08:30 365383                     /lib/x86_64-linux-gnu/librt-2.31.so
7fad4af13000-7fad4af15000 r--p 00006000 08:30 365383                     /lib/x86_64-linux-gnu/librt-2.31.so
7fad4af15000-7fad4af16000 r--p 00007000 08:30 365383                     /lib/x86_64-linux-gnu/librt-2.31.so
7fad4af16000-7fad4af17000 rw-p 00008000 08:30 365383                     /lib/x86_64-linux-gnu/librt-2.31.so
7fad4af17000-7fad4af1b000 ---p 00000000 00:00 0 
7fad4af1b000-7fad4b018000 rw-p 00000000 00:00 0 
7fad4b018000-7fad4b01b000 r--p 00000000 08:30 365348                     /lib/x86_64-linux-gnu/libgcc_s.so.1
7fad4b01b000-7fad4b02c000 r-xp 00003000 08:30 365348                     /lib/x86_64-linux-gnu/libgcc_s.so.1
7fad4b02c000-7fad4b030000 r--p 00014000 08:30 365348                     /lib/x86_64-linux-gnu/libgcc_s.so.1
7fad4b030000-7fad4b031000 r--p 00017000 08:30 365348                     /lib/x86_64-linux-gnu/libgcc_s.so.1
7fad4b031000-7fad4b032000 rw-p 00018000 08:30 365348                     /lib/x86_64-linux-gnu/libgcc_s.so.1
7fad4b032000-7fad4b03f000 r--p 00000000 08:30 365355                     /lib/x86_64-linux-gnu/libm-2.31.so
7fad4b03f000-7fad4b0d9000 r-xp 0000d000 08:30 365355                     /lib/x86_64-linux-gnu/libm-2.31.so
7fad4b0d9000-7fad4b174000 r--p 000a7000 08:30 365355                     /lib/x86_64-linux-gnu/libm-2.31.so
7fad4b174000-7fad4b175000 r--p 00141000 08:30 365355                     /lib/x86_64-linux-gnu/libm-2.31.so
7fad4b175000-7fad4b176000 rw-p 00142000 08:30 365355                     /lib/x86_64-linux-gnu/libm-2.31.so
7fad4b176000-7fad4b20c000 r--p 00000000 08:30 366112                     /usr/lib/x86_64-linux-gnu/libstdc++.so.6.0.28
7fad4b20c000-7fad4b2e8000 r-xp 00096000 08:30 366112                     /usr/lib/x86_64-linux-gnu/libstdc++.so.6.0.28
7fad4b2e8000-7fad4b332000 r--p 00172000 08:30 366112                     /usr/lib/x86_64-linux-gnu/libstdc++.so.6.0.28
7fad4b332000-7fad4b33d000 r--p 001bb000 08:30 366112                     /usr/lib/x86_64-linux-gnu/libstdc++.so.6.0.28
7fad4b33d000-7fad4b340000 rw-p 001c6000 08:30 366112                     /usr/lib/x86_64-linux-gnu/libstdc++.so.6.0.28
7fad4b340000-7fad4b343000 rw-p 00000000 00:00 0 
7fad4b343000-7fad4b5c6000 r--p 00000000 08:30 424534                     /usr/lib/jvm/java-11-openjdk-amd64/lib/server/libjvm.so
7fad4b5c6000-7fad4c22f000 r-xp 00283000 08:30 424534                     /usr/lib/jvm/java-11-openjdk-amd64/lib/server/libjvm.so
7fad4c22f000-7fad4c492000 r--p 00eec000 08:30 424534                     /usr/lib/jvm/java-11-openjdk-amd64/lib/server/libjvm.so
7fad4c492000-7fad4c493000 ---p 0114f000 08:30 424534                     /usr/lib/jvm/java-11-openjdk-amd64/lib/server/libjvm.so
7fad4c493000-7fad4c557000 r--p 0114f000 08:30 424534                     /usr/lib/jvm/java-11-openjdk-amd64/lib/server/libjvm.so
7fad4c557000-7fad4c592000 rw-p 01213000 08:30 424534                     /usr/lib/jvm/java-11-openjdk-amd64/lib/server/libjvm.so
7fad4c592000-7fad4c5eb000 rw-p 00000000 00:00 0 
7fad4c5eb000-7fad4c60d000 r--p 00000000 08:30 365334                     /lib/x86_64-linux-gnu/libc-2.31.so
7fad4c60d000-7fad4c766000 r-xp 00022000 08:30 365334                     /lib/x86_64-linux-gnu/libc-2.31.so
7fad4c766000-7fad4c7b5000 r--p 0017b000 08:30 365334                     /lib/x86_64-linux-gnu/libc-2.31.so
7fad4c7b5000-7fad4c7b9000 r--p 001c9000 08:30 365334                     /lib/x86_64-linux-gnu/libc-2.31.so
7fad4c7b9000-7fad4c7bb000 rw-p 001cd000 08:30 365334                     /lib/x86_64-linux-gnu/libc-2.31.so
7fad4c7bb000-7fad4c7bf000 rw-p 00000000 00:00 0 
7fad4c7bf000-7fad4c7c0000 r--p 00000000 08:30 365342                     /lib/x86_64-linux-gnu/libdl-2.31.so
7fad4c7c0000-7fad4c7c2000 r-xp 00001000 08:30 365342                     /lib/x86_64-linux-gnu/libdl-2.31.so
7fad4c7c2000-7fad4c7c3000 r--p 00003000 08:30 365342                     /lib/x86_64-linux-gnu/libdl-2.31.so
7fad4c7c3000-7fad4c7c4000 r--p 00003000 08:30 365342                     /lib/x86_64-linux-gnu/libdl-2.31.so
7fad4c7c4000-7fad4c7c5000 rw-p 00004000 08:30 365342                     /lib/x86_64-linux-gnu/libdl-2.31.so
7fad4c7c5000-7fad4c7c8000 r--p 00000000 08:30 424451                     /usr/lib/jvm/java-11-openjdk-amd64/lib/jli/libjli.so
7fad4c7c8000-7fad4c7d2000 r-xp 00003000 08:30 424451                     /usr/lib/jvm/java-11-openjdk-amd64/lib/jli/libjli.so
7fad4c7d2000-7fad4c7d5000 r--p 0000d000 08:30 424451                     /usr/lib/jvm/java-11-openjdk-amd64/lib/jli/libjli.so
7fad4c7d5000-7fad4c7d6000 ---p 00010000 08:30 424451                     /usr/lib/jvm/java-11-openjdk-amd64/lib/jli/libjli.so
7fad4c7d6000-7fad4c7d7000 r--p 00010000 08:30 424451                     /usr/lib/jvm/java-11-openjdk-amd64/lib/jli/libjli.so
7fad4c7d7000-7fad4c7d8000 rw-p 00011000 08:30 424451                     /usr/lib/jvm/java-11-openjdk-amd64/lib/jli/libjli.so
7fad4c7d8000-7fad4c7de000 r--p 00000000 08:30 365379                     /lib/x86_64-linux-gnu/libpthread-2.31.so
7fad4c7de000-7fad4c7ee000 r-xp 00006000 08:30 365379                     /lib/x86_64-linux-gnu/libpthread-2.31.so
7fad4c7ee000-7fad4c7f4000 r--p 00016000 08:30 365379                     /lib/x86_64-linux-gnu/libpthread-2.31.so
7fad4c7f4000-7fad4c7f5000 r--p 0001b000 08:30 365379                     /lib/x86_64-linux-gnu/libpthread-2.31.so
7fad4c7f5000-7fad4c7f6000 rw-p 0001c000 08:30 365379                     /lib/x86_64-linux-gnu/libpthread-2.31.so
7fad4c7f6000-7fad4c7fa000 rw-p 00000000 00:00 0 
7fad4c7fa000-7fad4c7fd000 r--p 00000000 08:30 365398                     /lib/x86_64-linux-gnu/libz.so.1.2.11
7fad4c7fd000-7fad4c80e000 r-xp 00003000 08:30 365398                     /lib/x86_64-linux-gnu/libz.so.1.2.11
7fad4c80e000-7fad4c814000 r--p 00014000 08:30 365398                     /lib/x86_64-linux-gnu/libz.so.1.2.11
7fad4c814000-7fad4c815000 ---p 0001a000 08:30 365398                     /lib/x86_64-linux-gnu/libz.so.1.2.11
7fad4c815000-7fad4c816000 r--p 0001a000 08:30 365398                     /lib/x86_64-linux-gnu/libz.so.1.2.11
7fad4c816000-7fad4c817000 rw-p 0001b000 08:30 365398                     /lib/x86_64-linux-gnu/libz.so.1.2.11
7fad4c817000-7fad4c819000 rw-p 00000000 00:00 0 
7fad4c819000-7fad4c81b000 r--p 00000000 08:30 424488                     /usr/lib/jvm/java-11-openjdk-amd64/lib/libjimage.so
7fad4c81b000-7fad4c81e000 r-xp 00002000 08:30 424488                     /usr/lib/jvm/java-11-openjdk-amd64/lib/libjimage.so
7fad4c81e000-7fad4c81f000 r--p 00005000 08:30 424488                     /usr/lib/jvm/java-11-openjdk-amd64/lib/libjimage.so
7fad4c81f000-7fad4c820000 ---p 00006000 08:30 424488                     /usr/lib/jvm/java-11-openjdk-amd64/lib/libjimage.so
7fad4c820000-7fad4c821000 r--p 00006000 08:30 424488                     /usr/lib/jvm/java-11-openjdk-amd64/lib/libjimage.so
7fad4c821000-7fad4c822000 rw-p 00007000 08:30 424488                     /usr/lib/jvm/java-11-openjdk-amd64/lib/libjimage.so
7fad4c822000-7fad4c823000 r--p 00000000 08:30 365322                     /lib/x86_64-linux-gnu/ld-2.31.so
7fad4c823000-7fad4c843000 r-xp 00001000 08:30 365322                     /lib/x86_64-linux-gnu/ld-2.31.so
7fad4c843000-7fad4c84b000 r--p 00021000 08:30 365322                     /lib/x86_64-linux-gnu/ld-2.31.so
7fad4c84b000-7fad4c84c000 r--p 00000000 08:30 365766                     /usr/lib/locale/C.UTF-8/LC_IDENTIFICATION
7fad4c84c000-7fad4c84d000 r--p 00029000 08:30 365322                     /lib/x86_64-linux-gnu/ld-2.31.so
7fad4c84d000-7fad4c84e000 rw-p 0002a000 08:30 365322                     /lib/x86_64-linux-gnu/ld-2.31.so
7fad4c84e000-7fad4c84f000 rw-p 00000000 00:00 0 
7ffe0bcd0000-7ffe0bcf1000 rw-p 00000000 00:00 0                          [stack]
7ffe0bdf7000-7ffe0bdfb000 r--p 00000000 00:00 0                          [vvar]
7ffe0bdfb000-7ffe0bdfd000 r-xp 00000000 00:00 0                          [vdso]


VM Arguments:
jvm_args: -Xmx4g -XX:+IgnoreUnrecognizedVMOptions --add-opens=java.base/java.lang=ALL-UNNAMED --add-opens=java.base/java.lang.invoke=ALL-UNNAMED --add-opens=java.base/java.lang.reflect=ALL-UNNAMED --add-opens=java.base/java.io=ALL-UNNAMED --add-opens=java.base/java.net=ALL-UNNAMED --add-opens=java.base/java.nio=ALL-UNNAMED --add-opens=java.base/java.util=ALL-UNNAMED --add-opens=java.base/java.util.concurrent=ALL-UNNAMED --add-opens=java.base/java.util.concurrent.atomic=ALL-UNNAMED --add-opens=java.base/jdk.internal.ref=ALL-UNNAMED --add-opens=java.base/sun.nio.ch=ALL-UNNAMED --add-opens=java.base/sun.nio.cs=ALL-UNNAMED --add-opens=java.base/sun.security.action=ALL-UNNAMED --add-opens=java.base/sun.util.calendar=ALL-UNNAMED --add-opens=java.security.jgss/sun.security.krb5=ALL-UNNAMED -Djdk.reflect.useDirectMethodHandle=false 
java_command: org.apache.spark.deploy.SparkSubmit --name PySparkShell pyspark-shell
java_class_path (initial): /opt/spark/conf/:/opt/spark/jars/ivy-2.5.1.jar:/opt/spark/jars/algebra_2.12-2.0.1.jar:/opt/spark/jars/parquet-hadoop-1.13.1.jar:/opt/spark/jars/JTransforms-3.1.jar:/opt/spark/jars/leveldbjni-all-1.8.jar:/opt/spark/jars/arrow-format-12.0.1.jar:/opt/spark/jars/parquet-jackson-1.13.1.jar:/opt/spark/jars/oro-2.0.8.jar:/opt/spark/jars/minlog-1.3.0.jar:/opt/spark/jars/netty-handler-proxy-4.1.96.Final.jar:/opt/spark/jars/lapack-3.0.3.jar:/opt/spark/jars/parquet-encoding-1.13.1.jar:/opt/spark/jars/commons-codec-1.16.1.jar:/opt/spark/jars/kubernetes-client-api-6.7.2.jar:/opt/spark/jars/commons-math3-3.6.1.jar:/opt/spark/jars/kryo-shaded-4.0.2.jar:/opt/spark/jars/stream-2.9.6.jar:/opt/spark/jars/jackson-annotations-2.15.2.jar:/opt/spark/jars/spark-mesos_2.12-3.5.5.jar:/opt/spark/jars/jcl-over-slf4j-2.0.7.jar:/opt/spark/jars/commons-compress-1.23.0.jar:/opt/spark/jars/snakeyaml-2.0.jar:/opt/spark/jars/kubernetes-model-metrics-6.7.2.jar:/opt/spark/jars/zstd-jni-1.5.5-4.jar:/opt/spark/jars/scala-compiler-2.12.18.jar:/opt/spark/jars/scala-collection-compat_2.12-2.7.0.jar:/opt/spark/jars/orc-shims-1.9.5.jar:/opt/spark/jars/jakarta.servlet-api-4.0.3.jar:/opt/spark/jars/hk2-api-2.6.1.jar:/opt/spark/jars/spark-kvstore_2.12-3.5.5.jar:/opt/spark/jars/spark-repl_2.12-3.5.5.jar:/opt/spark/jars/logging-interceptor-3.12.12.jar:/opt/spark/jars/scala-reflect-2.12.18.jar:/opt/spark/jars/netty-buffer-4.1.96.Final.jar:/opt/spark/jars/parquet-common-1.13.1.jar:/opt/spark/jars/kubernetes-httpclient-okhttp-6.7.2.jar:/opt/spark/jars/json4s-ast_2.12-3.7.0-M11.jar:/opt/spark/jars/netty-transport-native-epoll-4.1.96.Final-linux-aarch_64.jar:/opt/spark/jars/kubernetes-model-resource-6.7.2.jar:/opt/spark/jars/spark-streaming_2.12-3.5.5.jar:/opt/spark/jars/metrics-core-4.2.19.jar:/opt/spark/jars/kubernetes-model-core-6.7.2.jar:/opt/spark/jars/log4j-api-2.20.0.jar:/opt/spark/jars/okio-1.17.6.jar:/opt/spark/jars/kubernetes-model-apps-6.7.2.jar:/opt/spark/jars/kubernetes-model-n
Launcher Type: SUN_STANDARD

[Global flags]
     intx CICompilerCount                          = 4                                         {product} {ergonomic}
     uint ConcGCThreads                            = 2                                         {product} {ergonomic}
     uint G1ConcRefinementThreads                  = 8                                         {product} {ergonomic}
   size_t G1HeapRegionSize                         = 1048576                                   {product} {ergonomic}
    uintx GCDrainStackTargetSize                   = 64                                        {product} {ergonomic}
     bool IgnoreUnrecognizedVMOptions              = true                                      {product} {command line}
   size_t InitialHeapSize                          = 130023424                                 {product} {ergonomic}
   size_t MarkStackSize                            = 4194304                                   {product} {ergonomic}
   size_t MaxHeapSize                              = 4294967296                                {product} {command line}
   size_t MaxNewSize                               = 2576351232                                {product} {ergonomic}
   size_t MinHeapDeltaBytes                        = 1048576                                   {product} {ergonomic}
    uintx NonNMethodCodeHeapSize                   = 5836300                                {pd product} {ergonomic}
    uintx NonProfiledCodeHeapSize                  = 122910970                              {pd product} {ergonomic}
    uintx ProfiledCodeHeapSize                     = 122910970                              {pd product} {ergonomic}
    uintx ReservedCodeCacheSize                    = 251658240                              {pd product} {ergonomic}
     bool SegmentedCodeCache                       = true                                      {product} {ergonomic}
     bool UseCompressedClassPointers               = true                                 {lp64_product} {ergonomic}
     bool UseCompressedOops                        = true                                 {lp64_product} {ergonomic}
     bool UseG1GC                                  = true                                      {product} {ergonomic}

Logging:
Log output configuration:
 #0: stdout all=warning uptime,level,tags
 #1: stderr all=off uptime,level,tags

Environment Variables:
JAVA_HOME=/usr/lib/jvm/java-11-openjdk-amd64
PATH=/opt/spark/sbin:/opt/spark/bin:/usr/local/bin:/usr/local/sbin:/usr/local/bin:/usr/sbin:/usr/bin:/sbin:/bin
LANG=C.UTF-8
TERM=xterm-color

Signal Handlers:
SIGSEGV: [libjvm.so+0xe7a620], sa_mask[0]=11111111011111111101111111111110, sa_flags=SA_RESTART|SA_SIGINFO
SIGBUS: [libjvm.so+0xe7a620], sa_mask[0]=11111111011111111101111111111110, sa_flags=SA_RESTART|SA_SIGINFO
SIGFPE: [libjvm.so+0xe7a620], sa_mask[0]=11111111011111111101111111111110, sa_flags=SA_RESTART|SA_SIGINFO
SIGPIPE: [libjvm.so+0xbca5a0], sa_mask[0]=11111111011111111101111111111110, sa_flags=SA_RESTART|SA_SIGINFO
SIGXFSZ: [libjvm.so+0xbca5a0], sa_mask[0]=11111111011111111101111111111110, sa_flags=SA_RESTART|SA_SIGINFO
SIGILL: [libjvm.so+0xe7a620], sa_mask[0]=11111111011111111101111111111110, sa_flags=SA_RESTART|SA_SIGINFO
SIGUSR2: [libjvm.so+0xbca440], sa_mask[0]=00000000000000000000000000000000, sa_flags=SA_RESTART|SA_SIGINFO
SIGHUP: [libjvm.so+0xbcac00], sa_mask[0]=11111111011111111101111111111110, sa_flags=SA_RESTART|SA_SIGINFO
SIGINT: SIG_IGN, sa_mask[0]=00000000000000000000000000000000, sa_flags=none
SIGTERM: [libjvm.so+0xbcac00], sa_mask[0]=11111111011111111101111111111110, sa_flags=SA_RESTART|SA_SIGINFO
SIGQUIT: [libjvm.so+0xbcac00], sa_mask[0]=11111111011111111101111111111110, sa_flags=SA_RESTART|SA_SIGINFO


---------------  S Y S T E M  ---------------

OS:PRETTY_NAME="Debian GNU/Linux 11 (bullseye)"
NAME="Debian GNU/Linux"
VERSION_ID="11"
VERSION="11 (bullseye)"
VERSION_CODENAME=bullseye
ID=debian
HOME_URL="https://www.debian.org/"
SUPPORT_URL="https://www.debian.org/support"
BUG_REPORT_URL="https://bugs.debian.org/"
uname:Linux 5.15.167.4-microsoft-standard-WSL2 #1 SMP Tue Nov 5 00:21:55 UTC 2024 x86_64
OS uptime: 0 days 3:23 hours
libc:glibc 2.31 NPTL 2.31 
rlimit (soft/hard): STACK 8192k/infinity , CORE 0k/infinity , NPROC infinity/infinity , NOFILE 1048576/1048576 , AS infinity/infinity , CPU infinity/infinity , DATA infinity/infinity , FSIZE infinity/infinity , MEMLOCK infinity/infinity
load average:0.67 0.94 0.68

/proc/meminfo:
MemTotal:        8007700 kB
MemFree:          123216 kB
MemAvailable:    1490656 kB
Buffers:           56512 kB
Cached:          1559408 kB
SwapCached:          404 kB
Active:           839312 kB
Inactive:        6572996 kB
Active(anon):      54152 kB
Inactive(anon):  5819268 kB
Active(file):     785160 kB
Inactive(file):   753728 kB
Unevictable:           0 kB
Mlocked:               0 kB
SwapTotal:       2097152 kB
SwapFree:        2096116 kB
Dirty:               528 kB
Writeback:             0 kB
AnonPages:       5749392 kB
Mapped:           515232 kB
Shmem:             77196 kB
KReclaimable:      88692 kB
Slab:             169204 kB
SReclaimable:      88692 kB
SUnreclaim:        80512 kB
KernelStack:       19920 kB
PageTables:        27904 kB
NFS_Unstable:          0 kB
Bounce:                0 kB
WritebackTmp:          0 kB
CommitLimit:     6101000 kB
Committed_AS:   10047380 kB
VmallocTotal:   34359738367 kB
VmallocUsed:       43452 kB
VmallocChunk:          0 kB
Percpu:             4992 kB
AnonHugePages:   4231168 kB
ShmemHugePages:        0 kB
ShmemPmdMapped:        0 kB
FileHugePages:         0 kB
FilePmdMapped:         0 kB
HugePages_Total:       0
HugePages_Free:        0
HugePages_Rsvd:        0
HugePages_Surp:        0
Hugepagesize:       2048 kB
Hugetlb:               0 kB
DirectMap4k:      123904 kB
DirectMap2M:     7086080 kB
DirectMap1G:    10485760 kB

/sys/kernel/mm/transparent_hugepage/enabled:
[always] madvise never
/sys/kernel/mm/transparent_hugepage/defrag (defrag/compaction efforts parameter):
always defer defer+madvise [madvise] never

Process Memory:
Virtual Size: 10297144K (peak: 15709284K)
Resident Set Size: 691724K (peak: 691724K) (anon: 662692K, file: 29032K, shmem: 0K)
Swapped out: 0K
C-Heap outstanding allocations: 96444K, retained: 98579K
glibc malloc tunables: (default)

/proc/sys/kernel/threads-max (system-wide limit on the number of threads):
62505
/proc/sys/vm/max_map_count (maximum number of memory map areas a process may have):
262144
/proc/sys/kernel/pid_max (system-wide limit on number of process identifiers):
4194304

container (cgroup) information:
container_type: cgroupv1
cpu_cpuset_cpus: 0-7
cpu_memory_nodes: 0
active_processor_count: 8
cpu_quota: no quota
cpu_period: 100000
cpu_shares: no shares
memory_limit_in_bytes: unlimited
memory_and_swap_limit_in_bytes: unlimited
memory_soft_limit_in_bytes: unlimited
memory_usage_in_bytes: 3009884 k
memory_max_usage_in_bytes: 3010424 k
kernel_memory_usage_in_bytes: 39900 k
kernel_memory_max_usage_in_bytes: unlimited
kernel_memory_limit_in_bytes: 40312 k
maximum number of tasks: unlimited
current number of tasks: 380

Hyper-V virtualization detected
Steal ticks since vm start: 0
Steal ticks percentage since vm start:  0.000

CPU:total 8 (initial active 8) (4 cores per cpu, 2 threads per core) family 6 model 142 stepping 12 microcode 0xffffffff, cmov, cx8, fxsr, mmx, sse, sse2, sse3, ssse3, sse4.1, sse4.2, popcnt, avx, avx2, aes, clmul, erms, 3dnowpref, lzcnt, ht, tsc, bmi1, bmi2, adx, fma
CPU Model and flags from /proc/cpuinfo:
model name	: Intel(R) Core(TM) i5-10210U CPU @ 1.60GHz
flags		: fpu vme de pse tsc msr pae mce cx8 apic sep mtrr pge mca cmov pat pse36 clflush mmx fxsr sse sse2 ss ht syscall nx pdpe1gb rdtscp lm constant_tsc arch_perfmon rep_good nopl xtopology cpuid pni pclmulqdq ssse3 fma cx16 pdcm pcid sse4_1 sse4_2 movbe popcnt aes xsave avx f16c rdrand hypervisor lahf_lm abm 3dnowprefetch invpcid_single ssbd ibrs ibpb stibp ibrs_enhanced fsgsbase bmi1 avx2 smep bmi2 erms invpcid rdseed adx smap clflushopt xsaveopt xsavec xgetbv1 xsaves md_clear flush_l1d arch_capabilities
Online cpus:
0-7
Offline cpus:

BIOS frequency limitation:
<Not Available>
Frequency switch latency (ns):
<Not Available>
Available cpu frequencies:
<Not Available>
Current governor:
<Not Available>
Core performance/turbo boost:
<Not Available>

Memory: 4k page, physical 8007700k(123216k free), swap 2097152k(2096116k free)

vm_info: OpenJDK 64-Bit Server VM (11.0.26+4-post-Debian-1deb11u1) for linux-amd64 JRE (11.0.26+4-post-Debian-1deb11u1), built on Jan 31 2025 10:48:05 by "unknown" with gcc 10.2.1 20210110

END.
