#
# A fatal error has been detected by the Java Runtime Environment:
#
#  SIGSEGV (0xb) at pc=0x00007f0cd783c875, pid=1186, tid=1363
#
# JRE version: OpenJDK Runtime Environment (11.0.26+4) (build 11.0.26+4-post-Debian-1deb11u1)
# Java VM: OpenJDK 64-Bit Server VM (11.0.26+4-post-Debian-1deb11u1, mixed mode, sharing, tiered, compressed oops, g1 gc, linux-amd64)
# Problematic frame:
# V  [libjvm.so+0xdcc875]  SymbolTable::lookup_dynamic(int, char const*, int, unsigned int)+0x45
#
# Core dump will be written. Default location: Core dumps may be processed with "/wsl-capture-crash %t %E %p %s" (or dumping to /src/notebooks/core.1186)
#
# If you would like to submit a bug report, please visit:
#   https://bugs.debian.org/openjdk-11
#

---------------  S U M M A R Y ------------

Command Line: -Xmx4g -XX:+IgnoreUnrecognizedVMOptions --add-opens=java.base/java.lang=ALL-UNNAMED --add-opens=java.base/java.lang.invoke=ALL-UNNAMED --add-opens=java.base/java.lang.reflect=ALL-UNNAMED --add-opens=java.base/java.io=ALL-UNNAMED --add-opens=java.base/java.net=ALL-UNNAMED --add-opens=java.base/java.nio=ALL-UNNAMED --add-opens=java.base/java.util=ALL-UNNAMED --add-opens=java.base/java.util.concurrent=ALL-UNNAMED --add-opens=java.base/java.util.concurrent.atomic=ALL-UNNAMED --add-opens=java.base/jdk.internal.ref=ALL-UNNAMED --add-opens=java.base/sun.nio.ch=ALL-UNNAMED --add-opens=java.base/sun.nio.cs=ALL-UNNAMED --add-opens=java.base/sun.security.action=ALL-UNNAMED --add-opens=java.base/sun.util.calendar=ALL-UNNAMED --add-opens=java.security.jgss/sun.security.krb5=ALL-UNNAMED -Djdk.reflect.useDirectMethodHandle=false org.apache.spark.deploy.SparkSubmit --name PySparkShell pyspark-shell

Host: Intel(R) Core(TM) i5-10210U CPU @ 1.60GHz, 8 cores, 7G, Debian GNU/Linux 11 (bullseye)
Time: Fri Apr 11 15:39:16 2025 UTC elapsed time: 86.976902 seconds (0d 0h 1m 26s)

---------------  T H R E A D  ---------------

Current thread (0x00007f0c38009800):  JavaThread "Executor task launch worker for task 0.0 in stage 1.0 (TID 1)" daemon [_thread_in_vm, id=1363, stack(0x00007f0ba6ff4000,0x00007f0ba70f5000)]

Stack: [0x00007f0ba6ff4000,0x00007f0ba70f5000],  sp=0x00007f0ba70f0850,  free space=1010k
Native frames: (J=compiled Java code, A=aot compiled Java code, j=interpreted, Vv=VM code, C=native code)
V  [libjvm.so+0xdcc875]  SymbolTable::lookup_dynamic(int, char const*, int, unsigned int)+0x45
V  [libjvm.so+0xdccc63]  SymbolTable::lookup_only(char const*, int, unsigned int&)+0xb3
V  [libjvm.so+0x5b2a86]  ClassFileParser::parse_constant_pool_entries(ClassFileStream const*, ConstantPool*, int, Thread*)+0x676
V  [libjvm.so+0x5b46bd]  ClassFileParser::parse_stream(ClassFileStream const*, Thread*) [clone .part.0]+0x2dd
V  [libjvm.so+0x5b61b9]  ClassFileParser::ClassFileParser(ClassFileStream*, Symbol*, ClassLoaderData*, Handle, InstanceKlass const*, GrowableArray<Handle>*, ClassFileParser::Publicity, Thread*)+0x339
V  [libjvm.so+0xa19c8c]  KlassFactory::create_from_stream(ClassFileStream*, Symbol*, ClassLoaderData*, Handle, InstanceKlass const*, GrowableArray<Handle>*, Thread*)+0xfc
V  [libjvm.so+0xdd939a]  SystemDictionary::resolve_from_stream(Symbol*, Handle, Handle, ClassFileStream*, Thread*)+0x14a
V  [libjvm.so+0x91a8eb]  jvm_define_class_common(JNIEnv_*, char const*, _jobject*, signed char const*, int, _jobject*, char const*, Thread*)+0x1fb
V  [libjvm.so+0x91ac58]  JVM_DefineClassWithSource+0x68
C  [libjava.so+0xf654]  Java_java_lang_ClassLoader_defineClass1+0x134
J 1023  java.lang.ClassLoader.defineClass1(Ljava/lang/ClassLoader;Ljava/lang/String;[BIILjava/security/ProtectionDomain;Ljava/lang/String;)Ljava/lang/Class; java.base@11.0.26 (0 bytes) @ 0x00007f0cc03062fd [0x00007f0cc03061c0+0x000000000000013d]
J 4771 c2 java.security.SecureClassLoader.defineClass(Ljava/lang/String;[BIILjava/security/CodeSource;)Ljava/lang/Class; java.base@11.0.26 (16 bytes) @ 0x00007f0cc05754f0 [0x00007f0cc0574a40+0x0000000000000ab0]
J 4672 c2 jdk.internal.loader.BuiltinClassLoader.findClassOnClassPathOrNull(Ljava/lang/String;)Ljava/lang/Class; java.base@11.0.26 (64 bytes) @ 0x00007f0cc051b6f8 [0x00007f0cc051a9e0+0x0000000000000d18]
J 5212 c2 jdk.internal.loader.BuiltinClassLoader.loadClassOrNull(Ljava/lang/String;Z)Ljava/lang/Class; java.base@11.0.26 (143 bytes) @ 0x00007f0cc0594078 [0x00007f0cc0593920+0x0000000000000758]
J 5213 c2 java.lang.ClassLoader.loadClass(Ljava/lang/String;)Ljava/lang/Class; java.base@11.0.26 (7 bytes) @ 0x00007f0cc0597a4c [0x00007f0cc05979e0+0x000000000000006c]
v  ~StubRoutines::call_stub
V  [libjvm.so+0x860563]  JavaCalls::call_helper(JavaValue*, methodHandle const&, JavaCallArguments*, Thread*)+0x353
V  [libjvm.so+0x85edfe]  JavaCalls::call_virtual(JavaValue*, Handle, Klass*, Symbol*, Symbol*, Handle, Thread*)+0x19e
V  [libjvm.so+0xddb0cd]  SystemDictionary::load_instance_class(Symbol*, Handle, Thread*)+0x18d
V  [libjvm.so+0xdd9f4a]  SystemDictionary::resolve_instance_class_or_null(Symbol*, Handle, Handle, Thread*)+0x95a
V  [libjvm.so+0xddc357]  SystemDictionary::resolve_or_fail(Symbol*, Handle, Handle, bool, Thread*)+0x57
V  [libjvm.so+0x66a466]  ConstantPool::klass_at_impl(constantPoolHandle const&, int, bool, Thread*)+0xc6
V  [libjvm.so+0x8574d2]  InterpreterRuntime::_new(JavaThread*, ConstantPool*, int)+0x72
j  org.apache.logging.log4j.message.ParameterizedMessageFactory.newMessage(Ljava/lang/String;Ljava/lang/Object;Ljava/lang/Object;)Lorg/apache/logging/log4j/message/Message;+0
j  org.apache.logging.log4j.spi.AbstractLogger.logMessage(Ljava/lang/String;Lorg/apache/logging/log4j/Level;Lorg/apache/logging/log4j/Marker;Ljava/lang/String;Ljava/lang/Object;Ljava/lang/Object;)V+10
j  org.apache.logging.log4j.spi.AbstractLogger.logIfEnabled(Ljava/lang/String;Lorg/apache/logging/log4j/Level;Lorg/apache/logging/log4j/Marker;Ljava/lang/String;Ljava/lang/Object;Ljava/lang/Object;)V+25
j  org.apache.logging.slf4j.Log4jLogger.error(Ljava/lang/String;Ljava/lang/Object;Ljava/lang/Object;)V+14
j  org.apache.iceberg.spark.source.BaseReader.next()Z+149
j  org.apache.spark.sql.execution.datasources.v2.PartitionIterator.hasNext()Z+19
j  org.apache.spark.sql.execution.datasources.v2.MetricsIterator.hasNext()Z+4
j  org.apache.spark.sql.execution.datasources.v2.DataSourceRDD$$anon$1.$anonfun$hasNext$1(Lscala/collection/Iterator;)Z+1
j  org.apache.spark.sql.execution.datasources.v2.DataSourceRDD$$anon$1.$anonfun$hasNext$1$adapted(Lscala/collection/Iterator;)Ljava/lang/Object;+1
j  org.apache.spark.sql.execution.datasources.v2.DataSourceRDD$$anon$1$$Lambda$3376.apply(Ljava/lang/Object;)Ljava/lang/Object;+4
J 5020 c1 scala.Option.exists(Lscala/Function1;)Z (27 bytes) @ 0x00007f0cb96cbe64 [0x00007f0cb96cbb80+0x00000000000002e4]
j  org.apache.spark.sql.execution.datasources.v2.DataSourceRDD$$anon$1.hasNext()Z+9
j  org.apache.spark.InterruptibleIterator.hasNext()Z+11
J 3431 c1 scala.collection.Iterator$$anon$10.hasNext()Z (10 bytes) @ 0x00007f0cb940ad74 [0x00007f0cb940ac40+0x0000000000000134]
j  org.apache.spark.sql.catalyst.expressions.GeneratedClass$GeneratedIteratorForCodegenStage1.columnartorow_nextBatch_0$(Lorg/apache/spark/sql/catalyst/expressions/GeneratedClass$GeneratedIteratorForCodegenStage1;)V+6
J 8727 c1 org.apache.spark.sql.catalyst.expressions.GeneratedClass$GeneratedIteratorForCodegenStage1.processNext()V (604 bytes) @ 0x00007f0cb9d8a674 [0x00007f0cb9d89520+0x0000000000001154]
J 8649 c1 org.apache.spark.sql.execution.WholeStageCodegenEvaluatorFactory$WholeStageCodegenPartitionEvaluator$$anon$1.hasNext()Z (37 bytes) @ 0x00007f0cb9d734a4 [0x00007f0cb9d733e0+0x00000000000000c4]
j  org.apache.spark.sql.execution.aggregate.ObjectAggregationIterator.processInputs()V+43
j  org.apache.spark.sql.execution.aggregate.ObjectAggregationIterator.<init>(ILscala/collection/Seq;Lscala/collection/Seq;Lscala/collection/Seq;Lscala/collection/Seq;ILscala/collection/Seq;Lscala/Function2;Lscala/collection/Seq;Lscala/collection/Iterator;ILorg/apache/spark/sql/execution/metric/SQLMetric;Lorg/apache/spark/sql/execution/metric/SQLMetric;Lorg/apache/spark/sql/execution/metric/SQLMetric;)V+191
j  org.apache.spark.sql.execution.aggregate.ObjectHashAggregateExec.$anonfun$doExecute$1(Lorg/apache/spark/sql/execution/aggregate/ObjectHashAggregateExec;ILorg/apache/spark/sql/execution/metric/SQLMetric;Lorg/apache/spark/sql/execution/metric/SQLMetric;Lorg/apache/spark/sql/execution/metric/SQLMetric;Lorg/apache/spark/sql/execution/metric/SQLMetric;ILscala/collection/Iterator;)Lscala/collection/Iterator;+92
j  org.apache.spark.sql.execution.aggregate.ObjectHashAggregateExec.$anonfun$doExecute$1$adapted(Lorg/apache/spark/sql/execution/aggregate/ObjectHashAggregateExec;ILorg/apache/spark/sql/execution/metric/SQLMetric;Lorg/apache/spark/sql/execution/metric/SQLMetric;Lorg/apache/spark/sql/execution/metric/SQLMetric;Lorg/apache/spark/sql/execution/metric/SQLMetric;Ljava/lang/Object;Lscala/collection/Iterator;)Lscala/collection/Iterator;+15
j  org.apache.spark.sql.execution.aggregate.ObjectHashAggregateExec$$Lambda$4187.apply(Ljava/lang/Object;Ljava/lang/Object;)Ljava/lang/Object;+29
j  org.apache.spark.rdd.RDD.$anonfun$mapPartitionsWithIndexInternal$2(Lscala/Function2;Lorg/apache/spark/TaskContext;ILscala/collection/Iterator;)Lscala/collection/Iterator;+6
j  org.apache.spark.rdd.RDD.$anonfun$mapPartitionsWithIndexInternal$2$adapted(Lscala/Function2;Lorg/apache/spark/TaskContext;Ljava/lang/Object;Lscala/collection/Iterator;)Lscala/collection/Iterator;+7
j  org.apache.spark.rdd.RDD$$Lambda$4188.apply(Ljava/lang/Object;Ljava/lang/Object;Ljava/lang/Object;)Ljava/lang/Object;+13
j  org.apache.spark.rdd.MapPartitionsRDD.compute(Lorg/apache/spark/Partition;Lorg/apache/spark/TaskContext;)Lscala/collection/Iterator;+27
j  org.apache.spark.rdd.RDD.computeOrReadCheckpoint(Lorg/apache/spark/Partition;Lorg/apache/spark/TaskContext;)Lscala/collection/Iterator;+24
j  org.apache.spark.rdd.RDD.iterator(Lorg/apache/spark/Partition;Lorg/apache/spark/TaskContext;)Lscala/collection/Iterator;+40
j  org.apache.spark.rdd.MapPartitionsRDD.compute(Lorg/apache/spark/Partition;Lorg/apache/spark/TaskContext;)Lscala/collection/Iterator;+24
j  org.apache.spark.rdd.RDD.computeOrReadCheckpoint(Lorg/apache/spark/Partition;Lorg/apache/spark/TaskContext;)Lscala/collection/Iterator;+24
j  org.apache.spark.rdd.RDD.iterator(Lorg/apache/spark/Partition;Lorg/apache/spark/TaskContext;)Lscala/collection/Iterator;+40
j  org.apache.spark.shuffle.ShuffleWriteProcessor.write(Lorg/apache/spark/rdd/RDD;Lorg/apache/spark/ShuffleDependency;JLorg/apache/spark/TaskContext;Lorg/apache/spark/Partition;)Lorg/apache/spark/scheduler/MapStatus;+43
j  org.apache.spark.scheduler.ShuffleMapTask.runTask(Lorg/apache/spark/TaskContext;)Lorg/apache/spark/scheduler/MapStatus;+189
j  org.apache.spark.scheduler.ShuffleMapTask.runTask(Lorg/apache/spark/TaskContext;)Ljava/lang/Object;+2
j  org.apache.spark.TaskContext.runTaskWithListeners(Lorg/apache/spark/scheduler/Task;)Ljava/lang/Object;+2
j  org.apache.spark.scheduler.Task.run(JILorg/apache/spark/metrics/MetricsSystem;ILscala/collection/immutable/Map;Lscala/Option;)Ljava/lang/Object;+254
j  org.apache.spark.executor.Executor$TaskRunner.$anonfun$run$4(Lorg/apache/spark/executor/Executor$TaskRunner;Lscala/runtime/BooleanRef;)Ljava/lang/Object;+43
j  org.apache.spark.executor.Executor$TaskRunner$$Lambda$3329.apply()Ljava/lang/Object;+8
j  org.apache.spark.util.SparkErrorUtils.tryWithSafeFinally(Lscala/Function0;Lscala/Function0;)Ljava/lang/Object;+4
j  org.apache.spark.util.SparkErrorUtils.tryWithSafeFinally$(Lorg/apache/spark/util/SparkErrorUtils;Lscala/Function0;Lscala/Function0;)Ljava/lang/Object;+3
j  org.apache.spark.util.Utils$.tryWithSafeFinally(Lscala/Function0;Lscala/Function0;)Ljava/lang/Object;+3
j  org.apache.spark.executor.Executor$TaskRunner.run()V+560
j  java.util.concurrent.ThreadPoolExecutor.runWorker(Ljava/util/concurrent/ThreadPoolExecutor$Worker;)V+92 java.base@11.0.26
j  java.util.concurrent.ThreadPoolExecutor$Worker.run()V+5 java.base@11.0.26
j  java.lang.Thread.run()V+11 java.base@11.0.26
v  ~StubRoutines::call_stub
V  [libjvm.so+0x860563]  JavaCalls::call_helper(JavaValue*, methodHandle const&, JavaCallArguments*, Thread*)+0x353
V  [libjvm.so+0x85ec56]  JavaCalls::call_virtual(JavaValue*, Handle, Klass*, Symbol*, Symbol*, Thread*)+0x186
V  [libjvm.so+0x90d5cd]  thread_entry(JavaThread*, Thread*)+0x6d
V  [libjvm.so+0xe11e98]  JavaThread::thread_main_inner()+0x218
V  [libjvm.so+0xe0d73c]  Thread::call_run()+0x13c
V  [libjvm.so+0xbd3d36]  thread_native_entry(Thread*)+0xe6

Java frames: (J=compiled Java code, j=interpreted, Vv=VM code)
J 1023  java.lang.ClassLoader.defineClass1(Ljava/lang/ClassLoader;Ljava/lang/String;[BIILjava/security/ProtectionDomain;Ljava/lang/String;)Ljava/lang/Class; java.base@11.0.26 (0 bytes) @ 0x00007f0cc0306280 [0x00007f0cc03061c0+0x00000000000000c0]
J 4771 c2 java.security.SecureClassLoader.defineClass(Ljava/lang/String;[BIILjava/security/CodeSource;)Ljava/lang/Class; java.base@11.0.26 (16 bytes) @ 0x00007f0cc05754f0 [0x00007f0cc0574a40+0x0000000000000ab0]
J 4672 c2 jdk.internal.loader.BuiltinClassLoader.findClassOnClassPathOrNull(Ljava/lang/String;)Ljava/lang/Class; java.base@11.0.26 (64 bytes) @ 0x00007f0cc051b6f8 [0x00007f0cc051a9e0+0x0000000000000d18]
J 5212 c2 jdk.internal.loader.BuiltinClassLoader.loadClassOrNull(Ljava/lang/String;Z)Ljava/lang/Class; java.base@11.0.26 (143 bytes) @ 0x00007f0cc0594078 [0x00007f0cc0593920+0x0000000000000758]
J 5213 c2 java.lang.ClassLoader.loadClass(Ljava/lang/String;)Ljava/lang/Class; java.base@11.0.26 (7 bytes) @ 0x00007f0cc0597a4c [0x00007f0cc05979e0+0x000000000000006c]
v  ~StubRoutines::call_stub
j  org.apache.logging.log4j.message.ParameterizedMessageFactory.newMessage(Ljava/lang/String;Ljava/lang/Object;Ljava/lang/Object;)Lorg/apache/logging/log4j/message/Message;+0
j  org.apache.logging.log4j.spi.AbstractLogger.logMessage(Ljava/lang/String;Lorg/apache/logging/log4j/Level;Lorg/apache/logging/log4j/Marker;Ljava/lang/String;Ljava/lang/Object;Ljava/lang/Object;)V+10
j  org.apache.logging.log4j.spi.AbstractLogger.logIfEnabled(Ljava/lang/String;Lorg/apache/logging/log4j/Level;Lorg/apache/logging/log4j/Marker;Ljava/lang/String;Ljava/lang/Object;Ljava/lang/Object;)V+25
j  org.apache.logging.slf4j.Log4jLogger.error(Ljava/lang/String;Ljava/lang/Object;Ljava/lang/Object;)V+14
j  org.apache.iceberg.spark.source.BaseReader.next()Z+149
j  org.apache.spark.sql.execution.datasources.v2.PartitionIterator.hasNext()Z+19
j  org.apache.spark.sql.execution.datasources.v2.MetricsIterator.hasNext()Z+4
j  org.apache.spark.sql.execution.datasources.v2.DataSourceRDD$$anon$1.$anonfun$hasNext$1(Lscala/collection/Iterator;)Z+1
j  org.apache.spark.sql.execution.datasources.v2.DataSourceRDD$$anon$1.$anonfun$hasNext$1$adapted(Lscala/collection/Iterator;)Ljava/lang/Object;+1
j  org.apache.spark.sql.execution.datasources.v2.DataSourceRDD$$anon$1$$Lambda$3376.apply(Ljava/lang/Object;)Ljava/lang/Object;+4
J 5020 c1 scala.Option.exists(Lscala/Function1;)Z (27 bytes) @ 0x00007f0cb96cbe64 [0x00007f0cb96cbb80+0x00000000000002e4]
j  org.apache.spark.sql.execution.datasources.v2.DataSourceRDD$$anon$1.hasNext()Z+9
j  org.apache.spark.InterruptibleIterator.hasNext()Z+11
J 3431 c1 scala.collection.Iterator$$anon$10.hasNext()Z (10 bytes) @ 0x00007f0cb940ad74 [0x00007f0cb940ac40+0x0000000000000134]
j  org.apache.spark.sql.catalyst.expressions.GeneratedClass$GeneratedIteratorForCodegenStage1.columnartorow_nextBatch_0$(Lorg/apache/spark/sql/catalyst/expressions/GeneratedClass$GeneratedIteratorForCodegenStage1;)V+6
J 8727 c1 org.apache.spark.sql.catalyst.expressions.GeneratedClass$GeneratedIteratorForCodegenStage1.processNext()V (604 bytes) @ 0x00007f0cb9d8a674 [0x00007f0cb9d89520+0x0000000000001154]
J 8649 c1 org.apache.spark.sql.execution.WholeStageCodegenEvaluatorFactory$WholeStageCodegenPartitionEvaluator$$anon$1.hasNext()Z (37 bytes) @ 0x00007f0cb9d734a4 [0x00007f0cb9d733e0+0x00000000000000c4]
j  org.apache.spark.sql.execution.aggregate.ObjectAggregationIterator.processInputs()V+43
j  org.apache.spark.sql.execution.aggregate.ObjectAggregationIterator.<init>(ILscala/collection/Seq;Lscala/collection/Seq;Lscala/collection/Seq;Lscala/collection/Seq;ILscala/collection/Seq;Lscala/Function2;Lscala/collection/Seq;Lscala/collection/Iterator;ILorg/apache/spark/sql/execution/metric/SQLMetric;Lorg/apache/spark/sql/execution/metric/SQLMetric;Lorg/apache/spark/sql/execution/metric/SQLMetric;)V+191
j  org.apache.spark.sql.execution.aggregate.ObjectHashAggregateExec.$anonfun$doExecute$1(Lorg/apache/spark/sql/execution/aggregate/ObjectHashAggregateExec;ILorg/apache/spark/sql/execution/metric/SQLMetric;Lorg/apache/spark/sql/execution/metric/SQLMetric;Lorg/apache/spark/sql/execution/metric/SQLMetric;Lorg/apache/spark/sql/execution/metric/SQLMetric;ILscala/collection/Iterator;)Lscala/collection/Iterator;+92
j  org.apache.spark.sql.execution.aggregate.ObjectHashAggregateExec.$anonfun$doExecute$1$adapted(Lorg/apache/spark/sql/execution/aggregate/ObjectHashAggregateExec;ILorg/apache/spark/sql/execution/metric/SQLMetric;Lorg/apache/spark/sql/execution/metric/SQLMetric;Lorg/apache/spark/sql/execution/metric/SQLMetric;Lorg/apache/spark/sql/execution/metric/SQLMetric;Ljava/lang/Object;Lscala/collection/Iterator;)Lscala/collection/Iterator;+15
j  org.apache.spark.sql.execution.aggregate.ObjectHashAggregateExec$$Lambda$4187.apply(Ljava/lang/Object;Ljava/lang/Object;)Ljava/lang/Object;+29
j  org.apache.spark.rdd.RDD.$anonfun$mapPartitionsWithIndexInternal$2(Lscala/Function2;Lorg/apache/spark/TaskContext;ILscala/collection/Iterator;)Lscala/collection/Iterator;+6
j  org.apache.spark.rdd.RDD.$anonfun$mapPartitionsWithIndexInternal$2$adapted(Lscala/Function2;Lorg/apache/spark/TaskContext;Ljava/lang/Object;Lscala/collection/Iterator;)Lscala/collection/Iterator;+7
j  org.apache.spark.rdd.RDD$$Lambda$4188.apply(Ljava/lang/Object;Ljava/lang/Object;Ljava/lang/Object;)Ljava/lang/Object;+13
j  org.apache.spark.rdd.MapPartitionsRDD.compute(Lorg/apache/spark/Partition;Lorg/apache/spark/TaskContext;)Lscala/collection/Iterator;+27
j  org.apache.spark.rdd.RDD.computeOrReadCheckpoint(Lorg/apache/spark/Partition;Lorg/apache/spark/TaskContext;)Lscala/collection/Iterator;+24
j  org.apache.spark.rdd.RDD.iterator(Lorg/apache/spark/Partition;Lorg/apache/spark/TaskContext;)Lscala/collection/Iterator;+40
j  org.apache.spark.rdd.MapPartitionsRDD.compute(Lorg/apache/spark/Partition;Lorg/apache/spark/TaskContext;)Lscala/collection/Iterator;+24
j  org.apache.spark.rdd.RDD.computeOrReadCheckpoint(Lorg/apache/spark/Partition;Lorg/apache/spark/TaskContext;)Lscala/collection/Iterator;+24
j  org.apache.spark.rdd.RDD.iterator(Lorg/apache/spark/Partition;Lorg/apache/spark/TaskContext;)Lscala/collection/Iterator;+40
j  org.apache.spark.shuffle.ShuffleWriteProcessor.write(Lorg/apache/spark/rdd/RDD;Lorg/apache/spark/ShuffleDependency;JLorg/apache/spark/TaskContext;Lorg/apache/spark/Partition;)Lorg/apache/spark/scheduler/MapStatus;+43
j  org.apache.spark.scheduler.ShuffleMapTask.runTask(Lorg/apache/spark/TaskContext;)Lorg/apache/spark/scheduler/MapStatus;+189
j  org.apache.spark.scheduler.ShuffleMapTask.runTask(Lorg/apache/spark/TaskContext;)Ljava/lang/Object;+2
j  org.apache.spark.TaskContext.runTaskWithListeners(Lorg/apache/spark/scheduler/Task;)Ljava/lang/Object;+2
j  org.apache.spark.scheduler.Task.run(JILorg/apache/spark/metrics/MetricsSystem;ILscala/collection/immutable/Map;Lscala/Option;)Ljava/lang/Object;+254
j  org.apache.spark.executor.Executor$TaskRunner.$anonfun$run$4(Lorg/apache/spark/executor/Executor$TaskRunner;Lscala/runtime/BooleanRef;)Ljava/lang/Object;+43
j  org.apache.spark.executor.Executor$TaskRunner$$Lambda$3329.apply()Ljava/lang/Object;+8
j  org.apache.spark.util.SparkErrorUtils.tryWithSafeFinally(Lscala/Function0;Lscala/Function0;)Ljava/lang/Object;+4
j  org.apache.spark.util.SparkErrorUtils.tryWithSafeFinally$(Lorg/apache/spark/util/SparkErrorUtils;Lscala/Function0;Lscala/Function0;)Ljava/lang/Object;+3
j  org.apache.spark.util.Utils$.tryWithSafeFinally(Lscala/Function0;Lscala/Function0;)Ljava/lang/Object;+3
j  org.apache.spark.executor.Executor$TaskRunner.run()V+560
j  java.util.concurrent.ThreadPoolExecutor.runWorker(Ljava/util/concurrent/ThreadPoolExecutor$Worker;)V+92 java.base@11.0.26
j  java.util.concurrent.ThreadPoolExecutor$Worker.run()V+5 java.base@11.0.26
j  java.lang.Thread.run()V+11 java.base@11.0.26
v  ~StubRoutines::call_stub

siginfo: si_signo: 11 (SIGSEGV), si_code: 128 (SI_KERNEL), si_addr: 0x0000000000000000

Register to memory mapping:

RAX=0x00007f0cd4057230 points into unknown readable memory: 0x00007f0bd82a5730 | 30 57 2a d8 0b 7f 00 00
RBX=0x0000000000000a44 is an unknown value
RCX=0x0000000000000044 is an unknown value
RDX=0xe936010000000000 is an unknown value
RSP=0x00007f0ba70f0850 is pointing into the stack for thread: 0x00007f0c38009800
RBP=0x00007f0ba70f0860 is pointing into the stack for thread: 0x00007f0c38009800
RSI=0x0000000000000002 is an unknown value
RDI=0x00007f0c200dbf8d points into unknown readable memory: 28 4c 6a
R8 =0x000000005d004b20 is an unknown value
R9 =0x00007f0cd01254d0 points into unknown readable memory: 0x0000000000004e2b | 2b 4e 00 00 00 00 00 00
R10=0x0000000000000044 is an unknown value
R11=0x0000000000000043 is an unknown value
R12=0x000000005d004b20 is an unknown value
R13=0x00007f0c200dbf8d points into unknown readable memory: 28 4c 6a
R14=0x0000000000000044 is an unknown value
R15=0x00007f0cd01254d0 points into unknown readable memory: 0x0000000000004e2b | 2b 4e 00 00 00 00 00 00


Registers:
RAX=0x00007f0cd4057230, RBX=0x0000000000000a44, RCX=0x0000000000000044, RDX=0xe936010000000000
RSP=0x00007f0ba70f0850, RBP=0x00007f0ba70f0860, RSI=0x0000000000000002, RDI=0x00007f0c200dbf8d
R8 =0x000000005d004b20, R9 =0x00007f0cd01254d0, R10=0x0000000000000044, R11=0x0000000000000043
R12=0x000000005d004b20, R13=0x00007f0c200dbf8d, R14=0x0000000000000044, R15=0x00007f0cd01254d0
RIP=0x00007f0cd783c875, EFLAGS=0x0000000000010202, CSGSFS=0x002b000000000033, ERR=0x0000000000000000
  TRAPNO=0x000000000000000d

Top of Stack: (sp=0x00007f0ba70f0850)
0x00007f0ba70f0850:   00007f0ba70f0940 000000005d004b20
0x00007f0ba70f0860:   00007f0ba70f08a0 00007f0cd783cc63
0x00007f0ba70f0870:   00007f0ba699d580 00000000000000f1
0x00007f0ba70f0880:   00007f0ba699d580 00007f0cd7983100 

Instructions: (pc=0x00007f0cd783c875)
0x00007f0cd783c775:   f6 e8 b5 6b 4b ff 0f 1f 44 00 00 48 8b 3d 71 71
0x00007f0cd783c785:   4b 00 48 89 de e8 11 aa a2 ff 48 8b 3d 62 71 4b
0x00007f0cd783c795:   00 48 85 ff 74 05 e8 80 ae 63 ff 48 89 1d 51 71
0x00007f0cd783c7a5:   4b 00 c6 05 3b 71 4b 00 00 48 83 c4 38 5b 41 5c
0x00007f0cd783c7b5:   41 5d 5d c3 0f 1f 80 00 00 00 00 48 8d 05 59 ff
0x00007f0cd783c7c5:   4a 00 48 8d 35 ba 4d 1b 00 48 8b 38 31 c0 e9 c8
0x00007f0cd783c7d5:   30 e1 ff 0f 1f 84 00 00 00 00 00 48 8d 05 15 62
0x00007f0cd783c7e5:   46 00 0f b6 00 84 c0 0f 84 36 ff ff ff 4c 8d 6d
0x00007f0cd783c7f5:   b0 ba 01 00 00 00 31 f6 4c 89 ef e8 5b 2b dc ff
0x00007f0cd783c805:   e9 42 ff ff ff 66 0f 1f 44 00 00 e8 8b 95 d6 ff
0x00007f0cd783c815:   41 89 45 00 48 8d 05 d4 61 46 00 41 8b 55 00 89
0x00007f0cd783c825:   10 e9 f0 fe ff ff 90 0f 1f 40 00 55 49 89 f9 48
0x00007f0cd783c835:   63 f6 48 89 d7 48 89 e5 41 54 48 83 ec 08 49 8b
0x00007f0cd783c845:   41 08 48 8d 04 f0 48 8b 10 48 85 d2 0f 84 91 00
0x00007f0cd783c855:   00 00 41 89 ca 31 f6 44 8d 59 ff eb 10 66 0f 1f
0x00007f0cd783c865:   44 00 00 48 8b 52 08 48 83 e2 fe 74 4e 83 c6 01
0x00007f0cd783c875:   44 3b 02 75 ee 4c 8b 62 10 41 0f b7 04 24 41 39
0x00007f0cd783c885:   c2 75 e0 49 63 c3 eb 12 0f 1f 00 0f b6 0c 07 48
0x00007f0cd783c895:   83 e8 01 41 3a 4c 04 07 75 c9 48 83 f8 ff 75 eb
0x00007f0cd783c8a5:   4c 89 e7 e8 33 f6 ff ff 4c 89 e0 4c 8b 65 f8 c9
0x00007f0cd783c8b5:   c3 66 2e 0f 1f 84 00 00 00 00 00 45 31 e4 83 fe
0x00007f0cd783c8c5:   63 7e e5 80 3d 1a 70 4b 00 00 75 dc 4c 89 cf e8
0x00007f0cd783c8d5:   a7 7b a2 ff 88 05 0a 70 4b 00 4c 89 e0 4c 8b 65
0x00007f0cd783c8e5:   f8 c9 c3 45 31 e4 eb c0 90 66 90 89 d1 8b 15 1c
0x00007f0cd783c8f5:   64 49 00 49 89 f9 41 89 f2 85 d2 74 2c 85 f6 0f
0x00007f0cd783c905:   8e 3a 01 00 00 48 63 d6 48 89 f8 31 c9 48 01 fa
0x00007f0cd783c915:   0f 1f 00 89 ce 48 83 c0 01 c1 e6 05 29 ce 0f b6
0x00007f0cd783c925:   48 ff 01 f1 48 39 d0 75 ea 8b 05 98 6f 4b 00 45
0x00007f0cd783c935:   31 c0 85 c0 0f 84 f2 00 00 00 89 c8 31 d2 48 8b
0x00007f0cd783c945:   3d 86 6f 4b 00 48 8b 35 87 6f 4b 00 f7 35 71 6f
0x00007f0cd783c955:   4b 00 48 63 d2 8b 04 97 4c 8d 1c 95 00 00 00 00
0x00007f0cd783c965:   89 c2 c1 e8 1e 81 e2 ff ff ff 3f 48 8d 14 96 83 


Stack slot to memory mapping:
stack at sp + 0 slots: 0x00007f0ba70f0940 is pointing into the stack for thread: 0x00007f0c38009800
stack at sp + 1 slots: 0x000000005d004b20 is an unknown value
stack at sp + 2 slots: 0x00007f0ba70f08a0 is pointing into the stack for thread: 0x00007f0c38009800
stack at sp + 3 slots: 0x00007f0cd783cc63: <offset 0x0000000000dccc63> in /usr/lib/jvm/java-11-openjdk-amd64/lib/server/libjvm.so at 0x00007f0cd6a70000
stack at sp + 4 slots: 0x00007f0ba699d580 is pointing into metadata
stack at sp + 5 slots: 0x00000000000000f1 is an unknown value
stack at sp + 6 slots: 0x00007f0ba699d580 is pointing into metadata
stack at sp + 7 slots: 0x00007f0cd7983100: <offset 0x0000000000f13100> in /usr/lib/jvm/java-11-openjdk-amd64/lib/server/libjvm.so at 0x00007f0cd6a70000


---------------  P R O C E S S  ---------------

Threads class SMR info:
_java_thread_list=0x00007f0c2009f9f0, length=77, elements={
0x00007f0cd0019800, 0x00007f0cd0146000, 0x00007f0cd0148000, 0x00007f0cd014f000,
0x00007f0cd0151000, 0x00007f0cd0153000, 0x00007f0cd0155000, 0x00007f0cd0157000,
0x00007f0cd01b9800, 0x00007f0cd2777800, 0x00007f0c50009800, 0x00007f0c54380800,
0x00007f0c54385000, 0x00007f0c54386800, 0x00007f0c54388000, 0x00007f0c54389800,
0x00007f0c5438b800, 0x00007f0c5438d800, 0x00007f0c5438f000, 0x00007f0c54391000,
0x00007f0c543d4000, 0x00007f0c543d6000, 0x00007f0c543da800, 0x00007f0c543db800,
0x00007f0c543dd000, 0x00007f0c543df000, 0x00007f0c543e1000, 0x00007f0c543e2800,
0x00007f0c54456800, 0x00007f0c544b5800, 0x00007f0c544b1000, 0x00007f0c544c8000,
0x00007f0c5000c000, 0x00007f0c5463e000, 0x00007f0c5463f000, 0x00007f0c54641000,
0x00007f0c54642800, 0x00007f0c54644800, 0x00007f0c54646800, 0x00007f0c54648000,
0x00007f0c5464a000, 0x00007f0c5469a800, 0x00007f0bcc001800, 0x00007f0bc0015800,
0x00007f0c546a3000, 0x00007f0c546a5000, 0x00007f0c546da000, 0x00007f0c546e2800,
0x00007f0c546f3800, 0x00007f0c546f7800, 0x00007f0c54757000, 0x00007f0c54877000,
0x00007f0c54879800, 0x00007f0c54880800, 0x00007f0c54884800, 0x00007f0bc4017000,
0x00007f0c54507800, 0x00007f0c55b5e800, 0x00007f0c559d0800, 0x00007f0c38006800,
0x00007f0bfc002800, 0x00007f0be8007000, 0x00007f0be8008000, 0x00007f0bf0003800,
0x00007f0bfc005800, 0x00007f0bfc007000, 0x00007f0c58001800, 0x00007f0c58004000,
0x00007f0c00001800, 0x00007f0c0c001800, 0x00007f0bfc008800, 0x00007f0c14001800,
0x00007f0c14003800, 0x00007f0c1c001800, 0x00007f0c18001800, 0x00007f0c38009800,
0x00007f0c200a0000
}

Java Threads: ( => current thread )
  0x00007f0cd0019800 JavaThread "main" [_thread_in_native, id=1207, stack(0x00007f0cd6644000,0x00007f0cd6745000)]
  0x00007f0cd0146000 JavaThread "Reference Handler" daemon [_thread_blocked, id=1214, stack(0x00007f0ca1179000,0x00007f0ca127a000)]
  0x00007f0cd0148000 JavaThread "Finalizer" daemon [_thread_blocked, id=1215, stack(0x00007f0ca1078000,0x00007f0ca1179000)]
  0x00007f0cd014f000 JavaThread "Signal Dispatcher" daemon [_thread_blocked, id=1216, stack(0x00007f0ca0e04000,0x00007f0ca0f05000)]
  0x00007f0cd0151000 JavaThread "Service Thread" daemon [_thread_blocked, id=1217, stack(0x00007f0ca0d03000,0x00007f0ca0e04000)]
  0x00007f0cd0153000 JavaThread "C2 CompilerThread0" daemon [_thread_blocked, id=1218, stack(0x00007f0ca0c02000,0x00007f0ca0d03000)]
  0x00007f0cd0155000 JavaThread "C1 CompilerThread0" daemon [_thread_blocked, id=1219, stack(0x00007f0ca0b01000,0x00007f0ca0c02000)]
  0x00007f0cd0157000 JavaThread "Sweeper thread" daemon [_thread_blocked, id=1220, stack(0x00007f0ca0a00000,0x00007f0ca0b01000)]
  0x00007f0cd01b9800 JavaThread "Common-Cleaner" daemon [_thread_blocked, id=1221, stack(0x00007f0ca08ff000,0x00007f0ca0a00000)]
  0x00007f0cd2777800 JavaThread "Thread-2" [_thread_in_native, id=1232, stack(0x00007f0c636ff000,0x00007f0c63800000)]
  0x00007f0c50009800 JavaThread "Thread-3" [_thread_blocked, id=1234, stack(0x00007f0c633fe000,0x00007f0c634ff000)]
  0x00007f0c54380800 JavaThread "rpc-boss-3-1" daemon [_thread_in_native, id=1238, stack(0x00007f0c629fa000,0x00007f0c62afb000)]
  0x00007f0c54385000 JavaThread "dispatcher-event-loop-0" daemon [_thread_blocked, id=1239, stack(0x00007f0c628f9000,0x00007f0c629fa000)]
  0x00007f0c54386800 JavaThread "dispatcher-event-loop-1" daemon [_thread_blocked, id=1240, stack(0x00007f0c627f8000,0x00007f0c628f9000)]
  0x00007f0c54388000 JavaThread "dispatcher-event-loop-2" daemon [_thread_blocked, id=1241, stack(0x00007f0c626f7000,0x00007f0c627f8000)]
  0x00007f0c54389800 JavaThread "dispatcher-event-loop-3" daemon [_thread_blocked, id=1242, stack(0x00007f0c625f6000,0x00007f0c626f7000)]
  0x00007f0c5438b800 JavaThread "dispatcher-event-loop-4" daemon [_thread_blocked, id=1243, stack(0x00007f0c624f5000,0x00007f0c625f6000)]
  0x00007f0c5438d800 JavaThread "dispatcher-event-loop-5" daemon [_thread_blocked, id=1244, stack(0x00007f0c623f4000,0x00007f0c624f5000)]
  0x00007f0c5438f000 JavaThread "dispatcher-event-loop-6" daemon [_thread_blocked, id=1245, stack(0x00007f0c622f3000,0x00007f0c623f4000)]
  0x00007f0c54391000 JavaThread "dispatcher-event-loop-7" daemon [_thread_blocked, id=1246, stack(0x00007f0c621f2000,0x00007f0c622f3000)]
  0x00007f0c543d4000 JavaThread "map-output-dispatcher-0" daemon [_thread_blocked, id=1247, stack(0x00007f0c61ef1000,0x00007f0c61ff2000)]
  0x00007f0c543d6000 JavaThread "map-output-dispatcher-1" daemon [_thread_blocked, id=1248, stack(0x00007f0c61df0000,0x00007f0c61ef1000)]
  0x00007f0c543da800 JavaThread "map-output-dispatcher-2" daemon [_thread_blocked, id=1249, stack(0x00007f0c61cef000,0x00007f0c61df0000)]
  0x00007f0c543db800 JavaThread "map-output-dispatcher-3" daemon [_thread_blocked, id=1250, stack(0x00007f0c61bee000,0x00007f0c61cef000)]
  0x00007f0c543dd000 JavaThread "map-output-dispatcher-4" daemon [_thread_blocked, id=1251, stack(0x00007f0c61aed000,0x00007f0c61bee000)]
  0x00007f0c543df000 JavaThread "map-output-dispatcher-5" daemon [_thread_blocked, id=1252, stack(0x00007f0c619ec000,0x00007f0c61aed000)]
  0x00007f0c543e1000 JavaThread "map-output-dispatcher-6" daemon [_thread_blocked, id=1253, stack(0x00007f0c618eb000,0x00007f0c619ec000)]
  0x00007f0c543e2800 JavaThread "map-output-dispatcher-7" daemon [_thread_blocked, id=1254, stack(0x00007f0c617ea000,0x00007f0c618eb000)]
  0x00007f0c54456800 JavaThread "dispatcher-BlockManagerMaster" daemon [_thread_blocked, id=1255, stack(0x00007f0c61510000,0x00007f0c61611000)]
  0x00007f0c544b5800 JavaThread "dispatcher-BlockManagerEndpoint1" daemon [_thread_blocked, id=1256, stack(0x00007f0c616e9000,0x00007f0c617ea000)]
  0x00007f0c544b1000 JavaThread "RemoteBlock-temp-file-clean-thread" daemon [_thread_blocked, id=1257, stack(0x00007f0c61234000,0x00007f0c61335000)]
  0x00007f0c544c8000 JavaThread "refresh progress" daemon [_thread_blocked, id=1258, stack(0x00007f0c60f33000,0x00007f0c61034000)]
  0x00007f0c5000c000 JavaThread "Thread-6" [_thread_in_native, id=1259, stack(0x00007f0c6140f000,0x00007f0c61510000)]
  0x00007f0c5463e000 JavaThread "SparkUI-41" daemon [_thread_in_native, id=1261, stack(0x00007f0c60c32000,0x00007f0c60d33000)]
  0x00007f0c5463f000 JavaThread "SparkUI-42" daemon [_thread_in_native, id=1262, stack(0x00007f0c60b31000,0x00007f0c60c32000)]
  0x00007f0c54641000 JavaThread "SparkUI-43" daemon [_thread_in_native, id=1263, stack(0x00007f0c60a30000,0x00007f0c60b31000)]
  0x00007f0c54642800 JavaThread "SparkUI-44" daemon [_thread_in_native, id=1264, stack(0x00007f0c6092f000,0x00007f0c60a30000)]
  0x00007f0c54644800 JavaThread "SparkUI-45-acceptor-0@6faab7e-Spark@83d45d1{HTTP/1.1, (http/1.1)}{0.0.0.0:4040}" daemon [_thread_in_native, id=1265, stack(0x00007f0c6082e000,0x00007f0c6092f000)]
  0x00007f0c54646800 JavaThread "SparkUI-46" daemon [_thread_blocked, id=1266, stack(0x00007f0c6072d000,0x00007f0c6082e000)]
  0x00007f0c54648000 JavaThread "SparkUI-47" daemon [_thread_blocked, id=1267, stack(0x00007f0c6062c000,0x00007f0c6072d000)]
  0x00007f0c5464a000 JavaThread "SparkUI-48" daemon [_thread_blocked, id=1268, stack(0x00007f0c6052b000,0x00007f0c6062c000)]
  0x00007f0c5469a800 JavaThread "dispatcher-HeartbeatReceiver" daemon [_thread_blocked, id=1269, stack(0x00007f0c6042a000,0x00007f0c6052b000)]
  0x00007f0bcc001800 JavaThread "heartbeat-receiver-event-loop-thread" daemon [_thread_blocked, id=1270, stack(0x00007f0c60329000,0x00007f0c6042a000)]
  0x00007f0bc0015800 JavaThread "netty-rpc-env-timeout" daemon [_thread_blocked, id=1271, stack(0x00007f0c60228000,0x00007f0c60329000)]
  0x00007f0c546a3000 JavaThread "task-starvation-timer" daemon [_thread_blocked, id=1272, stack(0x00007f0c60127000,0x00007f0c60228000)]
  0x00007f0c546a5000 JavaThread "task-abort-timer" daemon [_thread_blocked, id=1273, stack(0x00007f0c60026000,0x00007f0c60127000)]
  0x00007f0c546da000 JavaThread "dag-scheduler-event-loop" daemon [_thread_blocked, id=1274, stack(0x00007f0bb7eff000,0x00007f0bb8000000)]
  0x00007f0c546e2800 JavaThread "driver-heartbeater" daemon [_thread_blocked, id=1275, stack(0x00007f0bb7bfe000,0x00007f0bb7cff000)]
  0x00007f0c546f3800 JavaThread "executor-kill-mark-cleanup" daemon [_thread_blocked, id=1276, stack(0x00007f0bb7afd000,0x00007f0bb7bfe000)]
  0x00007f0c546f7800 JavaThread "executor-heartbeater" daemon [_thread_blocked, id=1277, stack(0x00007f0bb79fc000,0x00007f0bb7afd000)]
  0x00007f0c54757000 JavaThread "shuffle-boss-6-1" daemon [_thread_in_native, id=1278, stack(0x00007f0bb78fb000,0x00007f0bb79fc000)]
  0x00007f0c54877000 JavaThread "Spark Context Cleaner" daemon [_thread_blocked, id=1279, stack(0x00007f0bb75fa000,0x00007f0bb76fb000)]
  0x00007f0c54879800 JavaThread "context-cleaner-periodic-gc" daemon [_thread_blocked, id=1280, stack(0x00007f0bb74f9000,0x00007f0bb75fa000)]
  0x00007f0c54880800 JavaThread "spark-listener-group-appStatus" daemon [_thread_blocked, id=1281, stack(0x00007f0bb73f8000,0x00007f0bb74f9000)]
  0x00007f0c54884800 JavaThread "spark-listener-group-executorManagement" daemon [_thread_blocked, id=1282, stack(0x00007f0bb72f7000,0x00007f0bb73f8000)]
  0x00007f0bc4017000 JavaThread "element-tracking-store-worker" daemon [_thread_blocked, id=1283, stack(0x00007f0bb6ff6000,0x00007f0bb70f7000)]
  0x00007f0c54507800 JavaThread "org.apache.hadoop.fs.FileSystem$Statistics$StatisticsDataReferenceCleaner" daemon [_thread_blocked, id=1293, stack(0x00007f0ca06cc000,0x00007f0ca07cd000)]
  0x00007f0c55b5e800 JavaThread "ForkJoinPool.commonPool-worker-3" daemon [_thread_blocked, id=1298, stack(0x00007f0bb58f3000,0x00007f0bb59f4000)]
  0x00007f0c559d0800 JavaThread "idle-connection-reaper" daemon [_thread_blocked, id=1300, stack(0x00007f0bb41ab000,0x00007f0bb42ac000)]
  0x00007f0c38006800 JavaThread "task-result-getter-0" daemon [_thread_blocked, id=1304, stack(0x00007f0bacf9a000,0x00007f0bad09b000)]
  0x00007f0bfc002800 JavaThread "block-manager-storage-async-thread-pool-0" daemon [_thread_blocked, id=1333, stack(0x00007f0bac499000,0x00007f0bac59a000)]
  0x00007f0be8007000 JavaThread "block-manager-storage-async-thread-pool-1" daemon [_thread_blocked, id=1334, stack(0x00007f0bac398000,0x00007f0bac499000)]
  0x00007f0be8008000 JavaThread "block-manager-storage-async-thread-pool-2" daemon [_thread_blocked, id=1335, stack(0x00007f0bac097000,0x00007f0bac198000)]
  0x00007f0bf0003800 JavaThread "block-manager-ask-thread-pool-0" daemon [_thread_blocked, id=1336, stack(0x00007f0ba7eff000,0x00007f0ba8000000)]
  0x00007f0bfc005800 JavaThread "block-manager-ask-thread-pool-1" daemon [_thread_blocked, id=1337, stack(0x00007f0ba7dfe000,0x00007f0ba7eff000)]
  0x00007f0bfc007000 JavaThread "block-manager-storage-async-thread-pool-3" daemon [_thread_blocked, id=1353, stack(0x00007f0bb40aa000,0x00007f0bb41ab000)]
  0x00007f0c58001800 JavaThread "block-manager-storage-async-thread-pool-4" daemon [_thread_blocked, id=1354, stack(0x00007f0ba7afd000,0x00007f0ba7bfe000)]
  0x00007f0c58004000 JavaThread "block-manager-storage-async-thread-pool-5" daemon [_thread_blocked, id=1355, stack(0x00007f0ba79fc000,0x00007f0ba7afd000)]
  0x00007f0c00001800 JavaThread "block-manager-ask-thread-pool-2" daemon [_thread_blocked, id=1356, stack(0x00007f0ba78fb000,0x00007f0ba79fc000)]
  0x00007f0c0c001800 JavaThread "block-manager-ask-thread-pool-3" daemon [_thread_blocked, id=1357, stack(0x00007f0ba77fa000,0x00007f0ba78fb000)]
  0x00007f0bfc008800 JavaThread "block-manager-storage-async-thread-pool-6" daemon [_thread_blocked, id=1358, stack(0x00007f0ba76f9000,0x00007f0ba77fa000)]
  0x00007f0c14001800 JavaThread "block-manager-storage-async-thread-pool-7" daemon [_thread_blocked, id=1359, stack(0x00007f0ba75f8000,0x00007f0ba76f9000)]
  0x00007f0c14003800 JavaThread "block-manager-storage-async-thread-pool-8" daemon [_thread_blocked, id=1360, stack(0x00007f0ba74f7000,0x00007f0ba75f8000)]
  0x00007f0c1c001800 JavaThread "block-manager-ask-thread-pool-4" daemon [_thread_blocked, id=1361, stack(0x00007f0ba73f6000,0x00007f0ba74f7000)]
  0x00007f0c18001800 JavaThread "block-manager-ask-thread-pool-5" daemon [_thread_blocked, id=1362, stack(0x00007f0ba72f5000,0x00007f0ba73f6000)]
=>0x00007f0c38009800 JavaThread "Executor task launch worker for task 0.0 in stage 1.0 (TID 1)" daemon [_thread_in_vm, id=1363, stack(0x00007f0ba6ff4000,0x00007f0ba70f5000)]
  0x00007f0c200a0000 JavaThread "ForkJoinPool.commonPool-worker-5" daemon [_thread_blocked, id=1364, stack(0x00007f0ba6ef3000,0x00007f0ba6ff4000)]

Other Threads:
  0x00007f0cd0143000 VMThread "VM Thread" [stack: 0x00007f0ca127b000,0x00007f0ca137b000] [id=1213]
  0x00007f0cd01bd000 WatcherThread [stack: 0x00007f0ca07ff000,0x00007f0ca08ff000] [id=1222]
  0x00007f0cd0031000 GCTaskThread "GC Thread#0" [stack: 0x00007f0cd62f0000,0x00007f0cd63f0000] [id=1208]
  0x00007f0c98001000 GCTaskThread "GC Thread#1" [stack: 0x00007f0ca04f4000,0x00007f0ca05f4000] [id=1224]
  0x00007f0c98002800 GCTaskThread "GC Thread#2" [stack: 0x00007f0ca03f3000,0x00007f0ca04f3000] [id=1225]
  0x00007f0c98029800 GCTaskThread "GC Thread#3" [stack: 0x00007f0c630fe000,0x00007f0c631fe000] [id=1235]
  0x00007f0c9802b000 GCTaskThread "GC Thread#4" [stack: 0x00007f0c62ffd000,0x00007f0c630fd000] [id=1236]
  0x00007f0c9802c800 GCTaskThread "GC Thread#5" [stack: 0x00007f0c62efc000,0x00007f0c62ffc000] [id=1237]
  0x00007f0c9808e000 GCTaskThread "GC Thread#6" [stack: 0x00007f0bb6ef6000,0x00007f0bb6ff6000] [id=1284]
  0x00007f0c9808f800 GCTaskThread "GC Thread#7" [stack: 0x00007f0bb6df5000,0x00007f0bb6ef5000] [id=1285]
  0x00007f0cd0071800 ConcurrentGCThread "G1 Main Marker" [stack: 0x00007f0cd40bd000,0x00007f0cd41bd000] [id=1209]
  0x00007f0cd0073800 ConcurrentGCThread "G1 Conc#0" [stack: 0x00007f0cb86c5000,0x00007f0cb87c5000] [id=1210]
  0x00007f0ca4001000 ConcurrentGCThread "G1 Conc#1" [stack: 0x00007f0ca02f2000,0x00007f0ca03f2000] [id=1226]
  0x00007f0cd0104800 ConcurrentGCThread "G1 Refine#0" [stack: 0x00007f0ca1cfe000,0x00007f0ca1dfe000] [id=1211]
  0x00007f0cd0106800 ConcurrentGCThread "G1 Young RemSet Sampling" [stack: 0x00007f0ca1bfd000,0x00007f0ca1cfd000] [id=1212]

Threads with active compile tasks:

VM state:not at safepoint (normal execution)

VM Mutex/Monitor currently owned by a thread: None

Heap address: 0x0000000700000000, size: 4096 MB, Compressed Oops mode: Zero based, Oop shift amount: 3
Narrow klass base: 0x0000000800000000, Narrow klass shift: 3
Compressed class space size: 1073741824 Address: 0x0000000840000000

Heap:
 garbage-first heap   total 242688K, used 156865K [0x0000000700000000, 0x0000000800000000)
  region size 1024K, 39 young (39936K), 7 survivors (7168K)
 Metaspace       used 153764K, capacity 161332K, committed 161664K, reserved 1185792K
  class space    used 21702K, capacity 25381K, committed 25472K, reserved 1048576K
Heap Regions: E=young(eden), S=young(survivor), O=old, HS=humongous(starts), HC=humongous(continues), CS=collection set, F=free, A=archive, TAMS=top-at-mark-start (previous, next)
|   0|0x0000000700000000, 0x0000000700100000, 0x0000000700100000|100%|HS|  |TAMS 0x0000000700100000, 0x0000000700000000| Complete 
|   1|0x0000000700100000, 0x0000000700200000, 0x0000000700200000|100%|HS|  |TAMS 0x0000000700200000, 0x0000000700100000| Complete 
|   2|0x0000000700200000, 0x0000000700300000, 0x0000000700300000|100%|HS|  |TAMS 0x0000000700300000, 0x0000000700200000| Complete 
|   3|0x0000000700300000, 0x0000000700400000, 0x0000000700400000|100%|HC|  |TAMS 0x0000000700400000, 0x0000000700300000| Complete 
|   4|0x0000000700400000, 0x0000000700500000, 0x0000000700500000|100%|HC|  |TAMS 0x0000000700500000, 0x0000000700400000| Complete 
|   5|0x0000000700500000, 0x0000000700600000, 0x0000000700600000|100%|HS|  |TAMS 0x0000000700600000, 0x0000000700500000| Complete 
|   6|0x0000000700600000, 0x0000000700700000, 0x0000000700700000|100%|HC|  |TAMS 0x0000000700700000, 0x0000000700600000| Complete 
|   7|0x0000000700700000, 0x0000000700800000, 0x0000000700800000|100%|HC|  |TAMS 0x0000000700800000, 0x0000000700700000| Complete 
|   8|0x0000000700800000, 0x0000000700900000, 0x0000000700900000|100%|HC|  |TAMS 0x0000000700900000, 0x0000000700800000| Complete 
|   9|0x0000000700900000, 0x0000000700a00000, 0x0000000700a00000|100%|HC|  |TAMS 0x0000000700a00000, 0x0000000700900000| Complete 
|  10|0x0000000700a00000, 0x0000000700b00000, 0x0000000700b00000|100%|HC|  |TAMS 0x0000000700b00000, 0x0000000700a00000| Complete 
|  11|0x0000000700b00000, 0x0000000700c00000, 0x0000000700c00000|100%|HC|  |TAMS 0x0000000700c00000, 0x0000000700b00000| Complete 
|  12|0x0000000700c00000, 0x0000000700d00000, 0x0000000700d00000|100%|HC|  |TAMS 0x0000000700d00000, 0x0000000700c00000| Complete 
|  13|0x0000000700d00000, 0x0000000700e00000, 0x0000000700e00000|100%|HC|  |TAMS 0x0000000700e00000, 0x0000000700d00000| Complete 
|  14|0x0000000700e00000, 0x0000000700f00000, 0x0000000700f00000|100%|HC|  |TAMS 0x0000000700f00000, 0x0000000700e00000| Complete 
|  15|0x0000000700f00000, 0x0000000701000000, 0x0000000701000000|100%|HC|  |TAMS 0x0000000701000000, 0x0000000700f00000| Complete 
|  16|0x0000000701000000, 0x0000000701100000, 0x0000000701100000|100%|HC|  |TAMS 0x0000000701100000, 0x0000000701000000| Complete 
|  17|0x0000000701100000, 0x0000000701200000, 0x0000000701200000|100%|HC|  |TAMS 0x0000000701200000, 0x0000000701100000| Complete 
|  18|0x0000000701200000, 0x0000000701300000, 0x0000000701300000|100%|HC|  |TAMS 0x0000000701300000, 0x0000000701200000| Complete 
|  19|0x0000000701300000, 0x0000000701400000, 0x0000000701400000|100%|HC|  |TAMS 0x0000000701400000, 0x0000000701300000| Complete 
|  20|0x0000000701400000, 0x0000000701500000, 0x0000000701500000|100%|HC|  |TAMS 0x0000000701500000, 0x0000000701400000| Complete 
|  21|0x0000000701500000, 0x0000000701600000, 0x0000000701600000|100%|HC|  |TAMS 0x0000000701600000, 0x0000000701500000| Complete 
|  22|0x0000000701600000, 0x0000000701700000, 0x0000000701700000|100%|HC|  |TAMS 0x0000000701700000, 0x0000000701600000| Complete 
|  23|0x0000000701700000, 0x0000000701800000, 0x0000000701800000|100%|HC|  |TAMS 0x0000000701800000, 0x0000000701700000| Complete 
|  24|0x0000000701800000, 0x0000000701900000, 0x0000000701900000|100%|HC|  |TAMS 0x0000000701900000, 0x0000000701800000| Complete 
|  25|0x0000000701900000, 0x0000000701a00000, 0x0000000701a00000|100%|HC|  |TAMS 0x0000000701a00000, 0x0000000701900000| Complete 
|  26|0x0000000701a00000, 0x0000000701b00000, 0x0000000701b00000|100%|HC|  |TAMS 0x0000000701b00000, 0x0000000701a00000| Complete 
|  27|0x0000000701b00000, 0x0000000701c00000, 0x0000000701c00000|100%|HC|  |TAMS 0x0000000701c00000, 0x0000000701b00000| Complete 
|  28|0x0000000701c00000, 0x0000000701d00000, 0x0000000701d00000|100%|HC|  |TAMS 0x0000000701d00000, 0x0000000701c00000| Complete 
|  29|0x0000000701d00000, 0x0000000701e00000, 0x0000000701e00000|100%|HC|  |TAMS 0x0000000701e00000, 0x0000000701d00000| Complete 
|  30|0x0000000701e00000, 0x0000000701f00000, 0x0000000701f00000|100%|HC|  |TAMS 0x0000000701f00000, 0x0000000701e00000| Complete 
|  31|0x0000000701f00000, 0x0000000702000000, 0x0000000702000000|100%|HC|  |TAMS 0x0000000702000000, 0x0000000701f00000| Complete 
|  32|0x0000000702000000, 0x0000000702100000, 0x0000000702100000|100%|HC|  |TAMS 0x0000000702100000, 0x0000000702000000| Complete 
|  33|0x0000000702100000, 0x0000000702200000, 0x0000000702200000|100%|HC|  |TAMS 0x0000000702200000, 0x0000000702100000| Complete 
|  34|0x0000000702200000, 0x0000000702300000, 0x0000000702300000|100%|HC|  |TAMS 0x0000000702300000, 0x0000000702200000| Complete 
|  35|0x0000000702300000, 0x0000000702400000, 0x0000000702400000|100%|HC|  |TAMS 0x0000000702400000, 0x0000000702300000| Complete 
|  36|0x0000000702400000, 0x0000000702500000, 0x0000000702500000|100%|HC|  |TAMS 0x0000000702500000, 0x0000000702400000| Complete 
|  37|0x0000000702500000, 0x0000000702600000, 0x0000000702600000|100%|HC|  |TAMS 0x0000000702600000, 0x0000000702500000| Complete 
|  38|0x0000000702600000, 0x0000000702700000, 0x0000000702700000|100%|HC|  |TAMS 0x0000000702700000, 0x0000000702600000| Complete 
|  39|0x0000000702700000, 0x0000000702800000, 0x0000000702800000|100%|HC|  |TAMS 0x0000000702800000, 0x0000000702700000| Complete 
|  40|0x0000000702800000, 0x0000000702900000, 0x0000000702900000|100%|HC|  |TAMS 0x0000000702900000, 0x0000000702800000| Complete 
|  41|0x0000000702900000, 0x0000000702a00000, 0x0000000702a00000|100%|HC|  |TAMS 0x0000000702a00000, 0x0000000702900000| Complete 
|  42|0x0000000702a00000, 0x0000000702b00000, 0x0000000702b00000|100%|HC|  |TAMS 0x0000000702b00000, 0x0000000702a00000| Complete 
|  43|0x0000000702b00000, 0x0000000702c00000, 0x0000000702c00000|100%|HC|  |TAMS 0x0000000702c00000, 0x0000000702b00000| Complete 
|  44|0x0000000702c00000, 0x0000000702d00000, 0x0000000702d00000|100%|HC|  |TAMS 0x0000000702d00000, 0x0000000702c00000| Complete 
|  45|0x0000000702d00000, 0x0000000702e00000, 0x0000000702e00000|100%|HC|  |TAMS 0x0000000702e00000, 0x0000000702d00000| Complete 
|  46|0x0000000702e00000, 0x0000000702f00000, 0x0000000702f00000|100%|HC|  |TAMS 0x0000000702f00000, 0x0000000702e00000| Complete 
|  47|0x0000000702f00000, 0x0000000703000000, 0x0000000703000000|100%|HC|  |TAMS 0x0000000703000000, 0x0000000702f00000| Complete 
|  48|0x0000000703000000, 0x0000000703100000, 0x0000000703100000|100%|HC|  |TAMS 0x0000000703100000, 0x0000000703000000| Complete 
|  49|0x0000000703100000, 0x0000000703200000, 0x0000000703200000|100%|HC|  |TAMS 0x0000000703200000, 0x0000000703100000| Complete 
|  50|0x0000000703200000, 0x0000000703300000, 0x0000000703300000|100%|HC|  |TAMS 0x0000000703300000, 0x0000000703200000| Complete 
|  51|0x0000000703300000, 0x0000000703400000, 0x0000000703400000|100%|HC|  |TAMS 0x0000000703400000, 0x0000000703300000| Complete 
|  52|0x0000000703400000, 0x0000000703500000, 0x0000000703500000|100%|HC|  |TAMS 0x0000000703500000, 0x0000000703400000| Complete 
|  53|0x0000000703500000, 0x0000000703600000, 0x0000000703600000|100%| O|  |TAMS 0x0000000703600000, 0x0000000703500000| Untracked 
|  54|0x0000000703600000, 0x0000000703700000, 0x0000000703700000|100%| O|  |TAMS 0x0000000703700000, 0x0000000703600000| Untracked 
|  55|0x0000000703700000, 0x0000000703800000, 0x0000000703800000|100%| O|  |TAMS 0x0000000703800000, 0x0000000703700000| Untracked 
|  56|0x0000000703800000, 0x0000000703900000, 0x0000000703900000|100%| O|  |TAMS 0x0000000703900000, 0x0000000703800000| Untracked 
|  57|0x0000000703900000, 0x0000000703a00000, 0x0000000703a00000|100%| O|  |TAMS 0x0000000703a00000, 0x0000000703900000| Untracked 
|  58|0x0000000703a00000, 0x0000000703b00000, 0x0000000703b00000|100%| O|  |TAMS 0x0000000703b00000, 0x0000000703a00000| Untracked 
|  59|0x0000000703b00000, 0x0000000703c00000, 0x0000000703c00000|100%| O|  |TAMS 0x0000000703c00000, 0x0000000703b00000| Untracked 
|  60|0x0000000703c00000, 0x0000000703d00000, 0x0000000703d00000|100%| O|  |TAMS 0x0000000703d00000, 0x0000000703c00000| Untracked 
|  61|0x0000000703d00000, 0x0000000703e00000, 0x0000000703e00000|100%| O|  |TAMS 0x0000000703e00000, 0x0000000703d00000| Untracked 
|  62|0x0000000703e00000, 0x0000000703f00000, 0x0000000703f00000|100%|HS|  |TAMS 0x0000000703f00000, 0x0000000703e00000| Complete 
|  63|0x0000000703f00000, 0x0000000704000000, 0x0000000704000000|100%|HC|  |TAMS 0x0000000704000000, 0x0000000703f00000| Complete 
|  64|0x0000000704000000, 0x0000000704100000, 0x0000000704100000|100%|HC|  |TAMS 0x0000000704100000, 0x0000000704000000| Complete 
|  65|0x0000000704100000, 0x0000000704200000, 0x0000000704200000|100%|HC|  |TAMS 0x0000000704200000, 0x0000000704100000| Complete 
|  66|0x0000000704200000, 0x0000000704300000, 0x0000000704300000|100%|HC|  |TAMS 0x0000000704300000, 0x0000000704200000| Complete 
|  67|0x0000000704300000, 0x0000000704400000, 0x0000000704400000|100%|HS|  |TAMS 0x0000000704400000, 0x0000000704300000| Complete 
|  68|0x0000000704400000, 0x0000000704500000, 0x0000000704500000|100%| O|  |TAMS 0x0000000704500000, 0x0000000704400000| Untracked 
|  69|0x0000000704500000, 0x0000000704600000, 0x0000000704600000|100%| O|  |TAMS 0x0000000704600000, 0x0000000704500000| Untracked 
|  70|0x0000000704600000, 0x0000000704700000, 0x0000000704700000|100%| O|  |TAMS 0x0000000704700000, 0x0000000704600000| Untracked 
|  71|0x0000000704700000, 0x0000000704800000, 0x0000000704800000|100%|HS|  |TAMS 0x0000000704800000, 0x0000000704700000| Complete 
|  72|0x0000000704800000, 0x0000000704900000, 0x0000000704900000|100%|HC|  |TAMS 0x0000000704900000, 0x0000000704800000| Complete 
|  73|0x0000000704900000, 0x0000000704a00000, 0x0000000704a00000|100%|HC|  |TAMS 0x0000000704a00000, 0x0000000704900000| Complete 
|  74|0x0000000704a00000, 0x0000000704b00000, 0x0000000704b00000|100%|HS|  |TAMS 0x0000000704b00000, 0x0000000704a00000| Complete 
|  75|0x0000000704b00000, 0x0000000704c00000, 0x0000000704c00000|100%|HC|  |TAMS 0x0000000704c00000, 0x0000000704b00000| Complete 
|  76|0x0000000704c00000, 0x0000000704d00000, 0x0000000704d00000|100%| O|  |TAMS 0x0000000704d00000, 0x0000000704c00000| Untracked 
|  77|0x0000000704d00000, 0x0000000704e00000, 0x0000000704e00000|100%| O|  |TAMS 0x0000000704e00000, 0x0000000704d00000| Untracked 
|  78|0x0000000704e00000, 0x0000000704f00000, 0x0000000704f00000|100%| O|  |TAMS 0x0000000704f00000, 0x0000000704e00000| Untracked 
|  79|0x0000000704f00000, 0x0000000705000000, 0x0000000705000000|100%| O|  |TAMS 0x0000000705000000, 0x0000000704f00000| Untracked 
|  80|0x0000000705000000, 0x0000000705100000, 0x0000000705100000|100%| O|  |TAMS 0x0000000705100000, 0x0000000705000000| Untracked 
|  81|0x0000000705100000, 0x0000000705200000, 0x0000000705200000|100%| O|  |TAMS 0x0000000705200000, 0x0000000705100000| Untracked 
|  82|0x0000000705200000, 0x0000000705300000, 0x0000000705300000|100%| O|  |TAMS 0x0000000705300000, 0x0000000705200000| Untracked 
|  83|0x0000000705300000, 0x0000000705400000, 0x0000000705400000|100%| O|  |TAMS 0x0000000705400000, 0x0000000705300000| Untracked 
|  84|0x0000000705400000, 0x0000000705500000, 0x0000000705500000|100%| O|  |TAMS 0x0000000705500000, 0x0000000705400000| Untracked 
|  85|0x0000000705500000, 0x0000000705600000, 0x0000000705600000|100%| O|  |TAMS 0x0000000705600000, 0x0000000705500000| Untracked 
|  86|0x0000000705600000, 0x0000000705700000, 0x0000000705700000|100%| O|  |TAMS 0x0000000705700000, 0x0000000705600000| Untracked 
|  87|0x0000000705700000, 0x0000000705800000, 0x0000000705800000|100%| O|  |TAMS 0x0000000705800000, 0x0000000705700000| Untracked 
|  88|0x0000000705800000, 0x0000000705900000, 0x0000000705900000|100%| O|  |TAMS 0x0000000705900000, 0x0000000705800000| Untracked 
|  89|0x0000000705900000, 0x0000000705a00000, 0x0000000705a00000|100%| O|  |TAMS 0x0000000705a00000, 0x0000000705900000| Untracked 
|  90|0x0000000705a00000, 0x0000000705b00000, 0x0000000705b00000|100%| O|  |TAMS 0x0000000705b00000, 0x0000000705a00000| Untracked 
|  91|0x0000000705b00000, 0x0000000705c00000, 0x0000000705c00000|100%| O|  |TAMS 0x0000000705c00000, 0x0000000705b00000| Untracked 
|  92|0x0000000705c00000, 0x0000000705d00000, 0x0000000705d00000|100%| O|  |TAMS 0x0000000705d00000, 0x0000000705c00000| Untracked 
|  93|0x0000000705d00000, 0x0000000705e00000, 0x0000000705e00000|100%| O|  |TAMS 0x0000000705e00000, 0x0000000705d00000| Untracked 
|  94|0x0000000705e00000, 0x0000000705f00000, 0x0000000705f00000|100%| O|  |TAMS 0x0000000705f00000, 0x0000000705e00000| Untracked 
|  95|0x0000000705f00000, 0x0000000706000000, 0x0000000706000000|100%| O|  |TAMS 0x0000000706000000, 0x0000000705f00000| Untracked 
|  96|0x0000000706000000, 0x0000000706100000, 0x0000000706100000|100%| O|  |TAMS 0x0000000706100000, 0x0000000706000000| Untracked 
|  97|0x0000000706100000, 0x0000000706200000, 0x0000000706200000|100%| O|  |TAMS 0x0000000706200000, 0x0000000706100000| Untracked 
|  98|0x0000000706200000, 0x0000000706300000, 0x0000000706300000|100%| O|  |TAMS 0x0000000706300000, 0x0000000706200000| Untracked 
|  99|0x0000000706300000, 0x0000000706400000, 0x0000000706400000|100%| O|  |TAMS 0x0000000706400000, 0x0000000706300000| Untracked 
| 100|0x0000000706400000, 0x0000000706500000, 0x0000000706500000|100%| O|  |TAMS 0x0000000706500000, 0x0000000706400000| Untracked 
| 101|0x0000000706500000, 0x0000000706600000, 0x0000000706600000|100%| O|  |TAMS 0x0000000706600000, 0x0000000706500000| Untracked 
| 102|0x0000000706600000, 0x0000000706700000, 0x0000000706700000|100%| O|  |TAMS 0x0000000706700000, 0x0000000706600000| Untracked 
| 103|0x0000000706700000, 0x0000000706800000, 0x0000000706800000|100%| O|  |TAMS 0x0000000706800000, 0x0000000706700000| Untracked 
| 104|0x0000000706800000, 0x0000000706900000, 0x0000000706900000|100%| O|  |TAMS 0x0000000706900000, 0x0000000706800000| Untracked 
| 105|0x0000000706900000, 0x0000000706a00000, 0x0000000706a00000|100%| O|  |TAMS 0x0000000706a00000, 0x0000000706900000| Untracked 
| 106|0x0000000706a00000, 0x0000000706b00000, 0x0000000706b00000|100%| O|  |TAMS 0x0000000706b00000, 0x0000000706a00000| Untracked 
| 107|0x0000000706b00000, 0x0000000706c00000, 0x0000000706c00000|100%| O|  |TAMS 0x0000000706c00000, 0x0000000706b00000| Untracked 
| 108|0x0000000706c00000, 0x0000000706d00000, 0x0000000706d00000|100%| O|  |TAMS 0x0000000706d00000, 0x0000000706c00000| Untracked 
| 109|0x0000000706d00000, 0x0000000706e00000, 0x0000000706e00000|100%|HS|  |TAMS 0x0000000706d00000, 0x0000000706d00000| Complete 
| 110|0x0000000706e00000, 0x0000000706f00000, 0x0000000706f00000|100%|HC|  |TAMS 0x0000000706e00000, 0x0000000706e00000| Complete 
| 111|0x0000000706f00000, 0x0000000707000000, 0x0000000707000000|100%|HC|  |TAMS 0x0000000706f00000, 0x0000000706f00000| Complete 
| 112|0x0000000707000000, 0x0000000707100000, 0x0000000707100000|100%|HC|  |TAMS 0x0000000707000000, 0x0000000707000000| Complete 
| 113|0x0000000707100000, 0x0000000707200000, 0x0000000707200000|100%|HC|  |TAMS 0x0000000707100000, 0x0000000707100000| Complete 
| 114|0x0000000707200000, 0x0000000707200000, 0x0000000707300000|  0%| F|  |TAMS 0x0000000707200000, 0x0000000707200000| Untracked 
| 115|0x0000000707300000, 0x0000000707300000, 0x0000000707400000|  0%| F|  |TAMS 0x0000000707300000, 0x0000000707300000| Untracked 
| 116|0x0000000707400000, 0x0000000707400000, 0x0000000707500000|  0%| F|  |TAMS 0x0000000707400000, 0x0000000707400000| Untracked 
| 117|0x0000000707500000, 0x0000000707500000, 0x0000000707600000|  0%| F|  |TAMS 0x0000000707500000, 0x0000000707500000| Untracked 
| 118|0x0000000707600000, 0x0000000707600000, 0x0000000707700000|  0%| F|  |TAMS 0x0000000707600000, 0x0000000707600000| Untracked 
| 119|0x0000000707700000, 0x00000007077dde00, 0x0000000707800000| 86%| O|  |TAMS 0x00000007077dde00, 0x0000000707700000| Untracked 
| 120|0x0000000707800000, 0x0000000707800000, 0x0000000707900000|  0%| F|  |TAMS 0x0000000707800000, 0x0000000707800000| Untracked 
| 121|0x0000000707900000, 0x0000000707900000, 0x0000000707a00000|  0%| F|  |TAMS 0x0000000707900000, 0x0000000707900000| Untracked 
| 122|0x0000000707a00000, 0x0000000707a00000, 0x0000000707b00000|  0%| F|  |TAMS 0x0000000707a00000, 0x0000000707a00000| Untracked 
| 123|0x0000000707b00000, 0x0000000707b00000, 0x0000000707c00000|  0%| F|  |TAMS 0x0000000707b00000, 0x0000000707b00000| Untracked 
| 124|0x0000000707c00000, 0x0000000707c00000, 0x0000000707d00000|  0%| F|  |TAMS 0x0000000707c00000, 0x0000000707c00000| Untracked 
| 125|0x0000000707d00000, 0x0000000707d00000, 0x0000000707e00000|  0%| F|  |TAMS 0x0000000707d00000, 0x0000000707d00000| Untracked 
| 126|0x0000000707e00000, 0x0000000707e00000, 0x0000000707f00000|  0%| F|  |TAMS 0x0000000707e00000, 0x0000000707e00000| Untracked 
| 127|0x0000000707f00000, 0x0000000707f00000, 0x0000000708000000|  0%| F|  |TAMS 0x0000000707f00000, 0x0000000707f00000| Untracked 
| 128|0x0000000708000000, 0x0000000708000000, 0x0000000708100000|  0%| F|  |TAMS 0x0000000708000000, 0x0000000708000000| Untracked 
| 129|0x0000000708100000, 0x0000000708100000, 0x0000000708200000|  0%| F|  |TAMS 0x0000000708100000, 0x0000000708100000| Untracked 
| 130|0x0000000708200000, 0x0000000708200000, 0x0000000708300000|  0%| F|  |TAMS 0x0000000708200000, 0x0000000708200000| Untracked 
| 131|0x0000000708300000, 0x0000000708300000, 0x0000000708400000|  0%| F|  |TAMS 0x0000000708300000, 0x0000000708300000| Untracked 
| 132|0x0000000708400000, 0x0000000708400000, 0x0000000708500000|  0%| F|  |TAMS 0x0000000708400000, 0x0000000708400000| Untracked 
| 133|0x0000000708500000, 0x0000000708500000, 0x0000000708600000|  0%| F|  |TAMS 0x0000000708500000, 0x0000000708500000| Untracked 
| 134|0x0000000708600000, 0x0000000708600000, 0x0000000708700000|  0%| F|  |TAMS 0x0000000708600000, 0x0000000708600000| Untracked 
| 135|0x0000000708700000, 0x0000000708700000, 0x0000000708800000|  0%| F|  |TAMS 0x0000000708700000, 0x0000000708700000| Untracked 
| 136|0x0000000708800000, 0x0000000708800000, 0x0000000708900000|  0%| F|  |TAMS 0x0000000708800000, 0x0000000708800000| Untracked 
| 137|0x0000000708900000, 0x0000000708900000, 0x0000000708a00000|  0%| F|  |TAMS 0x0000000708900000, 0x0000000708900000| Untracked 
| 138|0x0000000708a00000, 0x0000000708a00000, 0x0000000708b00000|  0%| F|  |TAMS 0x0000000708a00000, 0x0000000708a00000| Untracked 
| 139|0x0000000708b00000, 0x0000000708b00000, 0x0000000708c00000|  0%| F|  |TAMS 0x0000000708b00000, 0x0000000708b00000| Untracked 
| 140|0x0000000708c00000, 0x0000000708c00000, 0x0000000708d00000|  0%| F|  |TAMS 0x0000000708c00000, 0x0000000708c00000| Untracked 
| 141|0x0000000708d00000, 0x0000000708d00000, 0x0000000708e00000|  0%| F|  |TAMS 0x0000000708d00000, 0x0000000708d00000| Untracked 
| 142|0x0000000708e00000, 0x0000000708e00000, 0x0000000708f00000|  0%| F|  |TAMS 0x0000000708e00000, 0x0000000708e00000| Untracked 
| 143|0x0000000708f00000, 0x0000000708f00000, 0x0000000709000000|  0%| F|  |TAMS 0x0000000708f00000, 0x0000000708f00000| Untracked 
| 144|0x0000000709000000, 0x0000000709000000, 0x0000000709100000|  0%| F|  |TAMS 0x0000000709000000, 0x0000000709000000| Untracked 
| 145|0x0000000709100000, 0x0000000709100000, 0x0000000709200000|  0%| F|  |TAMS 0x0000000709100000, 0x0000000709100000| Untracked 
| 146|0x0000000709200000, 0x0000000709200000, 0x0000000709300000|  0%| F|  |TAMS 0x0000000709200000, 0x0000000709200000| Untracked 
| 147|0x0000000709300000, 0x0000000709300000, 0x0000000709400000|  0%| F|  |TAMS 0x0000000709300000, 0x0000000709300000| Untracked 
| 148|0x0000000709400000, 0x0000000709400000, 0x0000000709500000|  0%| F|  |TAMS 0x0000000709400000, 0x0000000709400000| Untracked 
| 149|0x0000000709500000, 0x0000000709500000, 0x0000000709600000|  0%| F|  |TAMS 0x0000000709500000, 0x0000000709500000| Untracked 
| 150|0x0000000709600000, 0x0000000709600000, 0x0000000709700000|  0%| F|  |TAMS 0x0000000709600000, 0x0000000709600000| Untracked 
| 151|0x0000000709700000, 0x0000000709700000, 0x0000000709800000|  0%| F|  |TAMS 0x0000000709700000, 0x0000000709700000| Untracked 
| 152|0x0000000709800000, 0x0000000709800000, 0x0000000709900000|  0%| F|  |TAMS 0x0000000709800000, 0x0000000709800000| Untracked 
| 153|0x0000000709900000, 0x0000000709900000, 0x0000000709a00000|  0%| F|  |TAMS 0x0000000709900000, 0x0000000709900000| Untracked 
| 154|0x0000000709a00000, 0x0000000709a00000, 0x0000000709b00000|  0%| F|  |TAMS 0x0000000709a00000, 0x0000000709a00000| Untracked 
| 155|0x0000000709b00000, 0x0000000709b00000, 0x0000000709c00000|  0%| F|  |TAMS 0x0000000709b00000, 0x0000000709b00000| Untracked 
| 156|0x0000000709c00000, 0x0000000709c00000, 0x0000000709d00000|  0%| F|  |TAMS 0x0000000709c00000, 0x0000000709c00000| Untracked 
| 157|0x0000000709d00000, 0x0000000709d00000, 0x0000000709e00000|  0%| F|  |TAMS 0x0000000709d00000, 0x0000000709d00000| Untracked 
| 158|0x0000000709e00000, 0x0000000709e00000, 0x0000000709f00000|  0%| F|  |TAMS 0x0000000709e00000, 0x0000000709e00000| Untracked 
| 159|0x0000000709f00000, 0x0000000709f00000, 0x000000070a000000|  0%| F|  |TAMS 0x0000000709f00000, 0x0000000709f00000| Untracked 
| 160|0x000000070a000000, 0x000000070a000000, 0x000000070a100000|  0%| F|  |TAMS 0x000000070a000000, 0x000000070a000000| Untracked 
| 161|0x000000070a100000, 0x000000070a100000, 0x000000070a200000|  0%| F|  |TAMS 0x000000070a100000, 0x000000070a100000| Untracked 
| 162|0x000000070a200000, 0x000000070a200000, 0x000000070a300000|  0%| F|  |TAMS 0x000000070a200000, 0x000000070a200000| Untracked 
| 163|0x000000070a300000, 0x000000070a300000, 0x000000070a400000|  0%| F|  |TAMS 0x000000070a300000, 0x000000070a300000| Untracked 
| 164|0x000000070a400000, 0x000000070a400000, 0x000000070a500000|  0%| F|  |TAMS 0x000000070a400000, 0x000000070a400000| Untracked 
| 165|0x000000070a500000, 0x000000070a500000, 0x000000070a600000|  0%| F|  |TAMS 0x000000070a500000, 0x000000070a500000| Untracked 
| 166|0x000000070a600000, 0x000000070a600000, 0x000000070a700000|  0%| F|  |TAMS 0x000000070a600000, 0x000000070a600000| Untracked 
| 167|0x000000070a700000, 0x000000070a700000, 0x000000070a800000|  0%| F|  |TAMS 0x000000070a700000, 0x000000070a700000| Untracked 
| 168|0x000000070a800000, 0x000000070a800000, 0x000000070a900000|  0%| F|  |TAMS 0x000000070a800000, 0x000000070a800000| Untracked 
| 169|0x000000070a900000, 0x000000070a900000, 0x000000070aa00000|  0%| F|  |TAMS 0x000000070a900000, 0x000000070a900000| Untracked 
| 170|0x000000070aa00000, 0x000000070aa00000, 0x000000070ab00000|  0%| F|  |TAMS 0x000000070aa00000, 0x000000070aa00000| Untracked 
| 171|0x000000070ab00000, 0x000000070ab00000, 0x000000070ac00000|  0%| F|  |TAMS 0x000000070ab00000, 0x000000070ab00000| Untracked 
| 172|0x000000070ac00000, 0x000000070ac00000, 0x000000070ad00000|  0%| F|  |TAMS 0x000000070ac00000, 0x000000070ac00000| Untracked 
| 173|0x000000070ad00000, 0x000000070ad00000, 0x000000070ae00000|  0%| F|  |TAMS 0x000000070ad00000, 0x000000070ad00000| Untracked 
| 174|0x000000070ae00000, 0x000000070ae00000, 0x000000070af00000|  0%| F|  |TAMS 0x000000070ae00000, 0x000000070ae00000| Untracked 
| 175|0x000000070af00000, 0x000000070af00000, 0x000000070b000000|  0%| F|  |TAMS 0x000000070af00000, 0x000000070af00000| Untracked 
| 176|0x000000070b000000, 0x000000070b000000, 0x000000070b100000|  0%| F|  |TAMS 0x000000070b000000, 0x000000070b000000| Untracked 
| 177|0x000000070b100000, 0x000000070b100000, 0x000000070b200000|  0%| F|  |TAMS 0x000000070b100000, 0x000000070b100000| Untracked 
| 178|0x000000070b200000, 0x000000070b200000, 0x000000070b300000|  0%| F|  |TAMS 0x000000070b200000, 0x000000070b200000| Untracked 
| 179|0x000000070b300000, 0x000000070b300000, 0x000000070b400000|  0%| F|  |TAMS 0x000000070b300000, 0x000000070b300000| Untracked 
| 180|0x000000070b400000, 0x000000070b400000, 0x000000070b500000|  0%| F|  |TAMS 0x000000070b400000, 0x000000070b400000| Untracked 
| 181|0x000000070b500000, 0x000000070b500000, 0x000000070b600000|  0%| F|  |TAMS 0x000000070b500000, 0x000000070b500000| Untracked 
| 182|0x000000070b600000, 0x000000070b600000, 0x000000070b700000|  0%| F|  |TAMS 0x000000070b600000, 0x000000070b600000| Untracked 
| 183|0x000000070b700000, 0x000000070b700000, 0x000000070b800000|  0%| F|  |TAMS 0x000000070b700000, 0x000000070b700000| Untracked 
| 184|0x000000070b800000, 0x000000070b800000, 0x000000070b900000|  0%| F|  |TAMS 0x000000070b800000, 0x000000070b800000| Untracked 
| 185|0x000000070b900000, 0x000000070b900000, 0x000000070ba00000|  0%| F|  |TAMS 0x000000070b900000, 0x000000070b900000| Untracked 
| 186|0x000000070ba00000, 0x000000070ba00000, 0x000000070bb00000|  0%| F|  |TAMS 0x000000070ba00000, 0x000000070ba00000| Untracked 
| 187|0x000000070bb00000, 0x000000070bb00000, 0x000000070bc00000|  0%| F|  |TAMS 0x000000070bb00000, 0x000000070bb00000| Untracked 
| 188|0x000000070bc00000, 0x000000070bc00000, 0x000000070bd00000|  0%| F|  |TAMS 0x000000070bc00000, 0x000000070bc00000| Untracked 
| 189|0x000000070bd00000, 0x000000070bd00000, 0x000000070be00000|  0%| F|  |TAMS 0x000000070bd00000, 0x000000070bd00000| Untracked 
| 190|0x000000070be00000, 0x000000070be00000, 0x000000070bf00000|  0%| F|  |TAMS 0x000000070be00000, 0x000000070be00000| Untracked 
| 191|0x000000070bf00000, 0x000000070bf00000, 0x000000070c000000|  0%| F|  |TAMS 0x000000070bf00000, 0x000000070bf00000| Untracked 
| 192|0x000000070c000000, 0x000000070c09e610, 0x000000070c100000| 61%| S|CS|TAMS 0x000000070c000000, 0x000000070c000000| Complete 
| 193|0x000000070c100000, 0x000000070c200000, 0x000000070c200000|100%| S|CS|TAMS 0x000000070c100000, 0x000000070c100000| Complete 
| 194|0x000000070c200000, 0x000000070c300000, 0x000000070c300000|100%| S|CS|TAMS 0x000000070c200000, 0x000000070c200000| Complete 
| 195|0x000000070c300000, 0x000000070c400000, 0x000000070c400000|100%| S|CS|TAMS 0x000000070c300000, 0x000000070c300000| Complete 
| 196|0x000000070c400000, 0x000000070c500000, 0x000000070c500000|100%| S|CS|TAMS 0x000000070c400000, 0x000000070c400000| Complete 
| 197|0x000000070c500000, 0x000000070c600000, 0x000000070c600000|100%| S|CS|TAMS 0x000000070c500000, 0x000000070c500000| Complete 
| 198|0x000000070c600000, 0x000000070c700000, 0x000000070c700000|100%| S|CS|TAMS 0x000000070c600000, 0x000000070c600000| Complete 
| 199|0x000000070c700000, 0x000000070c700000, 0x000000070c800000|  0%| F|  |TAMS 0x000000070c700000, 0x000000070c700000| Untracked 
| 200|0x000000070c800000, 0x000000070c800000, 0x000000070c900000|  0%| F|  |TAMS 0x000000070c800000, 0x000000070c800000| Untracked 
| 201|0x000000070c900000, 0x000000070c900000, 0x000000070ca00000|  0%| F|  |TAMS 0x000000070c900000, 0x000000070c900000| Untracked 
| 202|0x000000070ca00000, 0x000000070ca00000, 0x000000070cb00000|  0%| F|  |TAMS 0x000000070ca00000, 0x000000070ca00000| Untracked 
| 203|0x000000070cb00000, 0x000000070cbe4638, 0x000000070cc00000| 89%| E|  |TAMS 0x000000070cb00000, 0x000000070cb00000| Complete 
| 204|0x000000070cc00000, 0x000000070cd00000, 0x000000070cd00000|100%| E|CS|TAMS 0x000000070cc00000, 0x000000070cc00000| Complete 
| 205|0x000000070cd00000, 0x000000070ce00000, 0x000000070ce00000|100%| E|CS|TAMS 0x000000070cd00000, 0x000000070cd00000| Complete 
| 206|0x000000070ce00000, 0x000000070cf00000, 0x000000070cf00000|100%| E|CS|TAMS 0x000000070ce00000, 0x000000070ce00000| Complete 
| 207|0x000000070cf00000, 0x000000070d000000, 0x000000070d000000|100%| E|CS|TAMS 0x000000070cf00000, 0x000000070cf00000| Complete 
| 208|0x000000070d000000, 0x000000070d100000, 0x000000070d100000|100%| E|CS|TAMS 0x000000070d000000, 0x000000070d000000| Complete 
| 209|0x000000070d100000, 0x000000070d200000, 0x000000070d200000|100%| E|CS|TAMS 0x000000070d100000, 0x000000070d100000| Complete 
| 210|0x000000070d200000, 0x000000070d300000, 0x000000070d300000|100%| E|CS|TAMS 0x000000070d200000, 0x000000070d200000| Complete 
| 211|0x000000070d300000, 0x000000070d400000, 0x000000070d400000|100%| E|CS|TAMS 0x000000070d300000, 0x000000070d300000| Complete 
| 212|0x000000070d400000, 0x000000070d500000, 0x000000070d500000|100%| E|CS|TAMS 0x000000070d400000, 0x000000070d400000| Complete 
| 213|0x000000070d500000, 0x000000070d600000, 0x000000070d600000|100%| E|CS|TAMS 0x000000070d500000, 0x000000070d500000| Complete 
| 214|0x000000070d600000, 0x000000070d700000, 0x000000070d700000|100%| E|CS|TAMS 0x000000070d600000, 0x000000070d600000| Complete 
| 215|0x000000070d700000, 0x000000070d800000, 0x000000070d800000|100%| E|CS|TAMS 0x000000070d700000, 0x000000070d700000| Complete 
| 216|0x000000070d800000, 0x000000070d900000, 0x000000070d900000|100%| E|CS|TAMS 0x000000070d800000, 0x000000070d800000| Complete 
| 217|0x000000070d900000, 0x000000070da00000, 0x000000070da00000|100%| E|CS|TAMS 0x000000070d900000, 0x000000070d900000| Complete 
| 218|0x000000070da00000, 0x000000070db00000, 0x000000070db00000|100%| E|CS|TAMS 0x000000070da00000, 0x000000070da00000| Complete 
| 219|0x000000070db00000, 0x000000070dc00000, 0x000000070dc00000|100%| E|CS|TAMS 0x000000070db00000, 0x000000070db00000| Complete 
| 220|0x000000070dc00000, 0x000000070dd00000, 0x000000070dd00000|100%| E|CS|TAMS 0x000000070dc00000, 0x000000070dc00000| Complete 
| 221|0x000000070dd00000, 0x000000070de00000, 0x000000070de00000|100%| E|CS|TAMS 0x000000070dd00000, 0x000000070dd00000| Complete 
| 222|0x000000070de00000, 0x000000070df00000, 0x000000070df00000|100%| E|CS|TAMS 0x000000070de00000, 0x000000070de00000| Complete 
| 223|0x000000070df00000, 0x000000070e000000, 0x000000070e000000|100%| E|CS|TAMS 0x000000070df00000, 0x000000070df00000| Complete 
| 224|0x000000070e000000, 0x000000070e100000, 0x000000070e100000|100%| E|CS|TAMS 0x000000070e000000, 0x000000070e000000| Complete 
| 225|0x000000070e100000, 0x000000070e200000, 0x000000070e200000|100%| E|CS|TAMS 0x000000070e100000, 0x000000070e100000| Complete 
| 226|0x000000070e200000, 0x000000070e300000, 0x000000070e300000|100%| E|CS|TAMS 0x000000070e200000, 0x000000070e200000| Complete 
| 227|0x000000070e300000, 0x000000070e400000, 0x000000070e400000|100%| E|CS|TAMS 0x000000070e300000, 0x000000070e300000| Complete 
| 228|0x000000070e400000, 0x000000070e500000, 0x000000070e500000|100%| E|CS|TAMS 0x000000070e400000, 0x000000070e400000| Complete 
| 229|0x000000070e500000, 0x000000070e600000, 0x000000070e600000|100%| E|CS|TAMS 0x000000070e500000, 0x000000070e500000| Complete 
| 230|0x000000070e600000, 0x000000070e700000, 0x000000070e700000|100%| E|CS|TAMS 0x000000070e600000, 0x000000070e600000| Complete 
| 231|0x000000070e700000, 0x000000070e800000, 0x000000070e800000|100%| E|CS|TAMS 0x000000070e700000, 0x000000070e700000| Complete 
| 232|0x000000070e800000, 0x000000070e900000, 0x000000070e900000|100%| E|CS|TAMS 0x000000070e800000, 0x000000070e800000| Complete 
| 233|0x000000070e900000, 0x000000070ea00000, 0x000000070ea00000|100%| E|CS|TAMS 0x000000070e900000, 0x000000070e900000| Complete 
| 234|0x000000070ea00000, 0x000000070eb00000, 0x000000070eb00000|100%| E|CS|TAMS 0x000000070ea00000, 0x000000070ea00000| Complete 
|4094|0x00000007ffe00000, 0x00000007ffe48000, 0x00000007fff00000| 28%|OA|  |TAMS 0x00000007ffe48000, 0x00000007ffe00000| Untracked 
|4095|0x00000007fff00000, 0x00000007fff6c000, 0x0000000800000000| 42%|CA|  |TAMS 0x00000007fff6c000, 0x00000007fff00000| Untracked 

Card table byte_map: [0x00007f0cd4ac6000,0x00007f0cd52c6000] _byte_map_base: 0x00007f0cd12c6000

Marking Bits (Prev, Next): (CMBitMap*) 0x00007f0cd0060c58, (CMBitMap*) 0x00007f0cd0060c90
 Prev Bits: [0x00007f0cb0000000, 0x00007f0cb4000000)
 Next Bits: [0x00007f0cac000000, 0x00007f0cb0000000)

Polling page: 0x00007f0cd65f9000

Metaspace:

Usage:
  Non-class:    132.76 MB capacity,   128.97 MB ( 97%) used,     2.91 MB (  2%) free+waste,   908.31 KB ( <1%) overhead. 
      Class:     24.79 MB capacity,    21.19 MB ( 86%) used,     3.10 MB ( 13%) free+waste,   499.38 KB (  2%) overhead. 
       Both:    157.55 MB capacity,   150.16 MB ( 95%) used,     6.02 MB (  4%) free+waste,     1.37 MB ( <1%) overhead. 

Virtual space:
  Non-class space:      134.00 MB reserved,     133.00 MB (>99%) committed 
      Class space:        1.00 GB reserved,      24.88 MB (  2%) committed 
             Both:        1.13 GB reserved,     157.88 MB ( 14%) committed 

Chunk freelists:
   Non-Class:  0 bytes
       Class:  0 bytes
        Both:  0 bytes

MaxMetaspaceSize: unlimited
CompressedClassSpaceSize: 1.00 GB
Initial GC threshold: 20.80 MB
Current GC threshold: 260.00 MB
CDS: on

CodeHeap 'non-profiled nmethods': size=120032Kb used=4694Kb max_used=4694Kb free=115337Kb
 bounds [0x00007f0cc028d000, 0x00007f0cc072d000, 0x00007f0cc77c5000]
CodeHeap 'profiled nmethods': size=120028Kb used=16794Kb max_used=16794Kb free=103233Kb
 bounds [0x00007f0cb8d56000, 0x00007f0cb9dc6000, 0x00007f0cc028d000]
CodeHeap 'non-nmethods': size=5700Kb used=1628Kb max_used=1663Kb free=4071Kb
 bounds [0x00007f0cb87c5000, 0x00007f0cb8a35000, 0x00007f0cb8d56000]
 total_blobs=9804 nmethods=8807 adapters=909
 compilation: enabled
              stopped_count=0, restarted_count=0
 full_count=0

Compilation events (20 events):
Event: 86.929 Thread 0x00007f0cd0155000 8782       2       org.apache.spark.ml.linalg.Vector::toDense (14 bytes)
Event: 86.929 Thread 0x00007f0cd0155000 nmethod 8782 0x00007f0cb9db8590 code [0x00007f0cb9db8740, 0x00007f0cb9db8940]
Event: 86.929 Thread 0x00007f0cd0155000 8807       2       org.apache.spark.sql.catalyst.expressions.JoinedRow::apply (12 bytes)
Event: 86.929 Thread 0x00007f0cd0155000 nmethod 8807 0x00007f0cb9db8a10 code [0x00007f0cb9db8bc0, 0x00007f0cb9db8d90]
Event: 86.929 Thread 0x00007f0cd0155000 8811       2       org.apache.spark.sql.execution.aggregate.AggregationIterator$$anonfun$1::$anonfun$applyOrElse$2 (7 bytes)
Event: 86.930 Thread 0x00007f0cd0155000 nmethod 8811 0x00007f0cb9db8e10 code [0x00007f0cb9db8fc0, 0x00007f0cb9db90c0]
Event: 86.930 Thread 0x00007f0cd0155000 8775       2       org.apache.spark.ml.linalg.SparseVector$$Lambda$4200/0x000000084189c040::get$Lambda (9 bytes)
Event: 86.930 Thread 0x00007f0cd0155000 nmethod 8775 0x00007f0cb9db9190 code [0x00007f0cb9db9340, 0x00007f0cb9db94d0]
Event: 86.930 Thread 0x00007f0cd0155000 8776       2       org.apache.spark.ml.linalg.SparseVector$$Lambda$4200/0x000000084189c040::<init> (10 bytes)
Event: 86.930 Thread 0x00007f0cd0155000 nmethod 8776 0x00007f0cb9db9590 code [0x00007f0cb9db9740, 0x00007f0cb9db98b0]
Event: 86.930 Thread 0x00007f0cd0155000 8777       2       scala.collection.mutable.ArrayOps$ofDouble::foreach (6 bytes)
Event: 86.931 Thread 0x00007f0cd0155000 nmethod 8777 0x00007f0cb9db9990 code [0x00007f0cb9db9b40, 0x00007f0cb9db9c60]
Event: 86.931 Thread 0x00007f0cd0155000 8847       2       java.lang.invoke.LambdaForm$DMH/0x00000008418c7c40::invokeStatic (30 bytes)
Event: 86.931 Thread 0x00007f0cd0155000 nmethod 8847 0x00007f0cb9db9d10 code [0x00007f0cb9db9ee0, 0x00007f0cb9dba070]
Event: 86.931 Thread 0x00007f0cd0155000 8848       2       org.apache.spark.ml.stat.SummarizerBuffer$$Lambda$4254/0x00000008418c8040::get$Lambda (22 bytes)
Event: 86.931 Thread 0x00007f0cd0155000 nmethod 8848 0x00007f0cb9dba190 code [0x00007f0cb9dba340, 0x00007f0cb9dba500]
Event: 86.937 Thread 0x00007f0cd0155000 8855 %     3       org.apache.spark.unsafe.Platform::copyMemory @ 71 (124 bytes)
Event: 86.938 Thread 0x00007f0cd0155000 nmethod 8855% 0x00007f0cb9dba610 code [0x00007f0cb9dba820, 0x00007f0cb9dbaef0]
Event: 86.939 Thread 0x00007f0cd0155000 8856       3       org.apache.spark.unsafe.Platform::copyMemory (124 bytes)
Event: 86.939 Thread 0x00007f0cd0155000 nmethod 8856 0x00007f0cb9dbb190 code [0x00007f0cb9dbb3a0, 0x00007f0cb9dbb9f0]

GC Heap History (20 events):
Event: 11.900 GC heap before
{Heap before GC invocations=25 (full 0):
 garbage-first heap   total 201728K, used 166268K [0x0000000700000000, 0x0000000800000000)
  region size 1024K, 69 young (70656K), 6 survivors (6144K)
 Metaspace       used 93280K, capacity 96591K, committed 96768K, reserved 1132544K
  class space    used 12845K, capacity 14489K, committed 14592K, reserved 1048576K
}
Event: 11.907 GC heap after
{Heap after GC invocations=26 (full 0):
 garbage-first heap   total 242688K, used 105118K [0x0000000700000000, 0x0000000800000000)
  region size 1024K, 6 young (6144K), 6 survivors (6144K)
 Metaspace       used 93280K, capacity 96591K, committed 96768K, reserved 1132544K
  class space    used 12845K, capacity 14489K, committed 14592K, reserved 1048576K
}
Event: 12.447 GC heap before
{Heap before GC invocations=26 (full 0):
 garbage-first heap   total 242688K, used 188062K [0x0000000700000000, 0x0000000800000000)
  region size 1024K, 87 young (89088K), 6 survivors (6144K)
 Metaspace       used 100841K, capacity 104757K, committed 104832K, reserved 1138688K
  class space    used 13807K, capacity 15723K, committed 15744K, reserved 1048576K
}
Event: 12.453 GC heap after
{Heap after GC invocations=27 (full 0):
 garbage-first heap   total 242688K, used 106500K [0x0000000700000000, 0x0000000800000000)
  region size 1024K, 6 young (6144K), 6 survivors (6144K)
 Metaspace       used 100841K, capacity 104757K, committed 104832K, reserved 1138688K
  class space    used 13807K, capacity 15723K, committed 15744K, reserved 1048576K
}
Event: 12.942 GC heap before
{Heap before GC invocations=27 (full 0):
 garbage-first heap   total 242688K, used 156676K [0x0000000700000000, 0x0000000800000000)
  region size 1024K, 51 young (52224K), 6 survivors (6144K)
 Metaspace       used 107051K, capacity 111269K, committed 111488K, reserved 1144832K
  class space    used 14632K, capacity 16697K, committed 16768K, reserved 1048576K
}
Event: 12.949 GC heap after
{Heap after GC invocations=28 (full 0):
 garbage-first heap   total 242688K, used 107666K [0x0000000700000000, 0x0000000800000000)
  region size 1024K, 8 young (8192K), 8 survivors (8192K)
 Metaspace       used 107051K, capacity 111269K, committed 111488K, reserved 1144832K
  class space    used 14632K, capacity 16697K, committed 16768K, reserved 1048576K
}
Event: 13.799 GC heap before
{Heap before GC invocations=29 (full 0):
 garbage-first heap   total 242688K, used 187538K [0x0000000700000000, 0x0000000800000000)
  region size 1024K, 82 young (83968K), 8 survivors (8192K)
 Metaspace       used 117250K, capacity 122372K, committed 122496K, reserved 1153024K
  class space    used 16491K, capacity 19045K, committed 19072K, reserved 1048576K
}
Event: 13.807 GC heap after
{Heap after GC invocations=30 (full 0):
 garbage-first heap   total 242688K, used 109950K [0x0000000700000000, 0x0000000800000000)
  region size 1024K, 9 young (9216K), 9 survivors (9216K)
 Metaspace       used 117250K, capacity 122372K, committed 122496K, reserved 1153024K
  class space    used 16491K, capacity 19045K, committed 19072K, reserved 1048576K
}
Event: 14.413 GC heap before
{Heap before GC invocations=30 (full 0):
 garbage-first heap   total 242688K, used 192894K [0x0000000700000000, 0x0000000800000000)
  region size 1024K, 86 young (88064K), 9 survivors (9216K)
 Metaspace       used 124095K, capacity 129783K, committed 130048K, reserved 1159168K
  class space    used 17400K, capacity 20192K, committed 20224K, reserved 1048576K
}
Event: 14.423 GC heap after
{Heap after GC invocations=31 (full 0):
 garbage-first heap   total 242688K, used 112512K [0x0000000700000000, 0x0000000800000000)
  region size 1024K, 8 young (8192K), 8 survivors (8192K)
 Metaspace       used 124095K, capacity 129783K, committed 130048K, reserved 1159168K
  class space    used 17400K, capacity 20192K, committed 20224K, reserved 1048576K
}
Event: 14.876 GC heap before
{Heap before GC invocations=31 (full 0):
 garbage-first heap   total 242688K, used 192384K [0x0000000700000000, 0x0000000800000000)
  region size 1024K, 86 young (88064K), 8 survivors (8192K)
 Metaspace       used 130765K, capacity 136472K, committed 136832K, reserved 1165312K
  class space    used 18040K, capacity 20843K, committed 20864K, reserved 1048576K
}
Event: 14.883 GC heap after
{Heap after GC invocations=32 (full 0):
 garbage-first heap   total 242688K, used 114225K [0x0000000700000000, 0x0000000800000000)
  region size 1024K, 8 young (8192K), 8 survivors (8192K)
 Metaspace       used 130765K, capacity 136472K, committed 136832K, reserved 1165312K
  class space    used 18040K, capacity 20843K, committed 20864K, reserved 1048576K
}
Event: 15.004 GC heap before
{Heap before GC invocations=32 (full 0):
 garbage-first heap   total 242688K, used 138801K [0x0000000700000000, 0x0000000800000000)
  region size 1024K, 33 young (33792K), 8 survivors (8192K)
 Metaspace       used 132211K, capacity 137876K, committed 138368K, reserved 1167360K
  class space    used 18291K, capacity 21080K, committed 21120K, reserved 1048576K
}
Event: 15.011 GC heap after
{Heap after GC invocations=33 (full 0):
 garbage-first heap   total 242688K, used 114974K [0x0000000700000000, 0x0000000800000000)
  region size 1024K, 6 young (6144K), 6 survivors (6144K)
 Metaspace       used 132211K, capacity 137876K, committed 138368K, reserved 1167360K
  class space    used 18291K, capacity 21080K, committed 21120K, reserved 1048576K
}
Event: 72.673 GC heap before
{Heap before GC invocations=34 (full 0):
 garbage-first heap   total 242688K, used 192798K [0x0000000700000000, 0x0000000800000000)
  region size 1024K, 79 young (80896K), 6 survivors (6144K)
 Metaspace       used 146967K, capacity 153313K, committed 153472K, reserved 1179648K
  class space    used 20486K, capacity 23659K, committed 23680K, reserved 1048576K
}
Event: 72.679 GC heap after
{Heap after GC invocations=35 (full 0):
 garbage-first heap   total 242688K, used 116989K [0x0000000700000000, 0x0000000800000000)
  region size 1024K, 8 young (8192K), 8 survivors (8192K)
 Metaspace       used 146967K, capacity 153313K, committed 153472K, reserved 1179648K
  class space    used 20486K, capacity 23659K, committed 23680K, reserved 1048576K
}
Event: 86.242 GC heap before
{Heap before GC invocations=35 (full 0):
 garbage-first heap   total 242688K, used 142589K [0x0000000700000000, 0x0000000800000000)
  region size 1024K, 34 young (34816K), 8 survivors (8192K)
 Metaspace       used 149651K, capacity 156416K, committed 156544K, reserved 1181696K
  class space    used 21040K, capacity 24413K, committed 24448K, reserved 1048576K
}
Event: 86.252 GC heap after
{Heap after GC invocations=36 (full 0):
 garbage-first heap   total 242688K, used 118472K [0x0000000700000000, 0x0000000800000000)
  region size 1024K, 7 young (7168K), 7 survivors (7168K)
 Metaspace       used 149651K, capacity 156416K, committed 156544K, reserved 1181696K
  class space    used 21040K, capacity 24413K, committed 24448K, reserved 1048576K
}
Event: 86.592 GC heap before
{Heap before GC invocations=37 (full 0):
 garbage-first heap   total 242688K, used 157384K [0x0000000700000000, 0x0000000800000000)
  region size 1024K, 36 young (36864K), 7 survivors (7168K)
 Metaspace       used 152233K, capacity 159420K, committed 159616K, reserved 1183744K
  class space    used 21417K, capacity 24939K, committed 24960K, reserved 1048576K
}
Event: 86.600 GC heap after
{Heap after GC invocations=38 (full 0):
 garbage-first heap   total 242688K, used 120001K [0x0000000700000000, 0x0000000800000000)
  region size 1024K, 7 young (7168K), 7 survivors (7168K)
 Metaspace       used 152233K, capacity 159420K, committed 159616K, reserved 1183744K
  class space    used 21417K, capacity 24939K, committed 24960K, reserved 1048576K
}

Deoptimization events (20 events):
Event: 86.413 Thread 0x00007f0c50009800 Uncommon trap: trap_request=0xffffff4d fr.pc=0x00007f0cc034f9a8 relative=0x0000000000000a48
Event: 86.413 Thread 0x00007f0c50009800 Uncommon trap: reason=unstable_if action=reinterpret pc=0x00007f0cc034f9a8 method=java.util.HashMap.resize()[Ljava/util/HashMap$Node; @ 203 c2
Event: 86.413 Thread 0x00007f0c50009800 DEOPT PACKING pc=0x00007f0cc034f9a8 sp=0x00007f0c634f7e20
Event: 86.413 Thread 0x00007f0c50009800 DEOPT UNPACKING pc=0x00007f0cb880eea5 sp=0x00007f0c634f7dd0 mode 2
Event: 86.522 Thread 0x00007f0c50009800 Uncommon trap: trap_request=0xffffff76 fr.pc=0x00007f0cc06d220c relative=0x000000000000350c
Event: 86.522 Thread 0x00007f0c50009800 Uncommon trap: reason=loop_limit_check action=maybe_recompile pc=0x00007f0cc06d220c method=java.lang.invoke.LambdaForm.useCount(Ljava/lang/invoke/LambdaForm$Name;)I @ 62 c2
Event: 86.522 Thread 0x00007f0c50009800 DEOPT PACKING pc=0x00007f0cc06d220c sp=0x00007f0c634f9e80
Event: 86.522 Thread 0x00007f0c50009800 DEOPT UNPACKING pc=0x00007f0cb880eea5 sp=0x00007f0c634f9da8 mode 2
Event: 86.845 Thread 0x00007f0c38009800 Uncommon trap: trap_request=0xffffff4d fr.pc=0x00007f0cc0691218 relative=0x0000000000001bf8
Event: 86.845 Thread 0x00007f0c38009800 Uncommon trap: reason=unstable_if action=reinterpret pc=0x00007f0cc0691218 method=jdk.internal.org.objectweb.asm.Type.getArgumentsAndReturnSizes(Ljava/lang/String;)I @ 112 c2
Event: 86.845 Thread 0x00007f0c38009800 DEOPT PACKING pc=0x00007f0cc0691218 sp=0x00007f0ba70f11c0
Event: 86.845 Thread 0x00007f0c38009800 DEOPT UNPACKING pc=0x00007f0cb880eea5 sp=0x00007f0ba70f10e8 mode 2
Event: 86.845 Thread 0x00007f0c38009800 Uncommon trap: trap_request=0xffffff4d fr.pc=0x00007f0cc059c9c4 relative=0x0000000000000524
Event: 86.845 Thread 0x00007f0c38009800 Uncommon trap: reason=unstable_if action=reinterpret pc=0x00007f0cc059c9c4 method=jdk.internal.org.objectweb.asm.Type.getArgumentsAndReturnSizes(Ljava/lang/String;)I @ 112 c2
Event: 86.845 Thread 0x00007f0c38009800 DEOPT PACKING pc=0x00007f0cc059c9c4 sp=0x00007f0ba70f1110
Event: 86.845 Thread 0x00007f0c38009800 DEOPT UNPACKING pc=0x00007f0cb880eea5 sp=0x00007f0ba70f10d0 mode 2
Event: 86.845 Thread 0x00007f0c38009800 Uncommon trap: trap_request=0xffffff4d fr.pc=0x00007f0cc06647dc relative=0x0000000000000c5c
Event: 86.845 Thread 0x00007f0c38009800 Uncommon trap: reason=unstable_if action=reinterpret pc=0x00007f0cc06647dc method=jdk.internal.org.objectweb.asm.Type.getArgumentsAndReturnSizes(Ljava/lang/String;)I @ 112 c2
Event: 86.845 Thread 0x00007f0c38009800 DEOPT PACKING pc=0x00007f0cc06647dc sp=0x00007f0ba70f1250
Event: 86.845 Thread 0x00007f0c38009800 DEOPT UNPACKING pc=0x00007f0cb880eea5 sp=0x00007f0ba70f10f0 mode 2

Classes redefined (0 events):
No events

Internal exceptions (20 events):
Event: 86.655 Thread 0x00007f0c38009800 Exception <a 'java/lang/NoSuchMethodError'{0x000000070e79a5c0}: 'java.lang.Object java.lang.invoke.DirectMethodHandle$Holder.invokeStatic(java.lang.Object, java.lang.Object, java.lang.Object, java.lang.Object, java.lang.Object, java.lang.Object, java.lang.Object, java.lang.Object, java.lang.Object, java.lang.Object, java.lang.Object, java.lang.Object, java.lang.Object, java.lang.Object, java.lang.Object, java.lang.Object, java.lang.Object, java.lang.Object, java.lang.Object, java.lang.Object, java.lang.Obj
Event: 86.656 Thread 0x00007f0c38009800 Exception <a 'java/lang/NoSuchMethodError'{0x000000070e7a1f08}: 'java.lang.Object java.lang.invoke.DirectMethodHandle$Holder.invokeStatic(java.lang.Object, java.lang.Object, java.lang.Object, java.lang.Object, java.lang.Object, java.lang.Object, java.lang.Object, java.lang.Object, java.lang.Object, java.lang.Object, java.lang.Object, java.lang.Object, java.lang.Object, java.lang.Object, java.lang.Object, java.lang.Object, java.lang.Object, java.lang.Object, java.lang.Object, java.lang.Object, java.lang.Obj
Event: 86.656 Thread 0x00007f0c38009800 Exception <a 'java/lang/NoSuchMethodError'{0x000000070e7a9f88}: 'java.lang.Object java.lang.invoke.DirectMethodHandle$Holder.invokeStatic(java.lang.Object, java.lang.Object, java.lang.Object, java.lang.Object, java.lang.Object, java.lang.Object, java.lang.Object, java.lang.Object, java.lang.Object, java.lang.Object, java.lang.Object, java.lang.Object, java.lang.Object, java.lang.Object, java.lang.Object, java.lang.Object, java.lang.Object, java.lang.Object, java.lang.Object, java.lang.Object, java.lang.Obj
Event: 86.657 Thread 0x00007f0c38009800 Exception <a 'java/lang/NoSuchMethodError'{0x000000070e7b2260}: 'java.lang.Object java.lang.invoke.DirectMethodHandle$Holder.invokeStatic(java.lang.Object, java.lang.Object, java.lang.Object, java.lang.Object, java.lang.Object, java.lang.Object, java.lang.Object, java.lang.Object, java.lang.Object, java.lang.Object, java.lang.Object, java.lang.Object, java.lang.Object, java.lang.Object, java.lang.Object, java.lang.Object, java.lang.Object, java.lang.Object, java.lang.Object, java.lang.Object, java.lang.Obj
Event: 86.661 Thread 0x00007f0c38009800 Exception <a 'java/lang/NoSuchMethodError'{0x000000070e623ae0}: 'java.lang.Object java.lang.invoke.DirectMethodHandle$Holder.invokeSpecial(java.lang.Object, java.lang.Object, java.lang.Object, java.lang.Object, java.lang.Object, java.lang.Object, java.lang.Object, java.lang.Object, java.lang.Object, java.lang.Object, java.lang.Object, java.lang.Object, java.lang.Object, java.lang.Object, java.lang.Object, java.lang.Object, java.lang.Object, java.lang.Object, java.lang.Object, java.lang.Object, java.lang.Ob
Event: 86.661 Thread 0x00007f0c38009800 Exception <a 'java/lang/NoSuchMethodError'{0x000000070e62c760}: 'java.lang.Object java.lang.invoke.DelegatingMethodHandle$Holder.delegate(java.lang.Object, java.lang.Object, java.lang.Object, java.lang.Object, java.lang.Object, java.lang.Object, java.lang.Object, java.lang.Object, java.lang.Object, java.lang.Object, java.lang.Object, java.lang.Object, java.lang.Object, java.lang.Object, java.lang.Object, java.lang.Object, java.lang.Object, java.lang.Object, java.lang.Object, java.lang.Object, java.lang.Obj
Event: 86.664 Thread 0x00007f0c38009800 Exception <a 'java/lang/NoSuchMethodError'{0x000000070e6bc030}: 'java.lang.Object java.lang.invoke.DelegatingMethodHandle$Holder.reinvoke_L(java.lang.Object, java.lang.Object, java.lang.Object, java.lang.Object, java.lang.Object, java.lang.Object, java.lang.Object, java.lang.Object, java.lang.Object, java.lang.Object, java.lang.Object, java.lang.Object, java.lang.Object, java.lang.Object, java.lang.Object, java.lang.Object, java.lang.Object, java.lang.Object, java.lang.Object, java.lang.Object, java.lang.O
Event: 86.671 Thread 0x00007f0c38009800 Exception <a 'java/lang/NoSuchMethodError'{0x000000070e420ad0}: 'java.lang.Object java.lang.invoke.Invokers$Holder.invoker(java.lang.Object, java.lang.Object, java.lang.Object, java.lang.Object, java.lang.Object, java.lang.Object, java.lang.Object, java.lang.Object, java.lang.Object, java.lang.Object, java.lang.Object, java.lang.Object, java.lang.Object, java.lang.Object, java.lang.Object, java.lang.Object, java.lang.Object, java.lang.Object, java.lang.Object, java.lang.Object, java.lang.Object, java.lang.
Event: 86.671 Thread 0x00007f0c38009800 Exception <a 'java/lang/NoSuchMethodError'{0x000000070e42b7d0}: 'java.lang.Object java.lang.invoke.DirectMethodHandle$Holder.invokeSpecial(java.lang.Object, java.lang.Object, java.lang.Object, java.lang.Object, java.lang.Object, java.lang.Object, java.lang.Object, java.lang.Object, java.lang.Object, java.lang.Object, java.lang.Object, java.lang.Object, java.lang.Object, java.lang.Object, java.lang.Object, java.lang.Object, java.lang.Object, java.lang.Object, java.lang.Object, java.lang.Object, java.lang.Ob
Event: 86.671 Thread 0x00007f0c38009800 Exception <a 'java/lang/NoSuchMethodError'{0x000000070e434a20}: 'java.lang.Object java.lang.invoke.DelegatingMethodHandle$Holder.delegate(java.lang.Object, java.lang.Object, java.lang.Object, java.lang.Object, java.lang.Object, java.lang.Object, java.lang.Object, java.lang.Object, java.lang.Object, java.lang.Object, java.lang.Object, java.lang.Object, java.lang.Object, java.lang.Object, java.lang.Object, java.lang.Object, java.lang.Object, java.lang.Object, java.lang.Object, java.lang.Object, java.lang.Obj
Event: 86.680 Thread 0x00007f0c38009800 Exception <a 'java/lang/NoSuchMethodError'{0x000000070e4ed0d0}: 'java.lang.Object java.lang.invoke.DelegatingMethodHandle$Holder.reinvoke_L(java.lang.Object, java.lang.Object, int, java.lang.Object, java.lang.Object, java.lang.Object, java.lang.Object)'> (0x000000070e4ed0d0) thrown at [./src/hotspot/share/interpreter/linkResolver.cpp, line 772]
Event: 86.684 Thread 0x00007f0c38009800 Exception <a 'java/lang/NoSuchMethodError'{0x000000070e370c78}: 'java.lang.Object java.lang.invoke.DirectMethodHandle$Holder.invokeSpecial(java.lang.Object, java.lang.Object, java.lang.Object, java.lang.Object, java.lang.Object, java.lang.Object, java.lang.Object, java.lang.Object, java.lang.Object, java.lang.Object, java.lang.Object, java.lang.Object, java.lang.Object, java.lang.Object, java.lang.Object, java.lang.Object, java.lang.Object, java.lang.Object, java.lang.Object)'> (0x000000070e370c78) thrown 
Event: 86.684 Thread 0x00007f0c38009800 Exception <a 'java/lang/NoSuchMethodError'{0x000000070e376a08}: 'java.lang.Object java.lang.invoke.DelegatingMethodHandle$Holder.reinvoke_L(java.lang.Object, java.lang.Object, java.lang.Object, java.lang.Object, java.lang.Object, java.lang.Object, java.lang.Object, java.lang.Object, java.lang.Object, java.lang.Object, java.lang.Object, java.lang.Object, java.lang.Object, java.lang.Object, java.lang.Object, java.lang.Object, java.lang.Object, java.lang.Object)'> (0x000000070e376a08) thrown at [./src/hotspot
Event: 86.685 Thread 0x00007f0c38009800 Exception <a 'java/lang/NoSuchMethodError'{0x000000070e39de38}: 'java.lang.Object java.lang.invoke.Invokers$Holder.invoker(java.lang.Object, java.lang.Object, java.lang.Object, java.lang.Object, java.lang.Object, java.lang.Object, java.lang.Object, java.lang.Object, java.lang.Object, java.lang.Object, java.lang.Object, java.lang.Object, java.lang.Object, java.lang.Object, java.lang.Object, java.lang.Object, java.lang.Object, java.lang.Object, java.lang.Object)'> (0x000000070e39de38) thrown at [./src/hotspo
Event: 86.685 Thread 0x00007f0c38009800 Exception <a 'java/lang/NoSuchMethodError'{0x000000070e3a3cb8}: 'java.lang.Object java.lang.invoke.DirectMethodHandle$Holder.invokeSpecial(java.lang.Object, java.lang.Object, java.lang.Object, java.lang.Object, java.lang.Object, java.lang.Object, java.lang.Object, java.lang.Object, java.lang.Object, java.lang.Object, java.lang.Object, java.lang.Object, java.lang.Object, java.lang.Object, java.lang.Object, java.lang.Object, java.lang.Object, java.lang.Object, java.lang.Object, java.lang.Object)'> (0x0000000
Event: 86.685 Thread 0x00007f0c38009800 Exception <a 'java/lang/NoSuchMethodError'{0x000000070e3a8e80}: 'java.lang.Object java.lang.invoke.DelegatingMethodHandle$Holder.delegate(java.lang.Object, java.lang.Object, java.lang.Object, java.lang.Object, java.lang.Object, java.lang.Object, java.lang.Object, java.lang.Object, java.lang.Object, java.lang.Object, java.lang.Object, java.lang.Object, java.lang.Object, java.lang.Object, java.lang.Object, java.lang.Object, java.lang.Object, java.lang.Object, java.lang.Object)'> (0x000000070e3a8e80) thrown a
Event: 86.686 Thread 0x00007f0c38009800 Exception <a 'java/lang/NoSuchMethodError'{0x000000070e3bdd88}: 'java.lang.Object java.lang.invoke.Invokers$Holder.invoker(java.lang.Object, java.lang.Object, java.lang.Object, java.lang.Object, java.lang.Object)'> (0x000000070e3bdd88) thrown at [./src/hotspot/share/interpreter/linkResolver.cpp, line 772]
Event: 86.763 Thread 0x00007f0c38009800 Exception <a 'java/lang/NoSuchMethodError'{0x000000070dec9c50}: 'java.lang.Object java.lang.invoke.DirectMethodHandle$Holder.invokeStatic(java.lang.Object, int, java.lang.Object, java.lang.Object, java.lang.Object, java.lang.Object, java.lang.Object, java.lang.Object)'> (0x000000070dec9c50) thrown at [./src/hotspot/share/interpreter/linkResolver.cpp, line 772]
Event: 86.764 Thread 0x00007f0c38009800 Exception <a 'java/lang/NoSuchMethodError'{0x000000070ded33d8}: 'java.lang.Object java.lang.invoke.DirectMethodHandle$Holder.invokeStatic(java.lang.Object, int, java.lang.Object, java.lang.Object, java.lang.Object, java.lang.Object, java.lang.Object)'> (0x000000070ded33d8) thrown at [./src/hotspot/share/interpreter/linkResolver.cpp, line 772]
Event: 86.771 Thread 0x00007f0c38009800 Exception <a 'java/lang/NoSuchMethodError'{0x000000070dd137b0}: 'void java.lang.invoke.DirectMethodHandle$Holder.invokeStatic(java.lang.Object, java.lang.Object, double)'> (0x000000070dd137b0) thrown at [./src/hotspot/share/interpreter/linkResolver.cpp, line 772]

Events (20 events):
Event: 86.846 loading class scala/Function0
Event: 86.846 loading class scala/Function0 done
Event: 86.846 loading class scala/Function0
Event: 86.846 loading class scala/Function0 done
Event: 86.846 loading class org/apache/spark/ml/stat/SummarizerBuffer
Event: 86.846 loading class org/apache/spark/ml/stat/SummarizerBuffer done
Event: 86.846 loading class org/apache/spark/ml/stat/SummarizerBuffer
Event: 86.846 loading class org/apache/spark/ml/stat/SummarizerBuffer done
Event: 86.847 loading class scala/Tuple2
Event: 86.847 loading class scala/Tuple2 done
Event: 86.847 loading class scala/Tuple2
Event: 86.847 loading class scala/Tuple2 done
Event: 86.847 loading class scala/Function1
Event: 86.847 loading class scala/Function1 done
Event: 86.944 loading class org/apache/iceberg/ContentFile
Event: 86.944 loading class org/apache/iceberg/ContentFile done
Event: 86.944 loading class org/apache/iceberg/ContentFile
Event: 86.944 loading class org/apache/iceberg/ContentFile done
Event: 86.944 loading class org/apache/logging/log4j/message/ParameterizedMessage
Event: 86.944 loading class org/apache/logging/log4j/message/ParameterizedMessage done


Dynamic libraries:
700000000-70eb00000 rw-p 00000000 00:00 0 
70eb00000-7ffe00000 ---p 00000000 00:00 0 
7ffe00000-7ffe48000 rw-p 00b14000 08:30 422983                           /usr/lib/jvm/java-11-openjdk-amd64/lib/server/classes.jsa
7ffe48000-7fff00000 rw-p 00000000 00:00 0 
7fff00000-7fff6c000 rw-p 00aa8000 08:30 422983                           /usr/lib/jvm/java-11-openjdk-amd64/lib/server/classes.jsa
7fff6c000-800000000 rw-p 00000000 00:00 0 
800000000-800002000 rwxp 00001000 08:30 422983                           /usr/lib/jvm/java-11-openjdk-amd64/lib/server/classes.jsa
800002000-8003ce000 rw-p 00003000 08:30 422983                           /usr/lib/jvm/java-11-openjdk-amd64/lib/server/classes.jsa
8003ce000-800aa6000 r--p 003cf000 08:30 422983                           /usr/lib/jvm/java-11-openjdk-amd64/lib/server/classes.jsa
800aa6000-800aa7000 rw-p 00aa7000 08:30 422983                           /usr/lib/jvm/java-11-openjdk-amd64/lib/server/classes.jsa
840000000-8418e0000 rw-p 00000000 00:00 0 
8418e0000-880000000 ---p 00000000 00:00 0 
55a6d9c41000-55a6d9c42000 r--p 00000000 08:30 424198                     /usr/lib/jvm/java-11-openjdk-amd64/bin/java
55a6d9c42000-55a6d9c43000 r-xp 00001000 08:30 424198                     /usr/lib/jvm/java-11-openjdk-amd64/bin/java
55a6d9c43000-55a6d9c44000 r--p 00002000 08:30 424198                     /usr/lib/jvm/java-11-openjdk-amd64/bin/java
55a6d9c44000-55a6d9c45000 r--p 00002000 08:30 424198                     /usr/lib/jvm/java-11-openjdk-amd64/bin/java
55a6d9c45000-55a6d9c46000 rw-p 00003000 08:30 424198                     /usr/lib/jvm/java-11-openjdk-amd64/bin/java
55a6f4880000-55a6f48c2000 rw-p 00000000 00:00 0                          [heap]
7f0ba0000000-7f0ba10d5000 rw-p 00000000 00:00 0 
7f0ba10d5000-7f0ba4000000 ---p 00000000 00:00 0 
7f0ba6685000-7f0ba69f2000 rw-p 00000000 00:00 0 
7f0ba69f2000-7f0ba6af2000 ---p 00000000 00:00 0 
7f0ba6af2000-7f0ba6ef3000 rw-p 00000000 00:00 0 
7f0ba6ef3000-7f0ba6ef7000 ---p 00000000 00:00 0 
7f0ba6ef7000-7f0ba6ff4000 rw-p 00000000 00:00 0 
7f0ba6ff4000-7f0ba6ff8000 ---p 00000000 00:00 0 
7f0ba6ff8000-7f0ba72f5000 rw-p 00000000 00:00 0 
7f0ba72f5000-7f0ba72f9000 ---p 00000000 00:00 0 
7f0ba72f9000-7f0ba73f6000 rw-p 00000000 00:00 0 
7f0ba73f6000-7f0ba73fa000 ---p 00000000 00:00 0 
7f0ba73fa000-7f0ba74f7000 rw-p 00000000 00:00 0 
7f0ba74f7000-7f0ba74fb000 ---p 00000000 00:00 0 
7f0ba74fb000-7f0ba75f8000 rw-p 00000000 00:00 0 
7f0ba75f8000-7f0ba75fc000 ---p 00000000 00:00 0 
7f0ba75fc000-7f0ba76f9000 rw-p 00000000 00:00 0 
7f0ba76f9000-7f0ba76fd000 ---p 00000000 00:00 0 
7f0ba76fd000-7f0ba77fa000 rw-p 00000000 00:00 0 
7f0ba77fa000-7f0ba77fe000 ---p 00000000 00:00 0 
7f0ba77fe000-7f0ba78fb000 rw-p 00000000 00:00 0 
7f0ba78fb000-7f0ba78ff000 ---p 00000000 00:00 0 
7f0ba78ff000-7f0ba79fc000 rw-p 00000000 00:00 0 
7f0ba79fc000-7f0ba7a00000 ---p 00000000 00:00 0 
7f0ba7a00000-7f0ba7afd000 rw-p 00000000 00:00 0 
7f0ba7afd000-7f0ba7b01000 ---p 00000000 00:00 0 
7f0ba7b01000-7f0ba7dfe000 rw-p 00000000 00:00 0 
7f0ba7dfe000-7f0ba7e02000 ---p 00000000 00:00 0 
7f0ba7e02000-7f0ba7eff000 rw-p 00000000 00:00 0 
7f0ba7eff000-7f0ba7f03000 ---p 00000000 00:00 0 
7f0ba7f03000-7f0ba8000000 rw-p 00000000 00:00 0 
7f0ba8000000-7f0ba8021000 rw-p 00000000 00:00 0 
7f0ba8021000-7f0bac000000 ---p 00000000 00:00 0 
7f0bac097000-7f0bac09b000 ---p 00000000 00:00 0 
7f0bac09b000-7f0bac398000 rw-p 00000000 00:00 0 
7f0bac398000-7f0bac39c000 ---p 00000000 00:00 0 
7f0bac39c000-7f0bac499000 rw-p 00000000 00:00 0 
7f0bac499000-7f0bac49d000 ---p 00000000 00:00 0 
7f0bac49d000-7f0bac79a000 rw-p 00000000 00:00 0 
7f0bac79a000-7f0bac99a000 rw-p 00000000 00:00 0 
7f0bac99a000-7f0bacb9a000 rw-p 00000000 00:00 0 
7f0bacb9a000-7f0bacd9a000 rw-p 00000000 00:00 0 
7f0bacd9a000-7f0bacf9a000 rw-p 00000000 00:00 0 
7f0bacf9a000-7f0bacf9e000 ---p 00000000 00:00 0 
7f0bacf9e000-7f0bad29b000 rw-p 00000000 00:00 0 
7f0bad29b000-7f0bad89c000 rw-p 00000000 00:00 0 
7f0bad89c000-7f0bad986000 r-xp 00000000 08:30 202193                     /tmp/libzstd-jni-1.5.5-45294549696034663462.so (deleted)
7f0bad986000-7f0badb85000 ---p 000ea000 08:30 202193                     /tmp/libzstd-jni-1.5.5-45294549696034663462.so (deleted)
7f0badb85000-7f0badb86000 rw-p 000e9000 08:30 202193                     /tmp/libzstd-jni-1.5.5-45294549696034663462.so (deleted)
7f0badb86000-7f0badd86000 rw-p 00000000 00:00 0 
7f0badd86000-7f0badf86000 rw-p 00000000 00:00 0 
7f0badf86000-7f0bae186000 rw-p 00000000 00:00 0 
7f0bae186000-7f0bae386000 rw-p 00000000 00:00 0 
7f0bae386000-7f0bae586000 rw-p 00000000 00:00 0 
7f0bae586000-7f0bae786000 rw-p 00000000 00:00 0 
7f0bae786000-7f0bae986000 rw-p 00000000 00:00 0 
7f0bae986000-7f0baeb86000 rw-p 00000000 00:00 0 
7f0baeb86000-7f0baed86000 rw-p 00000000 00:00 0 
7f0baed86000-7f0baef86000 rw-p 00000000 00:00 0 
7f0baef86000-7f0baefaa000 r-xp 00000000 08:30 202188                     /tmp/liblz4-java-61065069110162199.so
7f0baefaa000-7f0baf1a9000 ---p 00024000 08:30 202188                     /tmp/liblz4-java-61065069110162199.so
7f0baf1a9000-7f0baf1aa000 rw-p 00023000 08:30 202188                     /tmp/liblz4-java-61065069110162199.so
7f0baf1aa000-7f0baf3aa000 rw-p 00000000 00:00 0 
7f0baf3aa000-7f0baf5aa000 rw-p 00000000 00:00 0 
7f0baf5aa000-7f0baf5ec000 r-xp 00000000 08:30 202185                     /tmp/snappy-1.1.10-e04413b3-79a9-4323-8e7f-454b5cae60d4-libsnappyjava.so
7f0baf5ec000-7f0baf7eb000 ---p 00042000 08:30 202185                     /tmp/snappy-1.1.10-e04413b3-79a9-4323-8e7f-454b5cae60d4-libsnappyjava.so
7f0baf7eb000-7f0baf7ee000 rw-p 00041000 08:30 202185                     /tmp/snappy-1.1.10-e04413b3-79a9-4323-8e7f-454b5cae60d4-libsnappyjava.so
7f0baf7ee000-7f0bafa00000 rw-p 00000000 00:00 0 
7f0bafa00000-7f0bafc00000 rw-p 00000000 00:00 0 
7f0bafc00000-7f0bafe00000 rw-p 00000000 00:00 0 
7f0bafe00000-7f0bb0000000 rw-p 00000000 00:00 0 
7f0bb0000000-7f0bb00ef000 rw-p 00000000 00:00 0 
7f0bb00ef000-7f0bb4000000 ---p 00000000 00:00 0 
7f0bb40aa000-7f0bb40ae000 ---p 00000000 00:00 0 
7f0bb40ae000-7f0bb41ab000 rw-p 00000000 00:00 0 
7f0bb41ab000-7f0bb41af000 ---p 00000000 00:00 0 
7f0bb41af000-7f0bb44ac000 rw-p 00000000 00:00 0 
7f0bb44ac000-7f0bb46ac000 rw-p 00000000 00:00 0 
7f0bb46ac000-7f0bb48ac000 rw-p 00000000 00:00 0 
7f0bb48ac000-7f0bb4aac000 rw-p 00000000 00:00 0 
7f0bb4aac000-7f0bb4cac000 rw-p 00000000 00:00 0 
7f0bb4cac000-7f0bb4eac000 rw-p 00000000 00:00 0 
7f0bb4eac000-7f0bb50ac000 rw-p 00000000 00:00 0 
7f0bb50ac000-7f0bb52ac000 rw-p 00000000 00:00 0 
7f0bb52ac000-7f0bb54ac000 rw-p 00000000 00:00 0 
7f0bb54ac000-7f0bb56ac000 rw-p 00000000 00:00 0 
7f0bb56f3000-7f0bb58f3000 rw-p 00000000 00:00 0 
7f0bb58f3000-7f0bb58f7000 ---p 00000000 00:00 0 
7f0bb58f7000-7f0bb5bf4000 rw-p 00000000 00:00 0 
7f0bb5bf4000-7f0bb5df4000 rw-p 00000000 00:00 0 
7f0bb5df4000-7f0bb5ff4000 rw-p 00000000 00:00 0 
7f0bb5ff4000-7f0bb61f4000 rw-p 00000000 00:00 0 
7f0bb61f4000-7f0bb63f4000 rw-p 00000000 00:00 0 
7f0bb63f4000-7f0bb65f4000 rw-p 00000000 00:00 0 
7f0bb65f4000-7f0bb67f4000 rw-p 00000000 00:00 0 
7f0bb67f4000-7f0bb69f4000 rw-p 00000000 00:00 0 
7f0bb69f4000-7f0bb6bf4000 rw-p 00000000 00:00 0 
7f0bb6bf4000-7f0bb6df4000 rw-p 00000000 00:00 0 
7f0bb6df4000-7f0bb6df5000 ---p 00000000 00:00 0 
7f0bb6df5000-7f0bb6ef5000 rw-p 00000000 00:00 0 
7f0bb6ef5000-7f0bb6ef6000 ---p 00000000 00:00 0 
7f0bb6ef6000-7f0bb6ff6000 rw-p 00000000 00:00 0 
7f0bb6ff6000-7f0bb6ffa000 ---p 00000000 00:00 0 
7f0bb6ffa000-7f0bb72f7000 rw-p 00000000 00:00 0 
7f0bb72f7000-7f0bb72fb000 ---p 00000000 00:00 0 
7f0bb72fb000-7f0bb73f8000 rw-p 00000000 00:00 0 
7f0bb73f8000-7f0bb73fc000 ---p 00000000 00:00 0 
7f0bb73fc000-7f0bb74f9000 rw-p 00000000 00:00 0 
7f0bb74f9000-7f0bb74fd000 ---p 00000000 00:00 0 
7f0bb74fd000-7f0bb75fa000 rw-p 00000000 00:00 0 
7f0bb75fa000-7f0bb75fe000 ---p 00000000 00:00 0 
7f0bb75fe000-7f0bb78fb000 rw-p 00000000 00:00 0 
7f0bb78fb000-7f0bb78ff000 ---p 00000000 00:00 0 
7f0bb78ff000-7f0bb79fc000 rw-p 00000000 00:00 0 
7f0bb79fc000-7f0bb7a00000 ---p 00000000 00:00 0 
7f0bb7a00000-7f0bb7afd000 rw-p 00000000 00:00 0 
7f0bb7afd000-7f0bb7b01000 ---p 00000000 00:00 0 
7f0bb7b01000-7f0bb7bfe000 rw-p 00000000 00:00 0 
7f0bb7bfe000-7f0bb7c02000 ---p 00000000 00:00 0 
7f0bb7c02000-7f0bb7eff000 rw-p 00000000 00:00 0 
7f0bb7eff000-7f0bb7f03000 ---p 00000000 00:00 0 
7f0bb7f03000-7f0bb8000000 rw-p 00000000 00:00 0 
7f0bb8000000-7f0bb8021000 rw-p 00000000 00:00 0 
7f0bb8021000-7f0bbc000000 ---p 00000000 00:00 0 
7f0bbc000000-7f0bbc021000 rw-p 00000000 00:00 0 
7f0bbc021000-7f0bc0000000 ---p 00000000 00:00 0 
7f0bc0000000-7f0bc003f000 rw-p 00000000 00:00 0 
7f0bc003f000-7f0bc4000000 ---p 00000000 00:00 0 
7f0bc4000000-7f0bc408a000 rw-p 00000000 00:00 0 
7f0bc408a000-7f0bc8000000 ---p 00000000 00:00 0 
7f0bc8000000-7f0bc8021000 rw-p 00000000 00:00 0 
7f0bc8021000-7f0bcc000000 ---p 00000000 00:00 0 
7f0bcc000000-7f0bcc021000 rw-p 00000000 00:00 0 
7f0bcc021000-7f0bd0000000 ---p 00000000 00:00 0 
7f0bd0000000-7f0bd0021000 rw-p 00000000 00:00 0 
7f0bd0021000-7f0bd4000000 ---p 00000000 00:00 0 
7f0bd4000000-7f0bd40e1000 rw-p 00000000 00:00 0 
7f0bd40e1000-7f0bd8000000 ---p 00000000 00:00 0 
7f0bd8000000-7f0bd83bc000 rw-p 00000000 00:00 0 
7f0bd83bc000-7f0bdc000000 ---p 00000000 00:00 0 
7f0bdc000000-7f0bdc021000 rw-p 00000000 00:00 0 
7f0bdc021000-7f0be0000000 ---p 00000000 00:00 0 
7f0be0000000-7f0be0021000 rw-p 00000000 00:00 0 
7f0be0021000-7f0be4000000 ---p 00000000 00:00 0 
7f0be4000000-7f0be4021000 rw-p 00000000 00:00 0 
7f0be4021000-7f0be8000000 ---p 00000000 00:00 0 
7f0be8000000-7f0be8021000 rw-p 00000000 00:00 0 
7f0be8021000-7f0bec000000 ---p 00000000 00:00 0 
7f0bec000000-7f0bec021000 rw-p 00000000 00:00 0 
7f0bec021000-7f0bf0000000 ---p 00000000 00:00 0 
7f0bf0000000-7f0bf0021000 rw-p 00000000 00:00 0 
7f0bf0021000-7f0bf4000000 ---p 00000000 00:00 0 
7f0bf4000000-7f0bf4021000 rw-p 00000000 00:00 0 
7f0bf4021000-7f0bf8000000 ---p 00000000 00:00 0 
7f0bf8000000-7f0bf8021000 rw-p 00000000 00:00 0 
7f0bf8021000-7f0bfc000000 ---p 00000000 00:00 0 
7f0bfc000000-7f0bfc021000 rw-p 00000000 00:00 0 
7f0bfc021000-7f0c00000000 ---p 00000000 00:00 0 
7f0c00000000-7f0c00021000 rw-p 00000000 00:00 0 
7f0c00021000-7f0c04000000 ---p 00000000 00:00 0 
7f0c04000000-7f0c04021000 rw-p 00000000 00:00 0 
7f0c04021000-7f0c08000000 ---p 00000000 00:00 0 
7f0c08000000-7f0c08021000 rw-p 00000000 00:00 0 
7f0c08021000-7f0c0c000000 ---p 00000000 00:00 0 
7f0c0c000000-7f0c0c021000 rw-p 00000000 00:00 0 
7f0c0c021000-7f0c10000000 ---p 00000000 00:00 0 
7f0c10000000-7f0c10021000 rw-p 00000000 00:00 0 
7f0c10021000-7f0c14000000 ---p 00000000 00:00 0 
7f0c14000000-7f0c14021000 rw-p 00000000 00:00 0 
7f0c14021000-7f0c18000000 ---p 00000000 00:00 0 
7f0c18000000-7f0c18021000 rw-p 00000000 00:00 0 
7f0c18021000-7f0c1c000000 ---p 00000000 00:00 0 
7f0c1c000000-7f0c1c021000 rw-p 00000000 00:00 0 
7f0c1c021000-7f0c20000000 ---p 00000000 00:00 0 
7f0c20000000-7f0c20231000 rw-p 00000000 00:00 0 
7f0c20231000-7f0c24000000 ---p 00000000 00:00 0 
7f0c24000000-7f0c24021000 rw-p 00000000 00:00 0 
7f0c24021000-7f0c28000000 ---p 00000000 00:00 0 
7f0c28000000-7f0c28021000 rw-p 00000000 00:00 0 
7f0c28021000-7f0c2c000000 ---p 00000000 00:00 0 
7f0c2c000000-7f0c2c021000 rw-p 00000000 00:00 0 
7f0c2c021000-7f0c30000000 ---p 00000000 00:00 0 
7f0c30000000-7f0c30021000 rw-p 00000000 00:00 0 
7f0c30021000-7f0c34000000 ---p 00000000 00:00 0 
7f0c34000000-7f0c34021000 rw-p 00000000 00:00 0 
7f0c34021000-7f0c38000000 ---p 00000000 00:00 0 
7f0c38000000-7f0c38021000 rw-p 00000000 00:00 0 
7f0c38021000-7f0c3c000000 ---p 00000000 00:00 0 
7f0c3c000000-7f0c3c021000 rw-p 00000000 00:00 0 
7f0c3c021000-7f0c40000000 ---p 00000000 00:00 0 
7f0c40000000-7f0c40021000 rw-p 00000000 00:00 0 
7f0c40021000-7f0c44000000 ---p 00000000 00:00 0 
7f0c44000000-7f0c44021000 rw-p 00000000 00:00 0 
7f0c44021000-7f0c48000000 ---p 00000000 00:00 0 
7f0c48000000-7f0c48021000 rw-p 00000000 00:00 0 
7f0c48021000-7f0c4c000000 ---p 00000000 00:00 0 
7f0c4c000000-7f0c4c036000 rw-p 00000000 00:00 0 
7f0c4c036000-7f0c50000000 ---p 00000000 00:00 0 
7f0c50000000-7f0c50021000 rw-p 00000000 00:00 0 
7f0c50021000-7f0c54000000 ---p 00000000 00:00 0 
7f0c54000000-7f0c57ffc000 rw-p 00000000 00:00 0 
7f0c57ffc000-7f0c58000000 ---p 00000000 00:00 0 
7f0c58000000-7f0c58021000 rw-p 00000000 00:00 0 
7f0c58021000-7f0c5c000000 ---p 00000000 00:00 0 
7f0c5c000000-7f0c5c03d000 rw-p 00000000 00:00 0 
7f0c5c03d000-7f0c60000000 ---p 00000000 00:00 0 
7f0c60026000-7f0c6002a000 ---p 00000000 00:00 0 
7f0c6002a000-7f0c60127000 rw-p 00000000 00:00 0 
7f0c60127000-7f0c6012b000 ---p 00000000 00:00 0 
7f0c6012b000-7f0c60228000 rw-p 00000000 00:00 0 
7f0c60228000-7f0c6022c000 ---p 00000000 00:00 0 
7f0c6022c000-7f0c60329000 rw-p 00000000 00:00 0 
7f0c60329000-7f0c6032d000 ---p 00000000 00:00 0 
7f0c6032d000-7f0c6042a000 rw-p 00000000 00:00 0 
7f0c6042a000-7f0c6042e000 ---p 00000000 00:00 0 
7f0c6042e000-7f0c6052b000 rw-p 00000000 00:00 0 
7f0c6052b000-7f0c6052f000 ---p 00000000 00:00 0 
7f0c6052f000-7f0c6062c000 rw-p 00000000 00:00 0 
7f0c6062c000-7f0c60630000 ---p 00000000 00:00 0 
7f0c60630000-7f0c6072d000 rw-p 00000000 00:00 0 
7f0c6072d000-7f0c60731000 ---p 00000000 00:00 0 
7f0c60731000-7f0c6082e000 rw-p 00000000 00:00 0 
7f0c6082e000-7f0c60832000 ---p 00000000 00:00 0 
7f0c60832000-7f0c6092f000 rw-p 00000000 00:00 0 
7f0c6092f000-7f0c60933000 ---p 00000000 00:00 0 
7f0c60933000-7f0c60a30000 rw-p 00000000 00:00 0 
7f0c60a30000-7f0c60a34000 ---p 00000000 00:00 0 
7f0c60a34000-7f0c60b31000 rw-p 00000000 00:00 0 
7f0c60b31000-7f0c60b35000 ---p 00000000 00:00 0 
7f0c60b35000-7f0c60c32000 rw-p 00000000 00:00 0 
7f0c60c32000-7f0c60c36000 ---p 00000000 00:00 0 
7f0c60c36000-7f0c60f33000 rw-p 00000000 00:00 0 
7f0c60f33000-7f0c60f37000 ---p 00000000 00:00 0 
7f0c60f37000-7f0c61234000 rw-p 00000000 00:00 0 
7f0c61234000-7f0c61238000 ---p 00000000 00:00 0 
7f0c61238000-7f0c61335000 rw-p 00000000 00:00 0 
7f0c6140f000-7f0c61413000 ---p 00000000 00:00 0 
7f0c61413000-7f0c61510000 rw-p 00000000 00:00 0 
7f0c61510000-7f0c61514000 ---p 00000000 00:00 0 
7f0c61514000-7f0c61611000 rw-p 00000000 00:00 0 
7f0c616e9000-7f0c616ed000 ---p 00000000 00:00 0 
7f0c616ed000-7f0c617ea000 rw-p 00000000 00:00 0 
7f0c617ea000-7f0c617ee000 ---p 00000000 00:00 0 
7f0c617ee000-7f0c618eb000 rw-p 00000000 00:00 0 
7f0c618eb000-7f0c618ef000 ---p 00000000 00:00 0 
7f0c618ef000-7f0c619ec000 rw-p 00000000 00:00 0 
7f0c619ec000-7f0c619f0000 ---p 00000000 00:00 0 
7f0c619f0000-7f0c61aed000 rw-p 00000000 00:00 0 
7f0c61aed000-7f0c61af1000 ---p 00000000 00:00 0 
7f0c61af1000-7f0c61bee000 rw-p 00000000 00:00 0 
7f0c61bee000-7f0c61bf2000 ---p 00000000 00:00 0 
7f0c61bf2000-7f0c61cef000 rw-p 00000000 00:00 0 
7f0c61cef000-7f0c61cf3000 ---p 00000000 00:00 0 
7f0c61cf3000-7f0c61df0000 rw-p 00000000 00:00 0 
7f0c61df0000-7f0c61df4000 ---p 00000000 00:00 0 
7f0c61df4000-7f0c61ef1000 rw-p 00000000 00:00 0 
7f0c61ef1000-7f0c61ef5000 ---p 00000000 00:00 0 
7f0c61ef5000-7f0c621f2000 rw-p 00000000 00:00 0 
7f0c621f2000-7f0c621f6000 ---p 00000000 00:00 0 
7f0c621f6000-7f0c622f3000 rw-p 00000000 00:00 0 
7f0c622f3000-7f0c622f7000 ---p 00000000 00:00 0 
7f0c622f7000-7f0c623f4000 rw-p 00000000 00:00 0 
7f0c623f4000-7f0c623f8000 ---p 00000000 00:00 0 
7f0c623f8000-7f0c624f5000 rw-p 00000000 00:00 0 
7f0c624f5000-7f0c624f9000 ---p 00000000 00:00 0 
7f0c624f9000-7f0c625f6000 rw-p 00000000 00:00 0 
7f0c625f6000-7f0c625fa000 ---p 00000000 00:00 0 
7f0c625fa000-7f0c626f7000 rw-p 00000000 00:00 0 
7f0c626f7000-7f0c626fb000 ---p 00000000 00:00 0 
7f0c626fb000-7f0c627f8000 rw-p 00000000 00:00 0 
7f0c627f8000-7f0c627fc000 ---p 00000000 00:00 0 
7f0c627fc000-7f0c628f9000 rw-p 00000000 00:00 0 
7f0c628f9000-7f0c628fd000 ---p 00000000 00:00 0 
7f0c628fd000-7f0c629fa000 rw-p 00000000 00:00 0 
7f0c629fa000-7f0c629fe000 ---p 00000000 00:00 0 
7f0c629fe000-7f0c62cfb000 rw-p 00000000 00:00 0 
7f0c62cfb000-7f0c62efb000 rw-p 00000000 00:00 0 
7f0c62efb000-7f0c62efc000 ---p 00000000 00:00 0 
7f0c62efc000-7f0c62ffc000 rw-p 00000000 00:00 0 
7f0c62ffc000-7f0c62ffd000 ---p 00000000 00:00 0 
7f0c62ffd000-7f0c630fd000 rw-p 00000000 00:00 0 
7f0c630fd000-7f0c630fe000 ---p 00000000 00:00 0 
7f0c630fe000-7f0c633fe000 rw-p 00000000 00:00 0 
7f0c633fe000-7f0c63402000 ---p 00000000 00:00 0 
7f0c63402000-7f0c636ff000 rw-p 00000000 00:00 0 
7f0c636ff000-7f0c63703000 ---p 00000000 00:00 0 
7f0c63703000-7f0c63a00000 rw-p 00000000 00:00 0 
7f0c63a00000-7f0c63c00000 rw-p 00000000 00:00 0 
7f0c63c00000-7f0c63e00000 rw-p 00000000 00:00 0 
7f0c63e00000-7f0c64000000 rw-p 00000000 00:00 0 
7f0c64000000-7f0c64021000 rw-p 00000000 00:00 0 
7f0c64021000-7f0c68000000 ---p 00000000 00:00 0 
7f0c68000000-7f0c68021000 rw-p 00000000 00:00 0 
7f0c68021000-7f0c6c000000 ---p 00000000 00:00 0 
7f0c6c000000-7f0c6c021000 rw-p 00000000 00:00 0 
7f0c6c021000-7f0c70000000 ---p 00000000 00:00 0 
7f0c70000000-7f0c709da000 rw-p 00000000 00:00 0 
7f0c709da000-7f0c74000000 ---p 00000000 00:00 0 
7f0c74000000-7f0c74021000 rw-p 00000000 00:00 0 
7f0c74021000-7f0c78000000 ---p 00000000 00:00 0 
7f0c78000000-7f0c78021000 rw-p 00000000 00:00 0 
7f0c78021000-7f0c7c000000 ---p 00000000 00:00 0 
7f0c7c000000-7f0c7d6d0000 rw-p 00000000 00:00 0 
7f0c7d6d0000-7f0c80000000 ---p 00000000 00:00 0 
7f0c80000000-7f0c803b9000 rw-p 00000000 00:00 0 
7f0c803b9000-7f0c84000000 ---p 00000000 00:00 0 
7f0c84000000-7f0c84021000 rw-p 00000000 00:00 0 
7f0c84021000-7f0c88000000 ---p 00000000 00:00 0 
7f0c88000000-7f0c88021000 rw-p 00000000 00:00 0 
7f0c88021000-7f0c8c000000 ---p 00000000 00:00 0 
7f0c8c000000-7f0c8c021000 rw-p 00000000 00:00 0 
7f0c8c021000-7f0c90000000 ---p 00000000 00:00 0 
7f0c90000000-7f0c90021000 rw-p 00000000 00:00 0 
7f0c90021000-7f0c94000000 ---p 00000000 00:00 0 
7f0c94000000-7f0c94021000 rw-p 00000000 00:00 0 
7f0c94021000-7f0c98000000 ---p 00000000 00:00 0 
7f0c98000000-7f0c98098000 rw-p 00000000 00:00 0 
7f0c98098000-7f0c9c000000 ---p 00000000 00:00 0 
7f0c9c000000-7f0c9c021000 rw-p 00000000 00:00 0 
7f0c9c021000-7f0ca0000000 ---p 00000000 00:00 0 
7f0ca00f1000-7f0ca02f1000 rw-p 00000000 00:00 0 
7f0ca02f1000-7f0ca02f2000 ---p 00000000 00:00 0 
7f0ca02f2000-7f0ca03f2000 rw-p 00000000 00:00 0 
7f0ca03f2000-7f0ca03f3000 ---p 00000000 00:00 0 
7f0ca03f3000-7f0ca04f3000 rw-p 00000000 00:00 0 
7f0ca04f3000-7f0ca04f4000 ---p 00000000 00:00 0 
7f0ca04f4000-7f0ca05f4000 rw-p 00000000 00:00 0 
7f0ca0656000-7f0ca065a000 r--p 00000000 08:30 365381                     /lib/x86_64-linux-gnu/libresolv-2.31.so
7f0ca065a000-7f0ca0668000 r-xp 00004000 08:30 365381                     /lib/x86_64-linux-gnu/libresolv-2.31.so
7f0ca0668000-7f0ca066c000 r--p 00012000 08:30 365381                     /lib/x86_64-linux-gnu/libresolv-2.31.so
7f0ca066c000-7f0ca066d000 r--p 00015000 08:30 365381                     /lib/x86_64-linux-gnu/libresolv-2.31.so
7f0ca066d000-7f0ca066e000 rw-p 00016000 08:30 365381                     /lib/x86_64-linux-gnu/libresolv-2.31.so
7f0ca066e000-7f0ca0670000 rw-p 00000000 00:00 0 
7f0ca0670000-7f0ca0671000 r--p 00000000 08:30 365364                     /lib/x86_64-linux-gnu/libnss_dns-2.31.so
7f0ca0671000-7f0ca0675000 r-xp 00001000 08:30 365364                     /lib/x86_64-linux-gnu/libnss_dns-2.31.so
7f0ca0675000-7f0ca0676000 r--p 00005000 08:30 365364                     /lib/x86_64-linux-gnu/libnss_dns-2.31.so
7f0ca0676000-7f0ca0677000 r--p 00005000 08:30 365364                     /lib/x86_64-linux-gnu/libnss_dns-2.31.so
7f0ca0677000-7f0ca0678000 rw-p 00006000 08:30 365364                     /lib/x86_64-linux-gnu/libnss_dns-2.31.so
7f0ca0678000-7f0ca0680000 r--p 00000000 08:30 424516                     /usr/lib/jvm/java-11-openjdk-amd64/lib/libsunec.so
7f0ca0680000-7f0ca0699000 r-xp 00008000 08:30 424516                     /usr/lib/jvm/java-11-openjdk-amd64/lib/libsunec.so
7f0ca0699000-7f0ca06a3000 r--p 00021000 08:30 424516                     /usr/lib/jvm/java-11-openjdk-amd64/lib/libsunec.so
7f0ca06a3000-7f0ca06a4000 ---p 0002b000 08:30 424516                     /usr/lib/jvm/java-11-openjdk-amd64/lib/libsunec.so
7f0ca06a4000-7f0ca06a8000 r--p 0002b000 08:30 424516                     /usr/lib/jvm/java-11-openjdk-amd64/lib/libsunec.so
7f0ca06a8000-7f0ca06aa000 rw-p 0002f000 08:30 424516                     /usr/lib/jvm/java-11-openjdk-amd64/lib/libsunec.so
7f0ca06aa000-7f0ca06ae000 ---p 00000000 00:00 0 
7f0ca06ae000-7f0ca06cc000 rw-p 00000000 00:00 0 
7f0ca06cc000-7f0ca06d0000 ---p 00000000 00:00 0 
7f0ca06d0000-7f0ca07fe000 rw-p 00000000 00:00 0 
7f0ca07fe000-7f0ca07ff000 ---p 00000000 00:00 0 
7f0ca07ff000-7f0ca08ff000 rw-p 00000000 00:00 0 
7f0ca08ff000-7f0ca0903000 ---p 00000000 00:00 0 
7f0ca0903000-7f0ca0a00000 rw-p 00000000 00:00 0 
7f0ca0a00000-7f0ca0a04000 ---p 00000000 00:00 0 
7f0ca0a04000-7f0ca0b01000 rw-p 00000000 00:00 0 
7f0ca0b01000-7f0ca0b05000 ---p 00000000 00:00 0 
7f0ca0b05000-7f0ca0c02000 rw-p 00000000 00:00 0 
7f0ca0c02000-7f0ca0c06000 ---p 00000000 00:00 0 
7f0ca0c06000-7f0ca0d03000 rw-p 00000000 00:00 0 
7f0ca0d03000-7f0ca0d07000 ---p 00000000 00:00 0 
7f0ca0d07000-7f0ca0e04000 rw-p 00000000 00:00 0 
7f0ca0e04000-7f0ca0e08000 ---p 00000000 00:00 0 
7f0ca0e08000-7f0ca0f05000 rw-p 00000000 00:00 0 
7f0ca0f05000-7f0ca1078000 r--p 00000000 08:30 365764                     /usr/lib/locale/C.UTF-8/LC_COLLATE
7f0ca1078000-7f0ca107c000 ---p 00000000 00:00 0 
7f0ca107c000-7f0ca1179000 rw-p 00000000 00:00 0 
7f0ca1179000-7f0ca117d000 ---p 00000000 00:00 0 
7f0ca117d000-7f0ca127a000 rw-p 00000000 00:00 0 
7f0ca127a000-7f0ca127b000 ---p 00000000 00:00 0 
7f0ca127b000-7f0ca1bfc000 rw-p 00000000 00:00 0 
7f0ca1bfc000-7f0ca1bfd000 ---p 00000000 00:00 0 
7f0ca1bfd000-7f0ca1cfd000 rw-p 00000000 00:00 0 
7f0ca1cfd000-7f0ca1cfe000 ---p 00000000 00:00 0 
7f0ca1cfe000-7f0ca4000000 rw-p 00000000 00:00 0 
7f0ca4000000-7f0ca4021000 rw-p 00000000 00:00 0 
7f0ca4021000-7f0ca8000000 ---p 00000000 00:00 0 
7f0ca8000000-7f0ca803c000 rw-p 00000000 00:00 0 
7f0ca803c000-7f0cac000000 ---p 00000000 00:00 0 
7f0cac000000-7f0cac3ac000 rw-p 00000000 00:00 0 
7f0cac3ac000-7f0cafff8000 ---p 00000000 00:00 0 
7f0cafff8000-7f0cb03ac000 rw-p 00000000 00:00 0 
7f0cb03ac000-7f0cb3ff8000 ---p 00000000 00:00 0 
7f0cb3ff8000-7f0cb4000000 rw-p 00000000 00:00 0 
7f0cb4000000-7f0cb4021000 rw-p 00000000 00:00 0 
7f0cb4021000-7f0cb8000000 ---p 00000000 00:00 0 
7f0cb8009000-7f0cb800a000 r--p 00000000 08:30 424480                     /usr/lib/jvm/java-11-openjdk-amd64/lib/libjaas.so
7f0cb800a000-7f0cb800b000 r-xp 00001000 08:30 424480                     /usr/lib/jvm/java-11-openjdk-amd64/lib/libjaas.so
7f0cb800b000-7f0cb800c000 r--p 00002000 08:30 424480                     /usr/lib/jvm/java-11-openjdk-amd64/lib/libjaas.so
7f0cb800c000-7f0cb800d000 r--p 00002000 08:30 424480                     /usr/lib/jvm/java-11-openjdk-amd64/lib/libjaas.so
7f0cb800d000-7f0cb800e000 rw-p 00003000 08:30 424480                     /usr/lib/jvm/java-11-openjdk-amd64/lib/libjaas.so
7f0cb800e000-7f0cb8063000 r--p 00000000 08:30 365765                     /usr/lib/locale/C.UTF-8/LC_CTYPE
7f0cb8063000-7f0cb86c4000 rw-p 00000000 00:00 0 
7f0cb86c4000-7f0cb86c5000 ---p 00000000 00:00 0 
7f0cb86c5000-7f0cb87c5000 rw-p 00000000 00:00 0 
7f0cb87c5000-7f0cb8a35000 rwxp 00000000 00:00 0 
7f0cb8a35000-7f0cb8d56000 ---p 00000000 00:00 0 
7f0cb8d56000-7f0cb9dc6000 rwxp 00000000 00:00 0 
7f0cb9dc6000-7f0cc028d000 ---p 00000000 00:00 0 
7f0cc028d000-7f0cc072d000 rwxp 00000000 00:00 0 
7f0cc072d000-7f0cc77c5000 ---p 00000000 00:00 0 
7f0cc77c5000-7f0cd0000000 r--s 00000000 08:30 424524                     /usr/lib/jvm/java-11-openjdk-amd64/lib/modules
7f0cd0000000-7f0cd277b000 rw-p 00000000 00:00 0 
7f0cd277b000-7f0cd4000000 ---p 00000000 00:00 0 
7f0cd4003000-7f0cd4004000 r--p 00000000 08:30 424467                     /usr/lib/jvm/java-11-openjdk-amd64/lib/libextnet.so
7f0cd4004000-7f0cd4005000 r-xp 00001000 08:30 424467                     /usr/lib/jvm/java-11-openjdk-amd64/lib/libextnet.so
7f0cd4005000-7f0cd4006000 r--p 00002000 08:30 424467                     /usr/lib/jvm/java-11-openjdk-amd64/lib/libextnet.so
7f0cd4006000-7f0cd4007000 r--p 00002000 08:30 424467                     /usr/lib/jvm/java-11-openjdk-amd64/lib/libextnet.so
7f0cd4007000-7f0cd4008000 rw-p 00003000 08:30 424467                     /usr/lib/jvm/java-11-openjdk-amd64/lib/libextnet.so
7f0cd4008000-7f0cd400a000 r--p 00000000 08:30 424500                     /usr/lib/jvm/java-11-openjdk-amd64/lib/libmanagement_ext.so
7f0cd400a000-7f0cd400d000 r-xp 00002000 08:30 424500                     /usr/lib/jvm/java-11-openjdk-amd64/lib/libmanagement_ext.so
7f0cd400d000-7f0cd400e000 r--p 00005000 08:30 424500                     /usr/lib/jvm/java-11-openjdk-amd64/lib/libmanagement_ext.so
7f0cd400e000-7f0cd400f000 ---p 00006000 08:30 424500                     /usr/lib/jvm/java-11-openjdk-amd64/lib/libmanagement_ext.so
7f0cd400f000-7f0cd4010000 r--p 00006000 08:30 424500                     /usr/lib/jvm/java-11-openjdk-amd64/lib/libmanagement_ext.so
7f0cd4010000-7f0cd4011000 rw-p 00007000 08:30 424500                     /usr/lib/jvm/java-11-openjdk-amd64/lib/libmanagement_ext.so
7f0cd4011000-7f0cd4014000 r--p 00000000 08:30 424496                     /usr/lib/jvm/java-11-openjdk-amd64/lib/libmanagement.so
7f0cd4014000-7f0cd4015000 r-xp 00003000 08:30 424496                     /usr/lib/jvm/java-11-openjdk-amd64/lib/libmanagement.so
7f0cd4015000-7f0cd4016000 r--p 00004000 08:30 424496                     /usr/lib/jvm/java-11-openjdk-amd64/lib/libmanagement.so
7f0cd4016000-7f0cd4017000 r--p 00004000 08:30 424496                     /usr/lib/jvm/java-11-openjdk-amd64/lib/libmanagement.so
7f0cd4017000-7f0cd4018000 rw-p 00005000 08:30 424496                     /usr/lib/jvm/java-11-openjdk-amd64/lib/libmanagement.so
7f0cd4018000-7f0cd401c000 r--p 00000000 08:30 424504                     /usr/lib/jvm/java-11-openjdk-amd64/lib/libnet.so
7f0cd401c000-7f0cd402a000 r-xp 00004000 08:30 424504                     /usr/lib/jvm/java-11-openjdk-amd64/lib/libnet.so
7f0cd402a000-7f0cd402e000 r--p 00012000 08:30 424504                     /usr/lib/jvm/java-11-openjdk-amd64/lib/libnet.so
7f0cd402e000-7f0cd402f000 r--p 00015000 08:30 424504                     /usr/lib/jvm/java-11-openjdk-amd64/lib/libnet.so
7f0cd402f000-7f0cd4030000 rw-p 00016000 08:30 424504                     /usr/lib/jvm/java-11-openjdk-amd64/lib/libnet.so
7f0cd4030000-7f0cd4037000 r--p 00000000 08:30 424506                     /usr/lib/jvm/java-11-openjdk-amd64/lib/libnio.so
7f0cd4037000-7f0cd403e000 r-xp 00007000 08:30 424506                     /usr/lib/jvm/java-11-openjdk-amd64/lib/libnio.so
7f0cd403e000-7f0cd4041000 r--p 0000e000 08:30 424506                     /usr/lib/jvm/java-11-openjdk-amd64/lib/libnio.so
7f0cd4041000-7f0cd4042000 r--p 00010000 08:30 424506                     /usr/lib/jvm/java-11-openjdk-amd64/lib/libnio.so
7f0cd4042000-7f0cd4043000 rw-p 00011000 08:30 424506                     /usr/lib/jvm/java-11-openjdk-amd64/lib/libnio.so
7f0cd4043000-7f0cd4044000 r--p 00000000 08:30 365772                     /usr/lib/locale/C.UTF-8/LC_NUMERIC
7f0cd4044000-7f0cd4045000 r--p 00000000 08:30 365775                     /usr/lib/locale/C.UTF-8/LC_TIME
7f0cd4045000-7f0cd4046000 r--p 00000000 08:30 365770                     /usr/lib/locale/C.UTF-8/LC_MONETARY
7f0cd4046000-7f0cd4047000 r--p 00000000 08:30 365769                     /usr/lib/locale/C.UTF-8/LC_MESSAGES/SYS_LC_MESSAGES
7f0cd4047000-7f0cd4048000 r--p 00000000 08:30 365773                     /usr/lib/locale/C.UTF-8/LC_PAPER
7f0cd4048000-7f0cd4049000 r--p 00000000 08:30 365771                     /usr/lib/locale/C.UTF-8/LC_NAME
7f0cd4049000-7f0cd404a000 r--p 00000000 08:30 365763                     /usr/lib/locale/C.UTF-8/LC_ADDRESS
7f0cd404a000-7f0cd404b000 r--p 00000000 08:30 365774                     /usr/lib/locale/C.UTF-8/LC_TELEPHONE
7f0cd404b000-7f0cd4052000 r--s 00000000 08:30 366045                     /usr/lib/x86_64-linux-gnu/gconv/gconv-modules.cache
7f0cd4052000-7f0cd40bc000 rw-p 00000000 00:00 0 
7f0cd40bc000-7f0cd40bd000 ---p 00000000 00:00 0 
7f0cd40bd000-7f0cd433c000 rw-p 00000000 00:00 0 
7f0cd433c000-7f0cd4ac5000 ---p 00000000 00:00 0 
7f0cd4ac5000-7f0cd4b3c000 rw-p 00000000 00:00 0 
7f0cd4b3c000-7f0cd52c5000 ---p 00000000 00:00 0 
7f0cd52c5000-7f0cd533c000 rw-p 00000000 00:00 0 
7f0cd533c000-7f0cd5ac5000 ---p 00000000 00:00 0 
7f0cd5ac5000-7f0cd62ef000 rw-p 00000000 00:00 0 
7f0cd62ef000-7f0cd62f0000 ---p 00000000 00:00 0 
7f0cd62f0000-7f0cd63fa000 rw-p 00000000 00:00 0 
7f0cd63fa000-7f0cd64db000 ---p 00000000 00:00 0 
7f0cd64db000-7f0cd64fc000 rw-p 00000000 00:00 0 
7f0cd64fc000-7f0cd65c6000 ---p 00000000 00:00 0 
7f0cd65c6000-7f0cd65cb000 rw-p 00000000 00:00 0 
7f0cd65cb000-7f0cd65d2000 ---p 00000000 00:00 0 
7f0cd65d2000-7f0cd65d4000 r--p 00000000 08:30 424522                     /usr/lib/jvm/java-11-openjdk-amd64/lib/libzip.so
7f0cd65d4000-7f0cd65d8000 r-xp 00002000 08:30 424522                     /usr/lib/jvm/java-11-openjdk-amd64/lib/libzip.so
7f0cd65d8000-7f0cd65da000 r--p 00006000 08:30 424522                     /usr/lib/jvm/java-11-openjdk-amd64/lib/libzip.so
7f0cd65da000-7f0cd65db000 r--p 00007000 08:30 424522                     /usr/lib/jvm/java-11-openjdk-amd64/lib/libzip.so
7f0cd65db000-7f0cd65dc000 rw-p 00008000 08:30 424522                     /usr/lib/jvm/java-11-openjdk-amd64/lib/libzip.so
7f0cd65dc000-7f0cd65df000 r--p 00000000 08:30 365366                     /lib/x86_64-linux-gnu/libnss_files-2.31.so
7f0cd65df000-7f0cd65e6000 r-xp 00003000 08:30 365366                     /lib/x86_64-linux-gnu/libnss_files-2.31.so
7f0cd65e6000-7f0cd65e8000 r--p 0000a000 08:30 365366                     /lib/x86_64-linux-gnu/libnss_files-2.31.so
7f0cd65e8000-7f0cd65e9000 r--p 0000b000 08:30 365366                     /lib/x86_64-linux-gnu/libnss_files-2.31.so
7f0cd65e9000-7f0cd65ea000 rw-p 0000c000 08:30 365366                     /lib/x86_64-linux-gnu/libnss_files-2.31.so
7f0cd65ea000-7f0cd65f0000 rw-p 00000000 00:00 0 
7f0cd65f0000-7f0cd65f1000 r--p 00000000 08:30 365767                     /usr/lib/locale/C.UTF-8/LC_MEASUREMENT
7f0cd65f1000-7f0cd65f9000 rw-s 00000000 08:30 202135                     /tmp/hsperfdata_root/1186
7f0cd65f9000-7f0cd65fa000 ---p 00000000 00:00 0 
7f0cd65fa000-7f0cd65fb000 r--p 00000000 00:00 0 
7f0cd65fb000-7f0cd6609000 r--p 00000000 08:30 424482                     /usr/lib/jvm/java-11-openjdk-amd64/lib/libjava.so
7f0cd6609000-7f0cd661e000 r-xp 0000e000 08:30 424482                     /usr/lib/jvm/java-11-openjdk-amd64/lib/libjava.so
7f0cd661e000-7f0cd6625000 r--p 00023000 08:30 424482                     /usr/lib/jvm/java-11-openjdk-amd64/lib/libjava.so
7f0cd6625000-7f0cd6626000 r--p 00029000 08:30 424482                     /usr/lib/jvm/java-11-openjdk-amd64/lib/libjava.so
7f0cd6626000-7f0cd6627000 rw-p 0002a000 08:30 424482                     /usr/lib/jvm/java-11-openjdk-amd64/lib/libjava.so
7f0cd6627000-7f0cd6628000 rw-p 00000000 00:00 0 
7f0cd6628000-7f0cd662d000 r--p 00000000 08:30 424520                     /usr/lib/jvm/java-11-openjdk-amd64/lib/libverify.so
7f0cd662d000-7f0cd6634000 r-xp 00005000 08:30 424520                     /usr/lib/jvm/java-11-openjdk-amd64/lib/libverify.so
7f0cd6634000-7f0cd6636000 r--p 0000c000 08:30 424520                     /usr/lib/jvm/java-11-openjdk-amd64/lib/libverify.so
7f0cd6636000-7f0cd6637000 ---p 0000e000 08:30 424520                     /usr/lib/jvm/java-11-openjdk-amd64/lib/libverify.so
7f0cd6637000-7f0cd6639000 r--p 0000e000 08:30 424520                     /usr/lib/jvm/java-11-openjdk-amd64/lib/libverify.so
7f0cd6639000-7f0cd663a000 rw-p 00010000 08:30 424520                     /usr/lib/jvm/java-11-openjdk-amd64/lib/libverify.so
7f0cd663a000-7f0cd663c000 r--p 00000000 08:30 365383                     /lib/x86_64-linux-gnu/librt-2.31.so
7f0cd663c000-7f0cd6640000 r-xp 00002000 08:30 365383                     /lib/x86_64-linux-gnu/librt-2.31.so
7f0cd6640000-7f0cd6642000 r--p 00006000 08:30 365383                     /lib/x86_64-linux-gnu/librt-2.31.so
7f0cd6642000-7f0cd6643000 r--p 00007000 08:30 365383                     /lib/x86_64-linux-gnu/librt-2.31.so
7f0cd6643000-7f0cd6644000 rw-p 00008000 08:30 365383                     /lib/x86_64-linux-gnu/librt-2.31.so
7f0cd6644000-7f0cd6648000 ---p 00000000 00:00 0 
7f0cd6648000-7f0cd6745000 rw-p 00000000 00:00 0 
7f0cd6745000-7f0cd6748000 r--p 00000000 08:30 365348                     /lib/x86_64-linux-gnu/libgcc_s.so.1
7f0cd6748000-7f0cd6759000 r-xp 00003000 08:30 365348                     /lib/x86_64-linux-gnu/libgcc_s.so.1
7f0cd6759000-7f0cd675d000 r--p 00014000 08:30 365348                     /lib/x86_64-linux-gnu/libgcc_s.so.1
7f0cd675d000-7f0cd675e000 r--p 00017000 08:30 365348                     /lib/x86_64-linux-gnu/libgcc_s.so.1
7f0cd675e000-7f0cd675f000 rw-p 00018000 08:30 365348                     /lib/x86_64-linux-gnu/libgcc_s.so.1
7f0cd675f000-7f0cd676c000 r--p 00000000 08:30 365355                     /lib/x86_64-linux-gnu/libm-2.31.so
7f0cd676c000-7f0cd6806000 r-xp 0000d000 08:30 365355                     /lib/x86_64-linux-gnu/libm-2.31.so
7f0cd6806000-7f0cd68a1000 r--p 000a7000 08:30 365355                     /lib/x86_64-linux-gnu/libm-2.31.so
7f0cd68a1000-7f0cd68a2000 r--p 00141000 08:30 365355                     /lib/x86_64-linux-gnu/libm-2.31.so
7f0cd68a2000-7f0cd68a3000 rw-p 00142000 08:30 365355                     /lib/x86_64-linux-gnu/libm-2.31.so
7f0cd68a3000-7f0cd6939000 r--p 00000000 08:30 366112                     /usr/lib/x86_64-linux-gnu/libstdc++.so.6.0.28
7f0cd6939000-7f0cd6a15000 r-xp 00096000 08:30 366112                     /usr/lib/x86_64-linux-gnu/libstdc++.so.6.0.28
7f0cd6a15000-7f0cd6a5f000 r--p 00172000 08:30 366112                     /usr/lib/x86_64-linux-gnu/libstdc++.so.6.0.28
7f0cd6a5f000-7f0cd6a6a000 r--p 001bb000 08:30 366112                     /usr/lib/x86_64-linux-gnu/libstdc++.so.6.0.28
7f0cd6a6a000-7f0cd6a6d000 rw-p 001c6000 08:30 366112                     /usr/lib/x86_64-linux-gnu/libstdc++.so.6.0.28
7f0cd6a6d000-7f0cd6a70000 rw-p 00000000 00:00 0 
7f0cd6a70000-7f0cd6cf3000 r--p 00000000 08:30 424534                     /usr/lib/jvm/java-11-openjdk-amd64/lib/server/libjvm.so
7f0cd6cf3000-7f0cd795c000 r-xp 00283000 08:30 424534                     /usr/lib/jvm/java-11-openjdk-amd64/lib/server/libjvm.so
7f0cd795c000-7f0cd7bbf000 r--p 00eec000 08:30 424534                     /usr/lib/jvm/java-11-openjdk-amd64/lib/server/libjvm.so
7f0cd7bbf000-7f0cd7bc0000 ---p 0114f000 08:30 424534                     /usr/lib/jvm/java-11-openjdk-amd64/lib/server/libjvm.so
7f0cd7bc0000-7f0cd7c84000 r--p 0114f000 08:30 424534                     /usr/lib/jvm/java-11-openjdk-amd64/lib/server/libjvm.so
7f0cd7c84000-7f0cd7cbf000 rw-p 01213000 08:30 424534                     /usr/lib/jvm/java-11-openjdk-amd64/lib/server/libjvm.so
7f0cd7cbf000-7f0cd7d18000 rw-p 00000000 00:00 0 
7f0cd7d18000-7f0cd7d3a000 r--p 00000000 08:30 365334                     /lib/x86_64-linux-gnu/libc-2.31.so
7f0cd7d3a000-7f0cd7e93000 r-xp 00022000 08:30 365334                     /lib/x86_64-linux-gnu/libc-2.31.so
7f0cd7e93000-7f0cd7ee2000 r--p 0017b000 08:30 365334                     /lib/x86_64-linux-gnu/libc-2.31.so
7f0cd7ee2000-7f0cd7ee6000 r--p 001c9000 08:30 365334                     /lib/x86_64-linux-gnu/libc-2.31.so
7f0cd7ee6000-7f0cd7ee8000 rw-p 001cd000 08:30 365334                     /lib/x86_64-linux-gnu/libc-2.31.so
7f0cd7ee8000-7f0cd7eec000 rw-p 00000000 00:00 0 
7f0cd7eec000-7f0cd7eed000 r--p 00000000 08:30 365342                     /lib/x86_64-linux-gnu/libdl-2.31.so
7f0cd7eed000-7f0cd7eef000 r-xp 00001000 08:30 365342                     /lib/x86_64-linux-gnu/libdl-2.31.so
7f0cd7eef000-7f0cd7ef0000 r--p 00003000 08:30 365342                     /lib/x86_64-linux-gnu/libdl-2.31.so
7f0cd7ef0000-7f0cd7ef1000 r--p 00003000 08:30 365342                     /lib/x86_64-linux-gnu/libdl-2.31.so
7f0cd7ef1000-7f0cd7ef2000 rw-p 00004000 08:30 365342                     /lib/x86_64-linux-gnu/libdl-2.31.so
7f0cd7ef2000-7f0cd7ef5000 r--p 00000000 08:30 424451                     /usr/lib/jvm/java-11-openjdk-amd64/lib/jli/libjli.so
7f0cd7ef5000-7f0cd7eff000 r-xp 00003000 08:30 424451                     /usr/lib/jvm/java-11-openjdk-amd64/lib/jli/libjli.so
7f0cd7eff000-7f0cd7f02000 r--p 0000d000 08:30 424451                     /usr/lib/jvm/java-11-openjdk-amd64/lib/jli/libjli.so
7f0cd7f02000-7f0cd7f03000 ---p 00010000 08:30 424451                     /usr/lib/jvm/java-11-openjdk-amd64/lib/jli/libjli.so
7f0cd7f03000-7f0cd7f04000 r--p 00010000 08:30 424451                     /usr/lib/jvm/java-11-openjdk-amd64/lib/jli/libjli.so
7f0cd7f04000-7f0cd7f05000 rw-p 00011000 08:30 424451                     /usr/lib/jvm/java-11-openjdk-amd64/lib/jli/libjli.so
7f0cd7f05000-7f0cd7f0b000 r--p 00000000 08:30 365379                     /lib/x86_64-linux-gnu/libpthread-2.31.so
7f0cd7f0b000-7f0cd7f1b000 r-xp 00006000 08:30 365379                     /lib/x86_64-linux-gnu/libpthread-2.31.so
7f0cd7f1b000-7f0cd7f21000 r--p 00016000 08:30 365379                     /lib/x86_64-linux-gnu/libpthread-2.31.so
7f0cd7f21000-7f0cd7f22000 r--p 0001b000 08:30 365379                     /lib/x86_64-linux-gnu/libpthread-2.31.so
7f0cd7f22000-7f0cd7f23000 rw-p 0001c000 08:30 365379                     /lib/x86_64-linux-gnu/libpthread-2.31.so
7f0cd7f23000-7f0cd7f27000 rw-p 00000000 00:00 0 
7f0cd7f27000-7f0cd7f2a000 r--p 00000000 08:30 365398                     /lib/x86_64-linux-gnu/libz.so.1.2.11
7f0cd7f2a000-7f0cd7f3b000 r-xp 00003000 08:30 365398                     /lib/x86_64-linux-gnu/libz.so.1.2.11
7f0cd7f3b000-7f0cd7f41000 r--p 00014000 08:30 365398                     /lib/x86_64-linux-gnu/libz.so.1.2.11
7f0cd7f41000-7f0cd7f42000 ---p 0001a000 08:30 365398                     /lib/x86_64-linux-gnu/libz.so.1.2.11
7f0cd7f42000-7f0cd7f43000 r--p 0001a000 08:30 365398                     /lib/x86_64-linux-gnu/libz.so.1.2.11
7f0cd7f43000-7f0cd7f44000 rw-p 0001b000 08:30 365398                     /lib/x86_64-linux-gnu/libz.so.1.2.11
7f0cd7f44000-7f0cd7f46000 rw-p 00000000 00:00 0 
7f0cd7f46000-7f0cd7f48000 r--p 00000000 08:30 424488                     /usr/lib/jvm/java-11-openjdk-amd64/lib/libjimage.so
7f0cd7f48000-7f0cd7f4b000 r-xp 00002000 08:30 424488                     /usr/lib/jvm/java-11-openjdk-amd64/lib/libjimage.so
7f0cd7f4b000-7f0cd7f4c000 r--p 00005000 08:30 424488                     /usr/lib/jvm/java-11-openjdk-amd64/lib/libjimage.so
7f0cd7f4c000-7f0cd7f4d000 ---p 00006000 08:30 424488                     /usr/lib/jvm/java-11-openjdk-amd64/lib/libjimage.so
7f0cd7f4d000-7f0cd7f4e000 r--p 00006000 08:30 424488                     /usr/lib/jvm/java-11-openjdk-amd64/lib/libjimage.so
7f0cd7f4e000-7f0cd7f4f000 rw-p 00007000 08:30 424488                     /usr/lib/jvm/java-11-openjdk-amd64/lib/libjimage.so
7f0cd7f4f000-7f0cd7f50000 r--p 00000000 08:30 365322                     /lib/x86_64-linux-gnu/ld-2.31.so
7f0cd7f50000-7f0cd7f70000 r-xp 00001000 08:30 365322                     /lib/x86_64-linux-gnu/ld-2.31.so
7f0cd7f70000-7f0cd7f78000 r--p 00021000 08:30 365322                     /lib/x86_64-linux-gnu/ld-2.31.so
7f0cd7f78000-7f0cd7f79000 r--p 00000000 08:30 365766                     /usr/lib/locale/C.UTF-8/LC_IDENTIFICATION
7f0cd7f79000-7f0cd7f7a000 r--p 00029000 08:30 365322                     /lib/x86_64-linux-gnu/ld-2.31.so
7f0cd7f7a000-7f0cd7f7b000 rw-p 0002a000 08:30 365322                     /lib/x86_64-linux-gnu/ld-2.31.so
7f0cd7f7b000-7f0cd7f7c000 rw-p 00000000 00:00 0 
7ffc310f0000-7ffc31111000 rw-p 00000000 00:00 0                          [stack]
7ffc31197000-7ffc3119b000 r--p 00000000 00:00 0                          [vvar]
7ffc3119b000-7ffc3119d000 r-xp 00000000 00:00 0                          [vdso]


VM Arguments:
jvm_args: -Xmx4g -XX:+IgnoreUnrecognizedVMOptions --add-opens=java.base/java.lang=ALL-UNNAMED --add-opens=java.base/java.lang.invoke=ALL-UNNAMED --add-opens=java.base/java.lang.reflect=ALL-UNNAMED --add-opens=java.base/java.io=ALL-UNNAMED --add-opens=java.base/java.net=ALL-UNNAMED --add-opens=java.base/java.nio=ALL-UNNAMED --add-opens=java.base/java.util=ALL-UNNAMED --add-opens=java.base/java.util.concurrent=ALL-UNNAMED --add-opens=java.base/java.util.concurrent.atomic=ALL-UNNAMED --add-opens=java.base/jdk.internal.ref=ALL-UNNAMED --add-opens=java.base/sun.nio.ch=ALL-UNNAMED --add-opens=java.base/sun.nio.cs=ALL-UNNAMED --add-opens=java.base/sun.security.action=ALL-UNNAMED --add-opens=java.base/sun.util.calendar=ALL-UNNAMED --add-opens=java.security.jgss/sun.security.krb5=ALL-UNNAMED -Djdk.reflect.useDirectMethodHandle=false 
java_command: org.apache.spark.deploy.SparkSubmit --name PySparkShell pyspark-shell
java_class_path (initial): /opt/spark/conf/:/opt/spark/jars/ivy-2.5.1.jar:/opt/spark/jars/algebra_2.12-2.0.1.jar:/opt/spark/jars/parquet-hadoop-1.13.1.jar:/opt/spark/jars/JTransforms-3.1.jar:/opt/spark/jars/leveldbjni-all-1.8.jar:/opt/spark/jars/arrow-format-12.0.1.jar:/opt/spark/jars/parquet-jackson-1.13.1.jar:/opt/spark/jars/oro-2.0.8.jar:/opt/spark/jars/minlog-1.3.0.jar:/opt/spark/jars/netty-handler-proxy-4.1.96.Final.jar:/opt/spark/jars/lapack-3.0.3.jar:/opt/spark/jars/parquet-encoding-1.13.1.jar:/opt/spark/jars/commons-codec-1.16.1.jar:/opt/spark/jars/kubernetes-client-api-6.7.2.jar:/opt/spark/jars/commons-math3-3.6.1.jar:/opt/spark/jars/kryo-shaded-4.0.2.jar:/opt/spark/jars/stream-2.9.6.jar:/opt/spark/jars/jackson-annotations-2.15.2.jar:/opt/spark/jars/spark-mesos_2.12-3.5.5.jar:/opt/spark/jars/jcl-over-slf4j-2.0.7.jar:/opt/spark/jars/commons-compress-1.23.0.jar:/opt/spark/jars/snakeyaml-2.0.jar:/opt/spark/jars/kubernetes-model-metrics-6.7.2.jar:/opt/spark/jars/zstd-jni-1.5.5-4.jar:/opt/spark/jars/scala-compiler-2.12.18.jar:/opt/spark/jars/scala-collection-compat_2.12-2.7.0.jar:/opt/spark/jars/orc-shims-1.9.5.jar:/opt/spark/jars/jakarta.servlet-api-4.0.3.jar:/opt/spark/jars/hk2-api-2.6.1.jar:/opt/spark/jars/spark-kvstore_2.12-3.5.5.jar:/opt/spark/jars/spark-repl_2.12-3.5.5.jar:/opt/spark/jars/logging-interceptor-3.12.12.jar:/opt/spark/jars/scala-reflect-2.12.18.jar:/opt/spark/jars/netty-buffer-4.1.96.Final.jar:/opt/spark/jars/parquet-common-1.13.1.jar:/opt/spark/jars/kubernetes-httpclient-okhttp-6.7.2.jar:/opt/spark/jars/json4s-ast_2.12-3.7.0-M11.jar:/opt/spark/jars/netty-transport-native-epoll-4.1.96.Final-linux-aarch_64.jar:/opt/spark/jars/kubernetes-model-resource-6.7.2.jar:/opt/spark/jars/spark-streaming_2.12-3.5.5.jar:/opt/spark/jars/metrics-core-4.2.19.jar:/opt/spark/jars/kubernetes-model-core-6.7.2.jar:/opt/spark/jars/log4j-api-2.20.0.jar:/opt/spark/jars/okio-1.17.6.jar:/opt/spark/jars/kubernetes-model-apps-6.7.2.jar:/opt/spark/jars/kubernetes-model-n
Launcher Type: SUN_STANDARD

[Global flags]
     intx CICompilerCount                          = 4                                         {product} {ergonomic}
     uint ConcGCThreads                            = 2                                         {product} {ergonomic}
     uint G1ConcRefinementThreads                  = 8                                         {product} {ergonomic}
   size_t G1HeapRegionSize                         = 1048576                                   {product} {ergonomic}
    uintx GCDrainStackTargetSize                   = 64                                        {product} {ergonomic}
     bool IgnoreUnrecognizedVMOptions              = true                                      {product} {command line}
   size_t InitialHeapSize                          = 130023424                                 {product} {ergonomic}
   size_t MarkStackSize                            = 4194304                                   {product} {ergonomic}
   size_t MaxHeapSize                              = 4294967296                                {product} {command line}
   size_t MaxNewSize                               = 2576351232                                {product} {ergonomic}
   size_t MinHeapDeltaBytes                        = 1048576                                   {product} {ergonomic}
    uintx NonNMethodCodeHeapSize                   = 5836300                                {pd product} {ergonomic}
    uintx NonProfiledCodeHeapSize                  = 122910970                              {pd product} {ergonomic}
    uintx ProfiledCodeHeapSize                     = 122910970                              {pd product} {ergonomic}
    uintx ReservedCodeCacheSize                    = 251658240                              {pd product} {ergonomic}
     bool SegmentedCodeCache                       = true                                      {product} {ergonomic}
     bool UseCompressedClassPointers               = true                                 {lp64_product} {ergonomic}
     bool UseCompressedOops                        = true                                 {lp64_product} {ergonomic}
     bool UseG1GC                                  = true                                      {product} {ergonomic}

Logging:
Log output configuration:
 #0: stdout all=warning uptime,level,tags
 #1: stderr all=off uptime,level,tags

Environment Variables:
JAVA_HOME=/usr/lib/jvm/java-11-openjdk-amd64
PATH=/opt/spark/sbin:/opt/spark/bin:/usr/local/bin:/usr/local/sbin:/usr/local/bin:/usr/sbin:/usr/bin:/sbin:/bin
LANG=C.UTF-8
TERM=xterm-color

Signal Handlers:
SIGSEGV: [libjvm.so+0xe7a620], sa_mask[0]=11111111011111111101111111111110, sa_flags=SA_RESTART|SA_SIGINFO
SIGBUS: [libjvm.so+0xe7a620], sa_mask[0]=11111111011111111101111111111110, sa_flags=SA_RESTART|SA_SIGINFO
SIGFPE: [libjvm.so+0xe7a620], sa_mask[0]=11111111011111111101111111111110, sa_flags=SA_RESTART|SA_SIGINFO
SIGPIPE: [libjvm.so+0xbca5a0], sa_mask[0]=11111111011111111101111111111110, sa_flags=SA_RESTART|SA_SIGINFO
SIGXFSZ: [libjvm.so+0xbca5a0], sa_mask[0]=11111111011111111101111111111110, sa_flags=SA_RESTART|SA_SIGINFO
SIGILL: [libjvm.so+0xe7a620], sa_mask[0]=11111111011111111101111111111110, sa_flags=SA_RESTART|SA_SIGINFO
SIGUSR2: [libjvm.so+0xbca440], sa_mask[0]=00000000000000000000000000000000, sa_flags=SA_RESTART|SA_SIGINFO
SIGHUP: [libjvm.so+0xbcac00], sa_mask[0]=11111111011111111101111111111110, sa_flags=SA_RESTART|SA_SIGINFO
SIGINT: SIG_IGN, sa_mask[0]=00000000000000000000000000000000, sa_flags=none
SIGTERM: [libjvm.so+0xbcac00], sa_mask[0]=11111111011111111101111111111110, sa_flags=SA_RESTART|SA_SIGINFO
SIGQUIT: [libjvm.so+0xbcac00], sa_mask[0]=11111111011111111101111111111110, sa_flags=SA_RESTART|SA_SIGINFO


---------------  S Y S T E M  ---------------

OS:PRETTY_NAME="Debian GNU/Linux 11 (bullseye)"
NAME="Debian GNU/Linux"
VERSION_ID="11"
VERSION="11 (bullseye)"
VERSION_CODENAME=bullseye
ID=debian
HOME_URL="https://www.debian.org/"
SUPPORT_URL="https://www.debian.org/support"
BUG_REPORT_URL="https://bugs.debian.org/"
uname:Linux 5.15.167.4-microsoft-standard-WSL2 #1 SMP Tue Nov 5 00:21:55 UTC 2024 x86_64
OS uptime: 0 days 3:20 hours
libc:glibc 2.31 NPTL 2.31 
rlimit (soft/hard): STACK 8192k/infinity , CORE 0k/infinity , NPROC infinity/infinity , NOFILE 1048576/1048576 , AS infinity/infinity , CPU infinity/infinity , DATA infinity/infinity , FSIZE infinity/infinity , MEMLOCK infinity/infinity
load average:0.83 1.28 0.73

/proc/meminfo:
MemTotal:        8007700 kB
MemFree:          121196 kB
MemAvailable:    1529432 kB
Buffers:           57152 kB
Cached:          1599676 kB
SwapCached:            0 kB
Active:           702388 kB
Inactive:        6711752 kB
Active(anon):      55364 kB
Inactive(anon):  5779120 kB
Active(file):     647024 kB
Inactive(file):   932632 kB
Unevictable:           0 kB
Mlocked:               0 kB
SwapTotal:       2097152 kB
SwapFree:        2097140 kB
Dirty:               164 kB
Writeback:             0 kB
AnonPages:       5717108 kB
Mapped:           526456 kB
Shmem:             77172 kB
KReclaimable:      88748 kB
Slab:             169272 kB
SReclaimable:      88748 kB
SUnreclaim:        80524 kB
KernelStack:       20068 kB
PageTables:        27596 kB
NFS_Unstable:          0 kB
Bounce:                0 kB
WritebackTmp:          0 kB
CommitLimit:     6101000 kB
Committed_AS:   10016708 kB
VmallocTotal:   34359738367 kB
VmallocUsed:       43612 kB
VmallocChunk:          0 kB
Percpu:             4992 kB
AnonHugePages:   4182016 kB
ShmemHugePages:        0 kB
ShmemPmdMapped:        0 kB
FileHugePages:         0 kB
FilePmdMapped:         0 kB
HugePages_Total:       0
HugePages_Free:        0
HugePages_Rsvd:        0
HugePages_Surp:        0
Hugepagesize:       2048 kB
Hugetlb:               0 kB
DirectMap4k:      123904 kB
DirectMap2M:     7086080 kB
DirectMap1G:    10485760 kB

/sys/kernel/mm/transparent_hugepage/enabled:
[always] madvise never
/sys/kernel/mm/transparent_hugepage/defrag (defrag/compaction efforts parameter):
always defer defer+madvise [madvise] never

Process Memory:
Virtual Size: 10321204K (peak: 15709284K)
Resident Set Size: 643212K (peak: 643212K) (anon: 613848K, file: 29364K, shmem: 0K)
Swapped out: 0K

[error occurred during error reporting (printing OS information), id 0xb, SIGSEGV (0xb) at pc=0x00007f0cd7d99650]

CPU:total 8 (initial active 8) (4 cores per cpu, 2 threads per core) family 6 model 142 stepping 12 microcode 0xffffffff, cmov, cx8, fxsr, mmx, sse, sse2, sse3, ssse3, sse4.1, sse4.2, popcnt, avx, avx2, aes, clmul, erms, 3dnowpref, lzcnt, ht, tsc, bmi1, bmi2, adx, fma
CPU Model and flags from /proc/cpuinfo:
model name	: Intel(R) Core(TM) i5-10210U CPU @ 1.60GHz
flags		: fpu vme de pse tsc msr pae mce cx8 apic sep mtrr pge mca cmov pat pse36 clflush mmx fxsr sse sse2 ss ht syscall nx pdpe1gb rdtscp lm constant_tsc arch_perfmon rep_good nopl xtopology cpuid pni pclmulqdq ssse3 fma cx16 pdcm pcid sse4_1 sse4_2 movbe popcnt aes xsave avx f16c rdrand hypervisor lahf_lm abm 3dnowprefetch invpcid_single ssbd ibrs ibpb stibp ibrs_enhanced fsgsbase bmi1 avx2 smep bmi2 erms invpcid rdseed adx smap clflushopt xsaveopt xsavec xgetbv1 xsaves md_clear flush_l1d arch_capabilities
Online cpus:
0-7
Offline cpus:

BIOS frequency limitation:
<Not Available>
Frequency switch latency (ns):
<Not Available>
Available cpu frequencies:
<Not Available>
Current governor:
<Not Available>
Core performance/turbo boost:
<Not Available>

Memory: 4k page, physical 8007700k(120956k free), swap 2097152k(2097140k free)

vm_info: OpenJDK 64-Bit Server VM (11.0.26+4-post-Debian-1deb11u1) for linux-amd64 JRE (11.0.26+4-post-Debian-1deb11u1), built on Jan 31 2025 10:48:05 by "unknown" with gcc 10.2.1 20210110

END.
