#
# A fatal error has been detected by the Java Runtime Environment:
#
#  SIGSEGV (0xb) at pc=0x00007f6e28b0e875, pid=438, tid=1133
#
# JRE version: OpenJDK Runtime Environment (11.0.26+4) (build 11.0.26+4-post-Debian-1deb11u1)
# Java VM: OpenJDK 64-Bit Server VM (11.0.26+4-post-Debian-1deb11u1, mixed mode, sharing, tiered, compressed oops, g1 gc, linux-amd64)
# Problematic frame:
# V  [libjvm.so+0xdcc875]  SymbolTable::lookup_dynamic(int, char const*, int, unsigned int)+0x45
#
# Core dump will be written. Default location: Core dumps may be processed with "/wsl-capture-crash %t %E %p %s" (or dumping to /src/notebooks/core.438)
#
# If you would like to submit a bug report, please visit:
#   https://bugs.debian.org/openjdk-11
#

---------------  S U M M A R Y ------------

Command Line: -Xmx4g -XX:+IgnoreUnrecognizedVMOptions --add-opens=java.base/java.lang=ALL-UNNAMED --add-opens=java.base/java.lang.invoke=ALL-UNNAMED --add-opens=java.base/java.lang.reflect=ALL-UNNAMED --add-opens=java.base/java.io=ALL-UNNAMED --add-opens=java.base/java.net=ALL-UNNAMED --add-opens=java.base/java.nio=ALL-UNNAMED --add-opens=java.base/java.util=ALL-UNNAMED --add-opens=java.base/java.util.concurrent=ALL-UNNAMED --add-opens=java.base/java.util.concurrent.atomic=ALL-UNNAMED --add-opens=java.base/jdk.internal.ref=ALL-UNNAMED --add-opens=java.base/sun.nio.ch=ALL-UNNAMED --add-opens=java.base/sun.nio.cs=ALL-UNNAMED --add-opens=java.base/sun.security.action=ALL-UNNAMED --add-opens=java.base/sun.util.calendar=ALL-UNNAMED --add-opens=java.security.jgss/sun.security.krb5=ALL-UNNAMED -Djdk.reflect.useDirectMethodHandle=false org.apache.spark.deploy.SparkSubmit --name PySparkShell pyspark-shell

Host: Intel(R) Core(TM) i5-10210U CPU @ 1.60GHz, 8 cores, 7G, Debian GNU/Linux 11 (bullseye)
Time: Fri Apr 11 15:36:11 2025 UTC elapsed time: 503.656934 seconds (0d 0h 8m 23s)

---------------  T H R E A D  ---------------

Current thread (0x00007f6d78007000):  JavaThread "Executor task launch worker for task 0.0 in stage 2.0 (TID 2)" daemon [_thread_in_vm, id=1133, stack(0x00007f6d03eff000,0x00007f6d04000000)]

Stack: [0x00007f6d03eff000,0x00007f6d04000000],  sp=0x00007f6d03ffb860,  free space=1010k
Native frames: (J=compiled Java code, A=aot compiled Java code, j=interpreted, Vv=VM code, C=native code)
V  [libjvm.so+0xdcc875]  SymbolTable::lookup_dynamic(int, char const*, int, unsigned int)+0x45
V  [libjvm.so+0xdccc63]  SymbolTable::lookup_only(char const*, int, unsigned int&)+0xb3
V  [libjvm.so+0x5b2a86]  ClassFileParser::parse_constant_pool_entries(ClassFileStream const*, ConstantPool*, int, Thread*)+0x676
V  [libjvm.so+0x5b46bd]  ClassFileParser::parse_stream(ClassFileStream const*, Thread*) [clone .part.0]+0x2dd
V  [libjvm.so+0x5b61b9]  ClassFileParser::ClassFileParser(ClassFileStream*, Symbol*, ClassLoaderData*, Handle, InstanceKlass const*, GrowableArray<Handle>*, ClassFileParser::Publicity, Thread*)+0x339
V  [libjvm.so+0xa19c8c]  KlassFactory::create_from_stream(ClassFileStream*, Symbol*, ClassLoaderData*, Handle, InstanceKlass const*, GrowableArray<Handle>*, Thread*)+0xfc
V  [libjvm.so+0xdd939a]  SystemDictionary::resolve_from_stream(Symbol*, Handle, Handle, ClassFileStream*, Thread*)+0x14a
V  [libjvm.so+0x91a8eb]  jvm_define_class_common(JNIEnv_*, char const*, _jobject*, signed char const*, int, _jobject*, char const*, Thread*)+0x1fb
V  [libjvm.so+0x91ac58]  JVM_DefineClassWithSource+0x68
C  [libjava.so+0xf654]  Java_java_lang_ClassLoader_defineClass1+0x134
J 1028  java.lang.ClassLoader.defineClass1(Ljava/lang/ClassLoader;Ljava/lang/String;[BIILjava/security/ProtectionDomain;Ljava/lang/String;)Ljava/lang/Class; java.base@11.0.26 (0 bytes) @ 0x00007f6e1030bd7d [0x00007f6e1030bc40+0x000000000000013d]
J 5762 c2 java.security.SecureClassLoader.defineClass(Ljava/lang/String;[BIILjava/security/CodeSource;)Ljava/lang/Class; java.base@11.0.26 (16 bytes) @ 0x00007f6e106240b8 [0x00007f6e10623e80+0x0000000000000238]
J 5169 c2 jdk.internal.loader.BuiltinClassLoader.findClassOnClassPathOrNull(Ljava/lang/String;)Ljava/lang/Class; java.base@11.0.26 (64 bytes) @ 0x00007f6e105b85b4 [0x00007f6e105b78c0+0x0000000000000cf4]
J 5287 c2 jdk.internal.loader.BuiltinClassLoader.loadClassOrNull(Ljava/lang/String;Z)Ljava/lang/Class; java.base@11.0.26 (143 bytes) @ 0x00007f6e105d90b0 [0x00007f6e105d7f60+0x0000000000001150]
J 4609 c2 java.lang.ClassLoader.loadClass(Ljava/lang/String;)Ljava/lang/Class; java.base@11.0.26 (7 bytes) @ 0x00007f6e1055c5cc [0x00007f6e1055c560+0x000000000000006c]
v  ~StubRoutines::call_stub
V  [libjvm.so+0x860563]  JavaCalls::call_helper(JavaValue*, methodHandle const&, JavaCallArguments*, Thread*)+0x353
V  [libjvm.so+0x85edfe]  JavaCalls::call_virtual(JavaValue*, Handle, Klass*, Symbol*, Symbol*, Handle, Thread*)+0x19e
V  [libjvm.so+0xddb0cd]  SystemDictionary::load_instance_class(Symbol*, Handle, Thread*)+0x18d
V  [libjvm.so+0xdd9f4a]  SystemDictionary::resolve_instance_class_or_null(Symbol*, Handle, Handle, Thread*)+0x95a
V  [libjvm.so+0xddc357]  SystemDictionary::resolve_or_fail(Symbol*, Handle, Handle, bool, Thread*)+0x57
V  [libjvm.so+0x66a466]  ConstantPool::klass_at_impl(constantPoolHandle const&, int, bool, Thread*)+0xc6
V  [libjvm.so+0x8574d2]  InterpreterRuntime::_new(JavaThread*, ConstantPool*, int)+0x72
j  org.apache.logging.log4j.message.ParameterizedMessageFactory.newMessage(Ljava/lang/String;Ljava/lang/Object;Ljava/lang/Object;)Lorg/apache/logging/log4j/message/Message;+0
j  org.apache.logging.log4j.spi.AbstractLogger.logMessage(Ljava/lang/String;Lorg/apache/logging/log4j/Level;Lorg/apache/logging/log4j/Marker;Ljava/lang/String;Ljava/lang/Object;Ljava/lang/Object;)V+10
j  org.apache.logging.log4j.spi.AbstractLogger.logIfEnabled(Ljava/lang/String;Lorg/apache/logging/log4j/Level;Lorg/apache/logging/log4j/Marker;Ljava/lang/String;Ljava/lang/Object;Ljava/lang/Object;)V+25
j  org.apache.logging.slf4j.Log4jLogger.error(Ljava/lang/String;Ljava/lang/Object;Ljava/lang/Object;)V+14
j  org.apache.iceberg.spark.source.BaseReader.next()Z+149
j  org.apache.spark.sql.execution.datasources.v2.PartitionIterator.hasNext()Z+19
j  org.apache.spark.sql.execution.datasources.v2.MetricsIterator.hasNext()Z+4
j  org.apache.spark.sql.execution.datasources.v2.DataSourceRDD$$anon$1.$anonfun$hasNext$1(Lscala/collection/Iterator;)Z+1
j  org.apache.spark.sql.execution.datasources.v2.DataSourceRDD$$anon$1.$anonfun$hasNext$1$adapted(Lscala/collection/Iterator;)Ljava/lang/Object;+1
j  org.apache.spark.sql.execution.datasources.v2.DataSourceRDD$$anon$1$$Lambda$3422.apply(Ljava/lang/Object;)Ljava/lang/Object;+4
J 5073 c1 scala.Option.exists(Lscala/Function1;)Z (27 bytes) @ 0x00007f6e096ccce4 [0x00007f6e096cca00+0x00000000000002e4]
j  org.apache.spark.sql.execution.datasources.v2.DataSourceRDD$$anon$1.hasNext()Z+9
j  org.apache.spark.InterruptibleIterator.hasNext()Z+11
J 3713 c1 scala.collection.Iterator$$anon$10.hasNext()Z (10 bytes) @ 0x00007f6e09487574 [0x00007f6e09487440+0x0000000000000134]
j  org.apache.spark.sql.catalyst.expressions.GeneratedClass$GeneratedIteratorForCodegenStage1.columnartorow_nextBatch_0$(Lorg/apache/spark/sql/catalyst/expressions/GeneratedClass$GeneratedIteratorForCodegenStage1;)V+6
J 9810 c1 org.apache.spark.sql.catalyst.expressions.GeneratedClass$GeneratedIteratorForCodegenStage1.processNext()V (604 bytes) @ 0x00007f6e09fca574 [0x00007f6e09fc9420+0x0000000000001154]
J 9782 c1 org.apache.spark.sql.execution.WholeStageCodegenEvaluatorFactory$WholeStageCodegenPartitionEvaluator$$anon$1.hasNext()Z (37 bytes) @ 0x00007f6e09fc1324 [0x00007f6e09fc1260+0x00000000000000c4]
j  org.apache.spark.sql.execution.aggregate.ObjectAggregationIterator.processInputs()V+43
j  org.apache.spark.sql.execution.aggregate.ObjectAggregationIterator.<init>(ILscala/collection/Seq;Lscala/collection/Seq;Lscala/collection/Seq;Lscala/collection/Seq;ILscala/collection/Seq;Lscala/Function2;Lscala/collection/Seq;Lscala/collection/Iterator;ILorg/apache/spark/sql/execution/metric/SQLMetric;Lorg/apache/spark/sql/execution/metric/SQLMetric;Lorg/apache/spark/sql/execution/metric/SQLMetric;)V+191
j  org.apache.spark.sql.execution.aggregate.ObjectHashAggregateExec.$anonfun$doExecute$1(Lorg/apache/spark/sql/execution/aggregate/ObjectHashAggregateExec;ILorg/apache/spark/sql/execution/metric/SQLMetric;Lorg/apache/spark/sql/execution/metric/SQLMetric;Lorg/apache/spark/sql/execution/metric/SQLMetric;Lorg/apache/spark/sql/execution/metric/SQLMetric;ILscala/collection/Iterator;)Lscala/collection/Iterator;+92
j  org.apache.spark.sql.execution.aggregate.ObjectHashAggregateExec.$anonfun$doExecute$1$adapted(Lorg/apache/spark/sql/execution/aggregate/ObjectHashAggregateExec;ILorg/apache/spark/sql/execution/metric/SQLMetric;Lorg/apache/spark/sql/execution/metric/SQLMetric;Lorg/apache/spark/sql/execution/metric/SQLMetric;Lorg/apache/spark/sql/execution/metric/SQLMetric;Ljava/lang/Object;Lscala/collection/Iterator;)Lscala/collection/Iterator;+15
j  org.apache.spark.sql.execution.aggregate.ObjectHashAggregateExec$$Lambda$4206.apply(Ljava/lang/Object;Ljava/lang/Object;)Ljava/lang/Object;+29
j  org.apache.spark.rdd.RDD.$anonfun$mapPartitionsWithIndexInternal$2(Lscala/Function2;Lorg/apache/spark/TaskContext;ILscala/collection/Iterator;)Lscala/collection/Iterator;+6
j  org.apache.spark.rdd.RDD.$anonfun$mapPartitionsWithIndexInternal$2$adapted(Lscala/Function2;Lorg/apache/spark/TaskContext;Ljava/lang/Object;Lscala/collection/Iterator;)Lscala/collection/Iterator;+7
j  org.apache.spark.rdd.RDD$$Lambda$4207.apply(Ljava/lang/Object;Ljava/lang/Object;Ljava/lang/Object;)Ljava/lang/Object;+13
j  org.apache.spark.rdd.MapPartitionsRDD.compute(Lorg/apache/spark/Partition;Lorg/apache/spark/TaskContext;)Lscala/collection/Iterator;+27
j  org.apache.spark.rdd.RDD.computeOrReadCheckpoint(Lorg/apache/spark/Partition;Lorg/apache/spark/TaskContext;)Lscala/collection/Iterator;+24
j  org.apache.spark.rdd.RDD.iterator(Lorg/apache/spark/Partition;Lorg/apache/spark/TaskContext;)Lscala/collection/Iterator;+40
j  org.apache.spark.rdd.MapPartitionsRDD.compute(Lorg/apache/spark/Partition;Lorg/apache/spark/TaskContext;)Lscala/collection/Iterator;+24
j  org.apache.spark.rdd.RDD.computeOrReadCheckpoint(Lorg/apache/spark/Partition;Lorg/apache/spark/TaskContext;)Lscala/collection/Iterator;+24
j  org.apache.spark.rdd.RDD.iterator(Lorg/apache/spark/Partition;Lorg/apache/spark/TaskContext;)Lscala/collection/Iterator;+40
j  org.apache.spark.shuffle.ShuffleWriteProcessor.write(Lorg/apache/spark/rdd/RDD;Lorg/apache/spark/ShuffleDependency;JLorg/apache/spark/TaskContext;Lorg/apache/spark/Partition;)Lorg/apache/spark/scheduler/MapStatus;+43
j  org.apache.spark.scheduler.ShuffleMapTask.runTask(Lorg/apache/spark/TaskContext;)Lorg/apache/spark/scheduler/MapStatus;+189
j  org.apache.spark.scheduler.ShuffleMapTask.runTask(Lorg/apache/spark/TaskContext;)Ljava/lang/Object;+2
j  org.apache.spark.TaskContext.runTaskWithListeners(Lorg/apache/spark/scheduler/Task;)Ljava/lang/Object;+2
j  org.apache.spark.scheduler.Task.run(JILorg/apache/spark/metrics/MetricsSystem;ILscala/collection/immutable/Map;Lscala/Option;)Ljava/lang/Object;+254
j  org.apache.spark.executor.Executor$TaskRunner.$anonfun$run$4(Lorg/apache/spark/executor/Executor$TaskRunner;Lscala/runtime/BooleanRef;)Ljava/lang/Object;+43
j  org.apache.spark.executor.Executor$TaskRunner$$Lambda$3375.apply()Ljava/lang/Object;+8
j  org.apache.spark.util.SparkErrorUtils.tryWithSafeFinally(Lscala/Function0;Lscala/Function0;)Ljava/lang/Object;+4
j  org.apache.spark.util.SparkErrorUtils.tryWithSafeFinally$(Lorg/apache/spark/util/SparkErrorUtils;Lscala/Function0;Lscala/Function0;)Ljava/lang/Object;+3
j  org.apache.spark.util.Utils$.tryWithSafeFinally(Lscala/Function0;Lscala/Function0;)Ljava/lang/Object;+3
j  org.apache.spark.executor.Executor$TaskRunner.run()V+560
j  java.util.concurrent.ThreadPoolExecutor.runWorker(Ljava/util/concurrent/ThreadPoolExecutor$Worker;)V+92 java.base@11.0.26
j  java.util.concurrent.ThreadPoolExecutor$Worker.run()V+5 java.base@11.0.26
j  java.lang.Thread.run()V+11 java.base@11.0.26
v  ~StubRoutines::call_stub
V  [libjvm.so+0x860563]  JavaCalls::call_helper(JavaValue*, methodHandle const&, JavaCallArguments*, Thread*)+0x353
V  [libjvm.so+0x85ec56]  JavaCalls::call_virtual(JavaValue*, Handle, Klass*, Symbol*, Symbol*, Thread*)+0x186
V  [libjvm.so+0x90d5cd]  thread_entry(JavaThread*, Thread*)+0x6d
V  [libjvm.so+0xe11e98]  JavaThread::thread_main_inner()+0x218
V  [libjvm.so+0xe0d73c]  Thread::call_run()+0x13c
V  [libjvm.so+0xbd3d36]  thread_native_entry(Thread*)+0xe6

Java frames: (J=compiled Java code, j=interpreted, Vv=VM code)
J 1028  java.lang.ClassLoader.defineClass1(Ljava/lang/ClassLoader;Ljava/lang/String;[BIILjava/security/ProtectionDomain;Ljava/lang/String;)Ljava/lang/Class; java.base@11.0.26 (0 bytes) @ 0x00007f6e1030bd00 [0x00007f6e1030bc40+0x00000000000000c0]
J 5762 c2 java.security.SecureClassLoader.defineClass(Ljava/lang/String;[BIILjava/security/CodeSource;)Ljava/lang/Class; java.base@11.0.26 (16 bytes) @ 0x00007f6e106240b8 [0x00007f6e10623e80+0x0000000000000238]
J 5169 c2 jdk.internal.loader.BuiltinClassLoader.findClassOnClassPathOrNull(Ljava/lang/String;)Ljava/lang/Class; java.base@11.0.26 (64 bytes) @ 0x00007f6e105b85b4 [0x00007f6e105b78c0+0x0000000000000cf4]
J 5287 c2 jdk.internal.loader.BuiltinClassLoader.loadClassOrNull(Ljava/lang/String;Z)Ljava/lang/Class; java.base@11.0.26 (143 bytes) @ 0x00007f6e105d90b0 [0x00007f6e105d7f60+0x0000000000001150]
J 4609 c2 java.lang.ClassLoader.loadClass(Ljava/lang/String;)Ljava/lang/Class; java.base@11.0.26 (7 bytes) @ 0x00007f6e1055c5cc [0x00007f6e1055c560+0x000000000000006c]
v  ~StubRoutines::call_stub
j  org.apache.logging.log4j.message.ParameterizedMessageFactory.newMessage(Ljava/lang/String;Ljava/lang/Object;Ljava/lang/Object;)Lorg/apache/logging/log4j/message/Message;+0
j  org.apache.logging.log4j.spi.AbstractLogger.logMessage(Ljava/lang/String;Lorg/apache/logging/log4j/Level;Lorg/apache/logging/log4j/Marker;Ljava/lang/String;Ljava/lang/Object;Ljava/lang/Object;)V+10
j  org.apache.logging.log4j.spi.AbstractLogger.logIfEnabled(Ljava/lang/String;Lorg/apache/logging/log4j/Level;Lorg/apache/logging/log4j/Marker;Ljava/lang/String;Ljava/lang/Object;Ljava/lang/Object;)V+25
j  org.apache.logging.slf4j.Log4jLogger.error(Ljava/lang/String;Ljava/lang/Object;Ljava/lang/Object;)V+14
j  org.apache.iceberg.spark.source.BaseReader.next()Z+149
j  org.apache.spark.sql.execution.datasources.v2.PartitionIterator.hasNext()Z+19
j  org.apache.spark.sql.execution.datasources.v2.MetricsIterator.hasNext()Z+4
j  org.apache.spark.sql.execution.datasources.v2.DataSourceRDD$$anon$1.$anonfun$hasNext$1(Lscala/collection/Iterator;)Z+1
j  org.apache.spark.sql.execution.datasources.v2.DataSourceRDD$$anon$1.$anonfun$hasNext$1$adapted(Lscala/collection/Iterator;)Ljava/lang/Object;+1
j  org.apache.spark.sql.execution.datasources.v2.DataSourceRDD$$anon$1$$Lambda$3422.apply(Ljava/lang/Object;)Ljava/lang/Object;+4
J 5073 c1 scala.Option.exists(Lscala/Function1;)Z (27 bytes) @ 0x00007f6e096ccce4 [0x00007f6e096cca00+0x00000000000002e4]
j  org.apache.spark.sql.execution.datasources.v2.DataSourceRDD$$anon$1.hasNext()Z+9
j  org.apache.spark.InterruptibleIterator.hasNext()Z+11
J 3713 c1 scala.collection.Iterator$$anon$10.hasNext()Z (10 bytes) @ 0x00007f6e09487574 [0x00007f6e09487440+0x0000000000000134]
j  org.apache.spark.sql.catalyst.expressions.GeneratedClass$GeneratedIteratorForCodegenStage1.columnartorow_nextBatch_0$(Lorg/apache/spark/sql/catalyst/expressions/GeneratedClass$GeneratedIteratorForCodegenStage1;)V+6
J 9810 c1 org.apache.spark.sql.catalyst.expressions.GeneratedClass$GeneratedIteratorForCodegenStage1.processNext()V (604 bytes) @ 0x00007f6e09fca574 [0x00007f6e09fc9420+0x0000000000001154]
J 9782 c1 org.apache.spark.sql.execution.WholeStageCodegenEvaluatorFactory$WholeStageCodegenPartitionEvaluator$$anon$1.hasNext()Z (37 bytes) @ 0x00007f6e09fc1324 [0x00007f6e09fc1260+0x00000000000000c4]
j  org.apache.spark.sql.execution.aggregate.ObjectAggregationIterator.processInputs()V+43
j  org.apache.spark.sql.execution.aggregate.ObjectAggregationIterator.<init>(ILscala/collection/Seq;Lscala/collection/Seq;Lscala/collection/Seq;Lscala/collection/Seq;ILscala/collection/Seq;Lscala/Function2;Lscala/collection/Seq;Lscala/collection/Iterator;ILorg/apache/spark/sql/execution/metric/SQLMetric;Lorg/apache/spark/sql/execution/metric/SQLMetric;Lorg/apache/spark/sql/execution/metric/SQLMetric;)V+191
j  org.apache.spark.sql.execution.aggregate.ObjectHashAggregateExec.$anonfun$doExecute$1(Lorg/apache/spark/sql/execution/aggregate/ObjectHashAggregateExec;ILorg/apache/spark/sql/execution/metric/SQLMetric;Lorg/apache/spark/sql/execution/metric/SQLMetric;Lorg/apache/spark/sql/execution/metric/SQLMetric;Lorg/apache/spark/sql/execution/metric/SQLMetric;ILscala/collection/Iterator;)Lscala/collection/Iterator;+92
j  org.apache.spark.sql.execution.aggregate.ObjectHashAggregateExec.$anonfun$doExecute$1$adapted(Lorg/apache/spark/sql/execution/aggregate/ObjectHashAggregateExec;ILorg/apache/spark/sql/execution/metric/SQLMetric;Lorg/apache/spark/sql/execution/metric/SQLMetric;Lorg/apache/spark/sql/execution/metric/SQLMetric;Lorg/apache/spark/sql/execution/metric/SQLMetric;Ljava/lang/Object;Lscala/collection/Iterator;)Lscala/collection/Iterator;+15
j  org.apache.spark.sql.execution.aggregate.ObjectHashAggregateExec$$Lambda$4206.apply(Ljava/lang/Object;Ljava/lang/Object;)Ljava/lang/Object;+29
j  org.apache.spark.rdd.RDD.$anonfun$mapPartitionsWithIndexInternal$2(Lscala/Function2;Lorg/apache/spark/TaskContext;ILscala/collection/Iterator;)Lscala/collection/Iterator;+6
j  org.apache.spark.rdd.RDD.$anonfun$mapPartitionsWithIndexInternal$2$adapted(Lscala/Function2;Lorg/apache/spark/TaskContext;Ljava/lang/Object;Lscala/collection/Iterator;)Lscala/collection/Iterator;+7
j  org.apache.spark.rdd.RDD$$Lambda$4207.apply(Ljava/lang/Object;Ljava/lang/Object;Ljava/lang/Object;)Ljava/lang/Object;+13
j  org.apache.spark.rdd.MapPartitionsRDD.compute(Lorg/apache/spark/Partition;Lorg/apache/spark/TaskContext;)Lscala/collection/Iterator;+27
j  org.apache.spark.rdd.RDD.computeOrReadCheckpoint(Lorg/apache/spark/Partition;Lorg/apache/spark/TaskContext;)Lscala/collection/Iterator;+24
j  org.apache.spark.rdd.RDD.iterator(Lorg/apache/spark/Partition;Lorg/apache/spark/TaskContext;)Lscala/collection/Iterator;+40
j  org.apache.spark.rdd.MapPartitionsRDD.compute(Lorg/apache/spark/Partition;Lorg/apache/spark/TaskContext;)Lscala/collection/Iterator;+24
j  org.apache.spark.rdd.RDD.computeOrReadCheckpoint(Lorg/apache/spark/Partition;Lorg/apache/spark/TaskContext;)Lscala/collection/Iterator;+24
j  org.apache.spark.rdd.RDD.iterator(Lorg/apache/spark/Partition;Lorg/apache/spark/TaskContext;)Lscala/collection/Iterator;+40
j  org.apache.spark.shuffle.ShuffleWriteProcessor.write(Lorg/apache/spark/rdd/RDD;Lorg/apache/spark/ShuffleDependency;JLorg/apache/spark/TaskContext;Lorg/apache/spark/Partition;)Lorg/apache/spark/scheduler/MapStatus;+43
j  org.apache.spark.scheduler.ShuffleMapTask.runTask(Lorg/apache/spark/TaskContext;)Lorg/apache/spark/scheduler/MapStatus;+189
j  org.apache.spark.scheduler.ShuffleMapTask.runTask(Lorg/apache/spark/TaskContext;)Ljava/lang/Object;+2
j  org.apache.spark.TaskContext.runTaskWithListeners(Lorg/apache/spark/scheduler/Task;)Ljava/lang/Object;+2
j  org.apache.spark.scheduler.Task.run(JILorg/apache/spark/metrics/MetricsSystem;ILscala/collection/immutable/Map;Lscala/Option;)Ljava/lang/Object;+254
j  org.apache.spark.executor.Executor$TaskRunner.$anonfun$run$4(Lorg/apache/spark/executor/Executor$TaskRunner;Lscala/runtime/BooleanRef;)Ljava/lang/Object;+43
j  org.apache.spark.executor.Executor$TaskRunner$$Lambda$3375.apply()Ljava/lang/Object;+8
j  org.apache.spark.util.SparkErrorUtils.tryWithSafeFinally(Lscala/Function0;Lscala/Function0;)Ljava/lang/Object;+4
j  org.apache.spark.util.SparkErrorUtils.tryWithSafeFinally$(Lorg/apache/spark/util/SparkErrorUtils;Lscala/Function0;Lscala/Function0;)Ljava/lang/Object;+3
j  org.apache.spark.util.Utils$.tryWithSafeFinally(Lscala/Function0;Lscala/Function0;)Ljava/lang/Object;+3
j  org.apache.spark.executor.Executor$TaskRunner.run()V+560
j  java.util.concurrent.ThreadPoolExecutor.runWorker(Ljava/util/concurrent/ThreadPoolExecutor$Worker;)V+92 java.base@11.0.26
j  java.util.concurrent.ThreadPoolExecutor$Worker.run()V+5 java.base@11.0.26
j  java.lang.Thread.run()V+11 java.base@11.0.26
v  ~StubRoutines::call_stub

siginfo: si_signo: 11 (SIGSEGV), si_code: 128 (SI_KERNEL), si_addr: 0x0000000000000000

Register to memory mapping:

RAX=0x00007f6e2401e230 points into unknown readable memory: 0x00007f6dc03422b0 | b0 22 34 c0 6d 7f 00 00
RBX=0x0000000000000a44 is an unknown value
RCX=0x0000000000000044 is an unknown value
RDX=0x3a96010000000000 is an unknown value
RSP=0x00007f6d03ffb860 is pointing into the stack for thread: 0x00007f6d78007000
RBP=0x00007f6d03ffb870 is pointing into the stack for thread: 0x00007f6d78007000
RSI=0x0000000000000002 is an unknown value
RDI=0x00007f6dac0da6fd points into unknown readable memory: 28 4c 6a
R8 =0x000000005d004b20 is an unknown value
R9 =0x00007f6e201254d0 points into unknown readable memory: 0x0000000000004e2b | 2b 4e 00 00 00 00 00 00
R10=0x0000000000000044 is an unknown value
R11=0x0000000000000043 is an unknown value
R12=0x000000005d004b20 is an unknown value
R13=0x00007f6dac0da6fd points into unknown readable memory: 28 4c 6a
R14=0x0000000000000044 is an unknown value
R15=0x00007f6e201254d0 points into unknown readable memory: 0x0000000000004e2b | 2b 4e 00 00 00 00 00 00


Registers:
RAX=0x00007f6e2401e230, RBX=0x0000000000000a44, RCX=0x0000000000000044, RDX=0x3a96010000000000
RSP=0x00007f6d03ffb860, RBP=0x00007f6d03ffb870, RSI=0x0000000000000002, RDI=0x00007f6dac0da6fd
R8 =0x000000005d004b20, R9 =0x00007f6e201254d0, R10=0x0000000000000044, R11=0x0000000000000043
R12=0x000000005d004b20, R13=0x00007f6dac0da6fd, R14=0x0000000000000044, R15=0x00007f6e201254d0
RIP=0x00007f6e28b0e875, EFLAGS=0x0000000000010202, CSGSFS=0x002b000000000033, ERR=0x0000000000000000
  TRAPNO=0x000000000000000d

Top of Stack: (sp=0x00007f6d03ffb860)
0x00007f6d03ffb860:   00007f6d03ffb950 000000005d004b20
0x00007f6d03ffb870:   00007f6d03ffb8b0 00007f6e28b0ec63
0x00007f6d03ffb880:   00007f6cf3fc7ff0 00000000000000f1
0x00007f6d03ffb890:   00007f6cf3fc7ff0 00007f6e28c55100 

Instructions: (pc=0x00007f6e28b0e875)
0x00007f6e28b0e775:   f6 e8 b5 6b 4b ff 0f 1f 44 00 00 48 8b 3d 71 71
0x00007f6e28b0e785:   4b 00 48 89 de e8 11 aa a2 ff 48 8b 3d 62 71 4b
0x00007f6e28b0e795:   00 48 85 ff 74 05 e8 80 ae 63 ff 48 89 1d 51 71
0x00007f6e28b0e7a5:   4b 00 c6 05 3b 71 4b 00 00 48 83 c4 38 5b 41 5c
0x00007f6e28b0e7b5:   41 5d 5d c3 0f 1f 80 00 00 00 00 48 8d 05 59 ff
0x00007f6e28b0e7c5:   4a 00 48 8d 35 ba 4d 1b 00 48 8b 38 31 c0 e9 c8
0x00007f6e28b0e7d5:   30 e1 ff 0f 1f 84 00 00 00 00 00 48 8d 05 15 62
0x00007f6e28b0e7e5:   46 00 0f b6 00 84 c0 0f 84 36 ff ff ff 4c 8d 6d
0x00007f6e28b0e7f5:   b0 ba 01 00 00 00 31 f6 4c 89 ef e8 5b 2b dc ff
0x00007f6e28b0e805:   e9 42 ff ff ff 66 0f 1f 44 00 00 e8 8b 95 d6 ff
0x00007f6e28b0e815:   41 89 45 00 48 8d 05 d4 61 46 00 41 8b 55 00 89
0x00007f6e28b0e825:   10 e9 f0 fe ff ff 90 0f 1f 40 00 55 49 89 f9 48
0x00007f6e28b0e835:   63 f6 48 89 d7 48 89 e5 41 54 48 83 ec 08 49 8b
0x00007f6e28b0e845:   41 08 48 8d 04 f0 48 8b 10 48 85 d2 0f 84 91 00
0x00007f6e28b0e855:   00 00 41 89 ca 31 f6 44 8d 59 ff eb 10 66 0f 1f
0x00007f6e28b0e865:   44 00 00 48 8b 52 08 48 83 e2 fe 74 4e 83 c6 01
0x00007f6e28b0e875:   44 3b 02 75 ee 4c 8b 62 10 41 0f b7 04 24 41 39
0x00007f6e28b0e885:   c2 75 e0 49 63 c3 eb 12 0f 1f 00 0f b6 0c 07 48
0x00007f6e28b0e895:   83 e8 01 41 3a 4c 04 07 75 c9 48 83 f8 ff 75 eb
0x00007f6e28b0e8a5:   4c 89 e7 e8 33 f6 ff ff 4c 89 e0 4c 8b 65 f8 c9
0x00007f6e28b0e8b5:   c3 66 2e 0f 1f 84 00 00 00 00 00 45 31 e4 83 fe
0x00007f6e28b0e8c5:   63 7e e5 80 3d 1a 70 4b 00 00 75 dc 4c 89 cf e8
0x00007f6e28b0e8d5:   a7 7b a2 ff 88 05 0a 70 4b 00 4c 89 e0 4c 8b 65
0x00007f6e28b0e8e5:   f8 c9 c3 45 31 e4 eb c0 90 66 90 89 d1 8b 15 1c
0x00007f6e28b0e8f5:   64 49 00 49 89 f9 41 89 f2 85 d2 74 2c 85 f6 0f
0x00007f6e28b0e905:   8e 3a 01 00 00 48 63 d6 48 89 f8 31 c9 48 01 fa
0x00007f6e28b0e915:   0f 1f 00 89 ce 48 83 c0 01 c1 e6 05 29 ce 0f b6
0x00007f6e28b0e925:   48 ff 01 f1 48 39 d0 75 ea 8b 05 98 6f 4b 00 45
0x00007f6e28b0e935:   31 c0 85 c0 0f 84 f2 00 00 00 89 c8 31 d2 48 8b
0x00007f6e28b0e945:   3d 86 6f 4b 00 48 8b 35 87 6f 4b 00 f7 35 71 6f
0x00007f6e28b0e955:   4b 00 48 63 d2 8b 04 97 4c 8d 1c 95 00 00 00 00
0x00007f6e28b0e965:   89 c2 c1 e8 1e 81 e2 ff ff ff 3f 48 8d 14 96 83 


Stack slot to memory mapping:
stack at sp + 0 slots: 0x00007f6d03ffb950 is pointing into the stack for thread: 0x00007f6d78007000
stack at sp + 1 slots: 0x000000005d004b20 is an unknown value
stack at sp + 2 slots: 0x00007f6d03ffb8b0 is pointing into the stack for thread: 0x00007f6d78007000
stack at sp + 3 slots: 0x00007f6e28b0ec63: <offset 0x0000000000dccc63> in /usr/lib/jvm/java-11-openjdk-amd64/lib/server/libjvm.so at 0x00007f6e27d42000
stack at sp + 4 slots: 0x00007f6cf3fc7ff0 is pointing into metadata
stack at sp + 5 slots: 0x00000000000000f1 is an unknown value
stack at sp + 6 slots: 0x00007f6cf3fc7ff0 is pointing into metadata
stack at sp + 7 slots: 0x00007f6e28c55100: <offset 0x0000000000f13100> in /usr/lib/jvm/java-11-openjdk-amd64/lib/server/libjvm.so at 0x00007f6e27d42000


---------------  P R O C E S S  ---------------

Threads class SMR info:
_java_thread_list=0x00007f6d78005760, length=77, elements={
0x00007f6e20019800, 0x00007f6e20146000, 0x00007f6e20148000, 0x00007f6e2014f000,
0x00007f6e20151000, 0x00007f6e20153000, 0x00007f6e20155000, 0x00007f6e20157000,
0x00007f6e201b9000, 0x00007f6e2295f000, 0x00007f6da8002800, 0x00007f6db0389000,
0x00007f6db038e000, 0x00007f6db038f000, 0x00007f6db0391000, 0x00007f6db0392800,
0x00007f6db0394800, 0x00007f6db0396000, 0x00007f6db0398000, 0x00007f6db0399800,
0x00007f6db03dc800, 0x00007f6db03de800, 0x00007f6db03e3000, 0x00007f6db03e4000,
0x00007f6db03e6000, 0x00007f6db03e8000, 0x00007f6db03ea000, 0x00007f6db03ec000,
0x00007f6db0461000, 0x00007f6db04bb800, 0x00007f6db04c0000, 0x00007f6db04d3800,
0x00007f6da800b000, 0x00007f6db05cf800, 0x00007f6db05d1000, 0x00007f6db05d2800,
0x00007f6db05d4800, 0x00007f6db05d6800, 0x00007f6db05d8000, 0x00007f6db05da000,
0x00007f6db05db800, 0x00007f6db0630800, 0x00007f6d18001800, 0x00007f6d0c015800,
0x00007f6db0638000, 0x00007f6db0639800, 0x00007f6db066e000, 0x00007f6db0675800,
0x00007f6db0685800, 0x00007f6db068b000, 0x00007f6db06eb000, 0x00007f6db0808000,
0x00007f6db080a800, 0x00007f6db0814000, 0x00007f6db0816000, 0x00007f6d14037000,
0x00007f6db0ac1000, 0x00007f6db22ad800, 0x00007f6db18a7000, 0x00007f6d88004000,
0x00007f6d6c002000, 0x00007f6d48005800, 0x00007f6dc062c000, 0x00007f6dc0a5d800,
0x00007f6d74005800, 0x00007f6d80003800, 0x00007f6d48004000, 0x00007f6d88009000,
0x00007f6d8800a000, 0x00007f6d8c007000, 0x00007f6d98006800, 0x00007f6d48009800,
0x00007f6da0014800, 0x00007f6da001a000, 0x00007f6da800f000, 0x00007f6da4003800,
0x00007f6d78007000
}

Java Threads: ( => current thread )
  0x00007f6e20019800 JavaThread "main" [_thread_in_native, id=462, stack(0x00007f6e27916000,0x00007f6e27a17000)]
  0x00007f6e20146000 JavaThread "Reference Handler" daemon [_thread_blocked, id=469, stack(0x00007f6e084e7000,0x00007f6e085e8000)]
  0x00007f6e20148000 JavaThread "Finalizer" daemon [_thread_blocked, id=470, stack(0x00007f6e083e6000,0x00007f6e084e7000)]
  0x00007f6e2014f000 JavaThread "Signal Dispatcher" daemon [_thread_blocked, id=471, stack(0x00007f6e0811d000,0x00007f6e0821e000)]
  0x00007f6e20151000 JavaThread "Service Thread" daemon [_thread_blocked, id=472, stack(0x00007f6e0801c000,0x00007f6e0811d000)]
  0x00007f6e20153000 JavaThread "C2 CompilerThread0" daemon [_thread_in_vm, id=473, stack(0x00007f6df1eff000,0x00007f6df2000000)]
  0x00007f6e20155000 JavaThread "C1 CompilerThread0" daemon [_thread_blocked, id=474, stack(0x00007f6df1dfe000,0x00007f6df1eff000)]
  0x00007f6e20157000 JavaThread "Sweeper thread" daemon [_thread_blocked, id=475, stack(0x00007f6df1cfd000,0x00007f6df1dfe000)]
  0x00007f6e201b9000 JavaThread "Common-Cleaner" daemon [_thread_blocked, id=476, stack(0x00007f6df1bfc000,0x00007f6df1cfd000)]
  0x00007f6e2295f000 JavaThread "Thread-2" [_thread_in_native, id=488, stack(0x00007f6df0a8a000,0x00007f6df0b8b000)]
  0x00007f6da8002800 JavaThread "Thread-3" [_thread_blocked, id=490, stack(0x00007f6df15ad000,0x00007f6df16ae000)]
  0x00007f6db0389000 JavaThread "rpc-boss-3-1" daemon [_thread_in_native, id=495, stack(0x00007f6d93cff000,0x00007f6d93e00000)]
  0x00007f6db038e000 JavaThread "dispatcher-event-loop-0" daemon [_thread_blocked, id=496, stack(0x00007f6d93bfe000,0x00007f6d93cff000)]
  0x00007f6db038f000 JavaThread "dispatcher-event-loop-1" daemon [_thread_blocked, id=497, stack(0x00007f6d93afd000,0x00007f6d93bfe000)]
  0x00007f6db0391000 JavaThread "dispatcher-event-loop-2" daemon [_thread_blocked, id=498, stack(0x00007f6d939fc000,0x00007f6d93afd000)]
  0x00007f6db0392800 JavaThread "dispatcher-event-loop-3" daemon [_thread_blocked, id=499, stack(0x00007f6d938fb000,0x00007f6d939fc000)]
  0x00007f6db0394800 JavaThread "dispatcher-event-loop-4" daemon [_thread_blocked, id=500, stack(0x00007f6d937fa000,0x00007f6d938fb000)]
  0x00007f6db0396000 JavaThread "dispatcher-event-loop-5" daemon [_thread_blocked, id=501, stack(0x00007f6d936f9000,0x00007f6d937fa000)]
  0x00007f6db0398000 JavaThread "dispatcher-event-loop-6" daemon [_thread_blocked, id=502, stack(0x00007f6d935f8000,0x00007f6d936f9000)]
  0x00007f6db0399800 JavaThread "dispatcher-event-loop-7" daemon [_thread_blocked, id=503, stack(0x00007f6d934f7000,0x00007f6d935f8000)]
  0x00007f6db03dc800 JavaThread "map-output-dispatcher-0" daemon [_thread_blocked, id=504, stack(0x00007f6d931f6000,0x00007f6d932f7000)]
  0x00007f6db03de800 JavaThread "map-output-dispatcher-1" daemon [_thread_blocked, id=505, stack(0x00007f6d930f5000,0x00007f6d931f6000)]
  0x00007f6db03e3000 JavaThread "map-output-dispatcher-2" daemon [_thread_blocked, id=506, stack(0x00007f6d92ff4000,0x00007f6d930f5000)]
  0x00007f6db03e4000 JavaThread "map-output-dispatcher-3" daemon [_thread_blocked, id=507, stack(0x00007f6d92ef3000,0x00007f6d92ff4000)]
  0x00007f6db03e6000 JavaThread "map-output-dispatcher-4" daemon [_thread_blocked, id=508, stack(0x00007f6d92df2000,0x00007f6d92ef3000)]
  0x00007f6db03e8000 JavaThread "map-output-dispatcher-5" daemon [_thread_blocked, id=509, stack(0x00007f6d92cf1000,0x00007f6d92df2000)]
  0x00007f6db03ea000 JavaThread "map-output-dispatcher-6" daemon [_thread_blocked, id=510, stack(0x00007f6d92bf0000,0x00007f6d92cf1000)]
  0x00007f6db03ec000 JavaThread "map-output-dispatcher-7" daemon [_thread_blocked, id=511, stack(0x00007f6d92aef000,0x00007f6d92bf0000)]
  0x00007f6db0461000 JavaThread "dispatcher-BlockManagerMaster" daemon [_thread_blocked, id=512, stack(0x00007f6d92813000,0x00007f6d92914000)]
  0x00007f6db04bb800 JavaThread "dispatcher-BlockManagerEndpoint1" daemon [_thread_blocked, id=513, stack(0x00007f6d929ee000,0x00007f6d92aef000)]
  0x00007f6db04c0000 JavaThread "RemoteBlock-temp-file-clean-thread" daemon [_thread_blocked, id=514, stack(0x00007f6d92712000,0x00007f6d92813000)]
  0x00007f6db04d3800 JavaThread "refresh progress" daemon [_thread_blocked, id=515, stack(0x00007f6d92411000,0x00007f6d92512000)]
  0x00007f6da800b000 JavaThread "Thread-6" [_thread_in_native, id=516, stack(0x00007f6d92310000,0x00007f6d92411000)]
  0x00007f6db05cf800 JavaThread "SparkUI-41" daemon [_thread_in_native, id=517, stack(0x00007f6d9200f000,0x00007f6d92110000)]
  0x00007f6db05d1000 JavaThread "SparkUI-42" daemon [_thread_in_native, id=518, stack(0x00007f6d91f0e000,0x00007f6d9200f000)]
  0x00007f6db05d2800 JavaThread "SparkUI-43" daemon [_thread_in_native, id=519, stack(0x00007f6d91e0d000,0x00007f6d91f0e000)]
  0x00007f6db05d4800 JavaThread "SparkUI-44" daemon [_thread_in_native, id=520, stack(0x00007f6d91d0c000,0x00007f6d91e0d000)]
  0x00007f6db05d6800 JavaThread "SparkUI-45-acceptor-0@6d0abc62-Spark@63cd4fb3{HTTP/1.1, (http/1.1)}{0.0.0.0:4040}" daemon [_thread_in_native, id=521, stack(0x00007f6d91c0b000,0x00007f6d91d0c000)]
  0x00007f6db05d8000 JavaThread "SparkUI-46" daemon [_thread_blocked, id=522, stack(0x00007f6d91b0a000,0x00007f6d91c0b000)]
  0x00007f6db05da000 JavaThread "SparkUI-47" daemon [_thread_blocked, id=523, stack(0x00007f6d91a09000,0x00007f6d91b0a000)]
  0x00007f6db05db800 JavaThread "SparkUI-48" daemon [_thread_blocked, id=524, stack(0x00007f6d91908000,0x00007f6d91a09000)]
  0x00007f6db0630800 JavaThread "dispatcher-HeartbeatReceiver" daemon [_thread_blocked, id=526, stack(0x00007f6d91807000,0x00007f6d91908000)]
  0x00007f6d18001800 JavaThread "heartbeat-receiver-event-loop-thread" daemon [_thread_blocked, id=527, stack(0x00007f6d91706000,0x00007f6d91807000)]
  0x00007f6d0c015800 JavaThread "netty-rpc-env-timeout" daemon [_thread_blocked, id=528, stack(0x00007f6d91605000,0x00007f6d91706000)]
  0x00007f6db0638000 JavaThread "task-starvation-timer" daemon [_thread_blocked, id=529, stack(0x00007f6d91504000,0x00007f6d91605000)]
  0x00007f6db0639800 JavaThread "task-abort-timer" daemon [_thread_blocked, id=530, stack(0x00007f6d91403000,0x00007f6d91504000)]
  0x00007f6db066e000 JavaThread "dag-scheduler-event-loop" daemon [_thread_blocked, id=531, stack(0x00007f6d91302000,0x00007f6d91403000)]
  0x00007f6db0675800 JavaThread "driver-heartbeater" daemon [_thread_blocked, id=532, stack(0x00007f6d91001000,0x00007f6d91102000)]
  0x00007f6db0685800 JavaThread "executor-kill-mark-cleanup" daemon [_thread_blocked, id=533, stack(0x00007f6d90f00000,0x00007f6d91001000)]
  0x00007f6db068b000 JavaThread "executor-heartbeater" daemon [_thread_blocked, id=534, stack(0x00007f6d90dff000,0x00007f6d90f00000)]
  0x00007f6db06eb000 JavaThread "shuffle-boss-6-1" daemon [_thread_in_native, id=535, stack(0x00007f6d90cfe000,0x00007f6d90dff000)]
  0x00007f6db0808000 JavaThread "Spark Context Cleaner" daemon [_thread_blocked, id=538, stack(0x00007f6d908fc000,0x00007f6d909fd000)]
  0x00007f6db080a800 JavaThread "context-cleaner-periodic-gc" daemon [_thread_blocked, id=539, stack(0x00007f6d907fb000,0x00007f6d908fc000)]
  0x00007f6db0814000 JavaThread "spark-listener-group-appStatus" daemon [_thread_blocked, id=540, stack(0x00007f6d906fa000,0x00007f6d907fb000)]
  0x00007f6db0816000 JavaThread "spark-listener-group-executorManagement" daemon [_thread_blocked, id=541, stack(0x00007f6d905f9000,0x00007f6d906fa000)]
  0x00007f6d14037000 JavaThread "element-tracking-store-worker" daemon [_thread_blocked, id=542, stack(0x00007f6d902f8000,0x00007f6d903f9000)]
  0x00007f6db0ac1000 JavaThread "org.apache.hadoop.fs.FileSystem$Statistics$StatisticsDataReferenceCleaner" daemon [_thread_blocked, id=928, stack(0x00007f6df19b1000,0x00007f6df1ab2000)]
  0x00007f6db22ad800 JavaThread "ForkJoinPool.commonPool-worker-3" daemon [_thread_blocked, id=983, stack(0x00007f6d02bfe000,0x00007f6d02cff000)]
  0x00007f6db18a7000 JavaThread "idle-connection-reaper" daemon [_thread_blocked, id=1007, stack(0x00007f6d012fd000,0x00007f6d013fe000)]
  0x00007f6d88004000 JavaThread "task-result-getter-0" daemon [_thread_blocked, id=1012, stack(0x00007f6cfa414000,0x00007f6cfa515000)]
  0x00007f6d6c002000 JavaThread "task-result-getter-1" daemon [_thread_blocked, id=1091, stack(0x00007f6cf8403000,0x00007f6cf8504000)]
  0x00007f6d48005800 JavaThread "block-manager-storage-async-thread-pool-9" daemon [_thread_blocked, id=1117, stack(0x00007f6cf8905000,0x00007f6cf8a06000)]
  0x00007f6dc062c000 JavaThread "block-manager-storage-async-thread-pool-10" daemon [_thread_blocked, id=1118, stack(0x00007f6cf8e0a000,0x00007f6cf8f0b000)]
  0x00007f6dc0a5d800 JavaThread "block-manager-storage-async-thread-pool-11" daemon [_thread_blocked, id=1119, stack(0x00007f6cf8a06000,0x00007f6cf8b07000)]
  0x00007f6d74005800 JavaThread "block-manager-ask-thread-pool-6" daemon [_thread_blocked, id=1120, stack(0x00007f6cf8b07000,0x00007f6cf8c08000)]
  0x00007f6d80003800 JavaThread "block-manager-ask-thread-pool-7" daemon [_thread_blocked, id=1121, stack(0x00007f6cf8d09000,0x00007f6cf8e0a000)]
  0x00007f6d48004000 JavaThread "block-manager-storage-async-thread-pool-12" daemon [_thread_blocked, id=1122, stack(0x00007f6cf8c08000,0x00007f6cf8d09000)]
  0x00007f6d88009000 JavaThread "block-manager-storage-async-thread-pool-13" daemon [_thread_blocked, id=1123, stack(0x00007f6cf8f0b000,0x00007f6cf900c000)]
  0x00007f6d8800a000 JavaThread "block-manager-storage-async-thread-pool-14" daemon [_thread_blocked, id=1124, stack(0x00007f6cf910d000,0x00007f6cf920e000)]
  0x00007f6d8c007000 JavaThread "block-manager-ask-thread-pool-8" daemon [_thread_blocked, id=1125, stack(0x00007f6cf900c000,0x00007f6cf910d000)]
  0x00007f6d98006800 JavaThread "block-manager-ask-thread-pool-9" daemon [_thread_blocked, id=1126, stack(0x00007f6cf9511000,0x00007f6cf9612000)]
  0x00007f6d48009800 JavaThread "block-manager-storage-async-thread-pool-15" daemon [_thread_blocked, id=1127, stack(0x00007f6cf930f000,0x00007f6cf9410000)]
  0x00007f6da0014800 JavaThread "block-manager-storage-async-thread-pool-16" daemon [_thread_blocked, id=1128, stack(0x00007f6cf920e000,0x00007f6cf930f000)]
  0x00007f6da001a000 JavaThread "block-manager-storage-async-thread-pool-17" daemon [_thread_blocked, id=1129, stack(0x00007f6cf9612000,0x00007f6cf9713000)]
  0x00007f6da800f000 JavaThread "block-manager-ask-thread-pool-10" daemon [_thread_blocked, id=1130, stack(0x00007f6cf9713000,0x00007f6cf9814000)]
  0x00007f6da4003800 JavaThread "block-manager-ask-thread-pool-11" daemon [_thread_blocked, id=1131, stack(0x00007f6cf9410000,0x00007f6cf9511000)]
=>0x00007f6d78007000 JavaThread "Executor task launch worker for task 0.0 in stage 2.0 (TID 2)" daemon [_thread_in_vm, id=1133, stack(0x00007f6d03eff000,0x00007f6d04000000)]

Other Threads:
  0x00007f6e20143000 VMThread "VM Thread" [stack: 0x00007f6e085e9000,0x00007f6e086e9000] [id=468]
  0x00007f6e201bd000 WatcherThread [stack: 0x00007f6df1afc000,0x00007f6df1bfc000] [id=477]
  0x00007f6e20031000 GCTaskThread "GC Thread#0" [stack: 0x00007f6e275c2000,0x00007f6e276c2000] [id=463]
  0x00007f6de8001000 GCTaskThread "GC Thread#1" [stack: 0x00007f6df18b1000,0x00007f6df19b1000] [id=479]
  0x00007f6de8002800 GCTaskThread "GC Thread#2" [stack: 0x00007f6df17b0000,0x00007f6df18b0000] [id=480]
  0x00007f6de801e800 GCTaskThread "GC Thread#3" [stack: 0x00007f6df0785000,0x00007f6df0885000] [id=491]
  0x00007f6de8020000 GCTaskThread "GC Thread#4" [stack: 0x00007f6df0684000,0x00007f6df0784000] [id=492]
  0x00007f6de8021800 GCTaskThread "GC Thread#5" [stack: 0x00007f6df0583000,0x00007f6df0683000] [id=493]
  0x00007f6de8040800 GCTaskThread "GC Thread#6" [stack: 0x00007f6df0482000,0x00007f6df0582000] [id=536]
  0x00007f6de8041800 GCTaskThread "GC Thread#7" [stack: 0x00007f6d90bfe000,0x00007f6d90cfe000] [id=537]
  0x00007f6e20071800 ConcurrentGCThread "G1 Main Marker" [stack: 0x00007f6e2538f000,0x00007f6e2548f000] [id=464]
  0x00007f6e20073800 ConcurrentGCThread "G1 Conc#0" [stack: 0x00007f6e2528e000,0x00007f6e2538e000] [id=465]
  0x00007f6df4001000 ConcurrentGCThread "G1 Conc#1" [stack: 0x00007f6df16af000,0x00007f6df17af000] [id=481]
  0x00007f6e20104800 ConcurrentGCThread "G1 Refine#0" [stack: 0x00007f6e24985000,0x00007f6e24a85000] [id=466]
  0x00007f6e20106800 ConcurrentGCThread "G1 Young RemSet Sampling" [stack: 0x00007f6e24884000,0x00007f6e24984000] [id=467]

Threads with active compile tasks:
C2 CompilerThread0   503995 9931       4       org.apache.iceberg.arrow.vectorized.parquet.VectorizedParquetDefinitionLevelReader$FixedSizeBinaryReader::nextVal (26 bytes)

VM state:not at safepoint (normal execution)

VM Mutex/Monitor currently owned by a thread: None

Heap address: 0x0000000700000000, size: 4096 MB, Compressed Oops mode: Zero based, Oop shift amount: 3
Narrow klass base: 0x0000000800000000, Narrow klass shift: 3
Compressed class space size: 1073741824 Address: 0x0000000840000000

Heap:
 garbage-first heap   total 225280K, used 156364K [0x0000000700000000, 0x0000000800000000)
  region size 1024K, 36 young (36864K), 5 survivors (5120K)
 Metaspace       used 154798K, capacity 162411K, committed 162648K, reserved 1185792K
  class space    used 21773K, capacity 25468K, committed 25472K, reserved 1048576K
Heap Regions: E=young(eden), S=young(survivor), O=old, HS=humongous(starts), HC=humongous(continues), CS=collection set, F=free, A=archive, TAMS=top-at-mark-start (previous, next)
|   0|0x0000000700000000, 0x0000000700100000, 0x0000000700100000|100%|HS|  |TAMS 0x0000000700100000, 0x0000000700000000| Complete 
|   1|0x0000000700100000, 0x0000000700200000, 0x0000000700200000|100%|HS|  |TAMS 0x0000000700200000, 0x0000000700100000| Complete 
|   2|0x0000000700200000, 0x0000000700300000, 0x0000000700300000|100%|HS|  |TAMS 0x0000000700300000, 0x0000000700200000| Complete 
|   3|0x0000000700300000, 0x0000000700400000, 0x0000000700400000|100%|HC|  |TAMS 0x0000000700400000, 0x0000000700300000| Complete 
|   4|0x0000000700400000, 0x0000000700500000, 0x0000000700500000|100%|HC|  |TAMS 0x0000000700500000, 0x0000000700400000| Complete 
|   5|0x0000000700500000, 0x0000000700600000, 0x0000000700600000|100%|HS|  |TAMS 0x0000000700600000, 0x0000000700500000| Complete 
|   6|0x0000000700600000, 0x0000000700700000, 0x0000000700700000|100%|HC|  |TAMS 0x0000000700700000, 0x0000000700600000| Complete 
|   7|0x0000000700700000, 0x0000000700800000, 0x0000000700800000|100%|HC|  |TAMS 0x0000000700800000, 0x0000000700700000| Complete 
|   8|0x0000000700800000, 0x0000000700900000, 0x0000000700900000|100%|HC|  |TAMS 0x0000000700900000, 0x0000000700800000| Complete 
|   9|0x0000000700900000, 0x0000000700a00000, 0x0000000700a00000|100%|HC|  |TAMS 0x0000000700a00000, 0x0000000700900000| Complete 
|  10|0x0000000700a00000, 0x0000000700b00000, 0x0000000700b00000|100%|HC|  |TAMS 0x0000000700b00000, 0x0000000700a00000| Complete 
|  11|0x0000000700b00000, 0x0000000700c00000, 0x0000000700c00000|100%|HC|  |TAMS 0x0000000700c00000, 0x0000000700b00000| Complete 
|  12|0x0000000700c00000, 0x0000000700d00000, 0x0000000700d00000|100%|HC|  |TAMS 0x0000000700d00000, 0x0000000700c00000| Complete 
|  13|0x0000000700d00000, 0x0000000700e00000, 0x0000000700e00000|100%|HC|  |TAMS 0x0000000700e00000, 0x0000000700d00000| Complete 
|  14|0x0000000700e00000, 0x0000000700f00000, 0x0000000700f00000|100%|HC|  |TAMS 0x0000000700f00000, 0x0000000700e00000| Complete 
|  15|0x0000000700f00000, 0x0000000701000000, 0x0000000701000000|100%|HC|  |TAMS 0x0000000701000000, 0x0000000700f00000| Complete 
|  16|0x0000000701000000, 0x0000000701100000, 0x0000000701100000|100%|HC|  |TAMS 0x0000000701100000, 0x0000000701000000| Complete 
|  17|0x0000000701100000, 0x0000000701200000, 0x0000000701200000|100%|HC|  |TAMS 0x0000000701200000, 0x0000000701100000| Complete 
|  18|0x0000000701200000, 0x0000000701300000, 0x0000000701300000|100%|HC|  |TAMS 0x0000000701300000, 0x0000000701200000| Complete 
|  19|0x0000000701300000, 0x0000000701400000, 0x0000000701400000|100%|HC|  |TAMS 0x0000000701400000, 0x0000000701300000| Complete 
|  20|0x0000000701400000, 0x0000000701500000, 0x0000000701500000|100%|HC|  |TAMS 0x0000000701500000, 0x0000000701400000| Complete 
|  21|0x0000000701500000, 0x0000000701600000, 0x0000000701600000|100%|HC|  |TAMS 0x0000000701600000, 0x0000000701500000| Complete 
|  22|0x0000000701600000, 0x0000000701700000, 0x0000000701700000|100%|HC|  |TAMS 0x0000000701700000, 0x0000000701600000| Complete 
|  23|0x0000000701700000, 0x0000000701800000, 0x0000000701800000|100%|HC|  |TAMS 0x0000000701800000, 0x0000000701700000| Complete 
|  24|0x0000000701800000, 0x0000000701900000, 0x0000000701900000|100%|HC|  |TAMS 0x0000000701900000, 0x0000000701800000| Complete 
|  25|0x0000000701900000, 0x0000000701a00000, 0x0000000701a00000|100%|HC|  |TAMS 0x0000000701a00000, 0x0000000701900000| Complete 
|  26|0x0000000701a00000, 0x0000000701b00000, 0x0000000701b00000|100%|HC|  |TAMS 0x0000000701b00000, 0x0000000701a00000| Complete 
|  27|0x0000000701b00000, 0x0000000701c00000, 0x0000000701c00000|100%|HC|  |TAMS 0x0000000701c00000, 0x0000000701b00000| Complete 
|  28|0x0000000701c00000, 0x0000000701d00000, 0x0000000701d00000|100%|HC|  |TAMS 0x0000000701d00000, 0x0000000701c00000| Complete 
|  29|0x0000000701d00000, 0x0000000701e00000, 0x0000000701e00000|100%|HC|  |TAMS 0x0000000701e00000, 0x0000000701d00000| Complete 
|  30|0x0000000701e00000, 0x0000000701f00000, 0x0000000701f00000|100%|HC|  |TAMS 0x0000000701f00000, 0x0000000701e00000| Complete 
|  31|0x0000000701f00000, 0x0000000702000000, 0x0000000702000000|100%|HC|  |TAMS 0x0000000702000000, 0x0000000701f00000| Complete 
|  32|0x0000000702000000, 0x0000000702100000, 0x0000000702100000|100%|HC|  |TAMS 0x0000000702100000, 0x0000000702000000| Complete 
|  33|0x0000000702100000, 0x0000000702200000, 0x0000000702200000|100%|HC|  |TAMS 0x0000000702200000, 0x0000000702100000| Complete 
|  34|0x0000000702200000, 0x0000000702300000, 0x0000000702300000|100%|HC|  |TAMS 0x0000000702300000, 0x0000000702200000| Complete 
|  35|0x0000000702300000, 0x0000000702400000, 0x0000000702400000|100%|HC|  |TAMS 0x0000000702400000, 0x0000000702300000| Complete 
|  36|0x0000000702400000, 0x0000000702500000, 0x0000000702500000|100%|HC|  |TAMS 0x0000000702500000, 0x0000000702400000| Complete 
|  37|0x0000000702500000, 0x0000000702600000, 0x0000000702600000|100%|HC|  |TAMS 0x0000000702600000, 0x0000000702500000| Complete 
|  38|0x0000000702600000, 0x0000000702700000, 0x0000000702700000|100%|HC|  |TAMS 0x0000000702700000, 0x0000000702600000| Complete 
|  39|0x0000000702700000, 0x0000000702800000, 0x0000000702800000|100%|HC|  |TAMS 0x0000000702800000, 0x0000000702700000| Complete 
|  40|0x0000000702800000, 0x0000000702900000, 0x0000000702900000|100%|HC|  |TAMS 0x0000000702900000, 0x0000000702800000| Complete 
|  41|0x0000000702900000, 0x0000000702a00000, 0x0000000702a00000|100%|HC|  |TAMS 0x0000000702a00000, 0x0000000702900000| Complete 
|  42|0x0000000702a00000, 0x0000000702b00000, 0x0000000702b00000|100%|HC|  |TAMS 0x0000000702b00000, 0x0000000702a00000| Complete 
|  43|0x0000000702b00000, 0x0000000702c00000, 0x0000000702c00000|100%|HC|  |TAMS 0x0000000702c00000, 0x0000000702b00000| Complete 
|  44|0x0000000702c00000, 0x0000000702d00000, 0x0000000702d00000|100%|HC|  |TAMS 0x0000000702d00000, 0x0000000702c00000| Complete 
|  45|0x0000000702d00000, 0x0000000702e00000, 0x0000000702e00000|100%|HC|  |TAMS 0x0000000702e00000, 0x0000000702d00000| Complete 
|  46|0x0000000702e00000, 0x0000000702f00000, 0x0000000702f00000|100%|HC|  |TAMS 0x0000000702f00000, 0x0000000702e00000| Complete 
|  47|0x0000000702f00000, 0x0000000703000000, 0x0000000703000000|100%|HC|  |TAMS 0x0000000703000000, 0x0000000702f00000| Complete 
|  48|0x0000000703000000, 0x0000000703100000, 0x0000000703100000|100%|HC|  |TAMS 0x0000000703100000, 0x0000000703000000| Complete 
|  49|0x0000000703100000, 0x0000000703200000, 0x0000000703200000|100%|HC|  |TAMS 0x0000000703200000, 0x0000000703100000| Complete 
|  50|0x0000000703200000, 0x0000000703300000, 0x0000000703300000|100%|HC|  |TAMS 0x0000000703300000, 0x0000000703200000| Complete 
|  51|0x0000000703300000, 0x0000000703400000, 0x0000000703400000|100%|HC|  |TAMS 0x0000000703400000, 0x0000000703300000| Complete 
|  52|0x0000000703400000, 0x0000000703500000, 0x0000000703500000|100%|HC|  |TAMS 0x0000000703500000, 0x0000000703400000| Complete 
|  53|0x0000000703500000, 0x0000000703600000, 0x0000000703600000|100%| O|  |TAMS 0x0000000703600000, 0x0000000703500000| Untracked 
|  54|0x0000000703600000, 0x0000000703700000, 0x0000000703700000|100%| O|  |TAMS 0x0000000703700000, 0x0000000703600000| Untracked 
|  55|0x0000000703700000, 0x0000000703800000, 0x0000000703800000|100%| O|  |TAMS 0x0000000703800000, 0x0000000703700000| Untracked 
|  56|0x0000000703800000, 0x0000000703900000, 0x0000000703900000|100%| O|  |TAMS 0x0000000703900000, 0x0000000703800000| Untracked 
|  57|0x0000000703900000, 0x0000000703a00000, 0x0000000703a00000|100%| O|  |TAMS 0x0000000703a00000, 0x0000000703900000| Untracked 
|  58|0x0000000703a00000, 0x0000000703b00000, 0x0000000703b00000|100%| O|  |TAMS 0x0000000703b00000, 0x0000000703a00000| Untracked 
|  59|0x0000000703b00000, 0x0000000703c00000, 0x0000000703c00000|100%| O|  |TAMS 0x0000000703c00000, 0x0000000703b00000| Untracked 
|  60|0x0000000703c00000, 0x0000000703d00000, 0x0000000703d00000|100%| O|  |TAMS 0x0000000703d00000, 0x0000000703c00000| Untracked 
|  61|0x0000000703d00000, 0x0000000703e00000, 0x0000000703e00000|100%| O|  |TAMS 0x0000000703e00000, 0x0000000703d00000| Untracked 
|  62|0x0000000703e00000, 0x0000000703f00000, 0x0000000703f00000|100%|HS|  |TAMS 0x0000000703f00000, 0x0000000703e00000| Complete 
|  63|0x0000000703f00000, 0x0000000704000000, 0x0000000704000000|100%|HC|  |TAMS 0x0000000704000000, 0x0000000703f00000| Complete 
|  64|0x0000000704000000, 0x0000000704100000, 0x0000000704100000|100%|HC|  |TAMS 0x0000000704100000, 0x0000000704000000| Complete 
|  65|0x0000000704100000, 0x0000000704200000, 0x0000000704200000|100%|HC|  |TAMS 0x0000000704200000, 0x0000000704100000| Complete 
|  66|0x0000000704200000, 0x0000000704300000, 0x0000000704300000|100%|HC|  |TAMS 0x0000000704300000, 0x0000000704200000| Complete 
|  67|0x0000000704300000, 0x0000000704400000, 0x0000000704400000|100%|HS|  |TAMS 0x0000000704400000, 0x0000000704300000| Complete 
|  68|0x0000000704400000, 0x0000000704500000, 0x0000000704500000|100%| O|  |TAMS 0x0000000704500000, 0x0000000704400000| Untracked 
|  69|0x0000000704500000, 0x0000000704600000, 0x0000000704600000|100%| O|  |TAMS 0x0000000704600000, 0x0000000704500000| Untracked 
|  70|0x0000000704600000, 0x0000000704700000, 0x0000000704700000|100%|HS|  |TAMS 0x0000000704700000, 0x0000000704600000| Complete 
|  71|0x0000000704700000, 0x0000000704800000, 0x0000000704800000|100%|HC|  |TAMS 0x0000000704800000, 0x0000000704700000| Complete 
|  72|0x0000000704800000, 0x0000000704900000, 0x0000000704900000|100%|HC|  |TAMS 0x0000000704900000, 0x0000000704800000| Complete 
|  73|0x0000000704900000, 0x0000000704a00000, 0x0000000704a00000|100%|HS|  |TAMS 0x0000000704a00000, 0x0000000704900000| Complete 
|  74|0x0000000704a00000, 0x0000000704b00000, 0x0000000704b00000|100%|HC|  |TAMS 0x0000000704b00000, 0x0000000704a00000| Complete 
|  75|0x0000000704b00000, 0x0000000704c00000, 0x0000000704c00000|100%| O|  |TAMS 0x0000000704c00000, 0x0000000704b00000| Untracked 
|  76|0x0000000704c00000, 0x0000000704d00000, 0x0000000704d00000|100%| O|  |TAMS 0x0000000704d00000, 0x0000000704c00000| Untracked 
|  77|0x0000000704d00000, 0x0000000704e00000, 0x0000000704e00000|100%| O|  |TAMS 0x0000000704e00000, 0x0000000704d00000| Untracked 
|  78|0x0000000704e00000, 0x0000000704f00000, 0x0000000704f00000|100%| O|  |TAMS 0x0000000704f00000, 0x0000000704e00000| Untracked 
|  79|0x0000000704f00000, 0x0000000705000000, 0x0000000705000000|100%| O|  |TAMS 0x0000000705000000, 0x0000000704f00000| Untracked 
|  80|0x0000000705000000, 0x0000000705100000, 0x0000000705100000|100%| O|  |TAMS 0x0000000705100000, 0x0000000705000000| Untracked 
|  81|0x0000000705100000, 0x0000000705200000, 0x0000000705200000|100%| O|  |TAMS 0x0000000705200000, 0x0000000705100000| Untracked 
|  82|0x0000000705200000, 0x0000000705300000, 0x0000000705300000|100%| O|  |TAMS 0x0000000705300000, 0x0000000705200000| Untracked 
|  83|0x0000000705300000, 0x0000000705400000, 0x0000000705400000|100%| O|  |TAMS 0x0000000705400000, 0x0000000705300000| Untracked 
|  84|0x0000000705400000, 0x0000000705500000, 0x0000000705500000|100%| O|  |TAMS 0x0000000705500000, 0x0000000705400000| Untracked 
|  85|0x0000000705500000, 0x0000000705600000, 0x0000000705600000|100%| O|  |TAMS 0x0000000705600000, 0x0000000705500000| Untracked 
|  86|0x0000000705600000, 0x0000000705700000, 0x0000000705700000|100%| O|  |TAMS 0x0000000705700000, 0x0000000705600000| Untracked 
|  87|0x0000000705700000, 0x0000000705800000, 0x0000000705800000|100%| O|  |TAMS 0x0000000705800000, 0x0000000705700000| Untracked 
|  88|0x0000000705800000, 0x0000000705900000, 0x0000000705900000|100%| O|  |TAMS 0x0000000705900000, 0x0000000705800000| Untracked 
|  89|0x0000000705900000, 0x0000000705a00000, 0x0000000705a00000|100%| O|  |TAMS 0x0000000705a00000, 0x0000000705900000| Untracked 
|  90|0x0000000705a00000, 0x0000000705b00000, 0x0000000705b00000|100%| O|  |TAMS 0x0000000705b00000, 0x0000000705a00000| Untracked 
|  91|0x0000000705b00000, 0x0000000705c00000, 0x0000000705c00000|100%| O|  |TAMS 0x0000000705c00000, 0x0000000705b00000| Untracked 
|  92|0x0000000705c00000, 0x0000000705d00000, 0x0000000705d00000|100%| O|  |TAMS 0x0000000705d00000, 0x0000000705c00000| Untracked 
|  93|0x0000000705d00000, 0x0000000705e00000, 0x0000000705e00000|100%| O|  |TAMS 0x0000000705e00000, 0x0000000705d00000| Untracked 
|  94|0x0000000705e00000, 0x0000000705f00000, 0x0000000705f00000|100%| O|  |TAMS 0x0000000705f00000, 0x0000000705e00000| Untracked 
|  95|0x0000000705f00000, 0x0000000706000000, 0x0000000706000000|100%| O|  |TAMS 0x0000000706000000, 0x0000000705f00000| Untracked 
|  96|0x0000000706000000, 0x0000000706100000, 0x0000000706100000|100%| O|  |TAMS 0x0000000706100000, 0x0000000706000000| Untracked 
|  97|0x0000000706100000, 0x0000000706200000, 0x0000000706200000|100%| O|  |TAMS 0x0000000706200000, 0x0000000706100000| Untracked 
|  98|0x0000000706200000, 0x0000000706300000, 0x0000000706300000|100%| O|  |TAMS 0x0000000706300000, 0x0000000706200000| Untracked 
|  99|0x0000000706300000, 0x0000000706400000, 0x0000000706400000|100%| O|  |TAMS 0x0000000706400000, 0x0000000706300000| Untracked 
| 100|0x0000000706400000, 0x0000000706500000, 0x0000000706500000|100%| O|  |TAMS 0x0000000706500000, 0x0000000706400000| Untracked 
| 101|0x0000000706500000, 0x0000000706600000, 0x0000000706600000|100%| O|  |TAMS 0x0000000706600000, 0x0000000706500000| Untracked 
| 102|0x0000000706600000, 0x0000000706700000, 0x0000000706700000|100%| O|  |TAMS 0x0000000706700000, 0x0000000706600000| Untracked 
| 103|0x0000000706700000, 0x0000000706800000, 0x0000000706800000|100%| O|  |TAMS 0x0000000706800000, 0x0000000706700000| Untracked 
| 104|0x0000000706800000, 0x0000000706900000, 0x0000000706900000|100%| O|  |TAMS 0x0000000706900000, 0x0000000706800000| Untracked 
| 105|0x0000000706900000, 0x0000000706a00000, 0x0000000706a00000|100%| O|  |TAMS 0x0000000706a00000, 0x0000000706900000| Untracked 
| 106|0x0000000706a00000, 0x0000000706b00000, 0x0000000706b00000|100%| O|  |TAMS 0x0000000706b00000, 0x0000000706a00000| Untracked 
| 107|0x0000000706b00000, 0x0000000706c00000, 0x0000000706c00000|100%| O|  |TAMS 0x0000000706c00000, 0x0000000706b00000| Untracked 
| 108|0x0000000706c00000, 0x0000000706d00000, 0x0000000706d00000|100%| O|  |TAMS 0x0000000706d00000, 0x0000000706c00000| Untracked 
| 109|0x0000000706d00000, 0x0000000706e00000, 0x0000000706e00000|100%| O|  |TAMS 0x0000000706e00000, 0x0000000706d00000| Untracked 
| 110|0x0000000706e00000, 0x0000000706f00000, 0x0000000706f00000|100%|HS|  |TAMS 0x0000000706e00000, 0x0000000706e00000| Complete 
| 111|0x0000000706f00000, 0x0000000707000000, 0x0000000707000000|100%|HC|  |TAMS 0x0000000706f00000, 0x0000000706f00000| Complete 
| 112|0x0000000707000000, 0x0000000707100000, 0x0000000707100000|100%|HC|  |TAMS 0x0000000707000000, 0x0000000707000000| Complete 
| 113|0x0000000707100000, 0x0000000707200000, 0x0000000707200000|100%|HC|  |TAMS 0x0000000707100000, 0x0000000707100000| Complete 
| 114|0x0000000707200000, 0x0000000707300000, 0x0000000707300000|100%|HC|  |TAMS 0x0000000707200000, 0x0000000707200000| Complete 
| 115|0x0000000707300000, 0x0000000707300000, 0x0000000707400000|  0%| F|  |TAMS 0x0000000707300000, 0x0000000707300000| Untracked 
| 116|0x0000000707400000, 0x0000000707400000, 0x0000000707500000|  0%| F|  |TAMS 0x0000000707400000, 0x0000000707400000| Untracked 
| 117|0x0000000707500000, 0x0000000707500000, 0x0000000707600000|  0%| F|  |TAMS 0x0000000707500000, 0x0000000707500000| Untracked 
| 118|0x0000000707600000, 0x0000000707600000, 0x0000000707700000|  0%| F|  |TAMS 0x0000000707600000, 0x0000000707600000| Untracked 
| 119|0x0000000707700000, 0x0000000707700000, 0x0000000707800000|  0%| F|  |TAMS 0x0000000707700000, 0x0000000707700000| Untracked 
| 120|0x0000000707800000, 0x0000000707900000, 0x0000000707900000|100%| O|  |TAMS 0x0000000707900000, 0x0000000707800000| Untracked 
| 121|0x0000000707900000, 0x0000000707925c00, 0x0000000707a00000| 14%| O|  |TAMS 0x0000000707925c00, 0x0000000707900000| Untracked 
| 122|0x0000000707a00000, 0x0000000707b00000, 0x0000000707b00000|100%| O|  |TAMS 0x0000000707b00000, 0x0000000707a00000| Untracked 
| 123|0x0000000707b00000, 0x0000000707b00000, 0x0000000707c00000|  0%| F|  |TAMS 0x0000000707b00000, 0x0000000707b00000| Untracked 
| 124|0x0000000707c00000, 0x0000000707c00000, 0x0000000707d00000|  0%| F|  |TAMS 0x0000000707c00000, 0x0000000707c00000| Untracked 
| 125|0x0000000707d00000, 0x0000000707d00000, 0x0000000707e00000|  0%| F|  |TAMS 0x0000000707d00000, 0x0000000707d00000| Untracked 
| 126|0x0000000707e00000, 0x0000000707e00000, 0x0000000707f00000|  0%| F|  |TAMS 0x0000000707e00000, 0x0000000707e00000| Untracked 
| 127|0x0000000707f00000, 0x0000000707f00000, 0x0000000708000000|  0%| F|  |TAMS 0x0000000707f00000, 0x0000000707f00000| Untracked 
| 128|0x0000000708000000, 0x0000000708000000, 0x0000000708100000|  0%| F|  |TAMS 0x0000000708000000, 0x0000000708000000| Untracked 
| 129|0x0000000708100000, 0x0000000708100000, 0x0000000708200000|  0%| F|  |TAMS 0x0000000708100000, 0x0000000708100000| Untracked 
| 130|0x0000000708200000, 0x0000000708200000, 0x0000000708300000|  0%| F|  |TAMS 0x0000000708200000, 0x0000000708200000| Untracked 
| 131|0x0000000708300000, 0x0000000708300000, 0x0000000708400000|  0%| F|  |TAMS 0x0000000708300000, 0x0000000708300000| Untracked 
| 132|0x0000000708400000, 0x0000000708400000, 0x0000000708500000|  0%| F|  |TAMS 0x0000000708400000, 0x0000000708400000| Untracked 
| 133|0x0000000708500000, 0x0000000708500000, 0x0000000708600000|  0%| F|  |TAMS 0x0000000708500000, 0x0000000708500000| Untracked 
| 134|0x0000000708600000, 0x0000000708600000, 0x0000000708700000|  0%| F|  |TAMS 0x0000000708600000, 0x0000000708600000| Untracked 
| 135|0x0000000708700000, 0x0000000708700000, 0x0000000708800000|  0%| F|  |TAMS 0x0000000708700000, 0x0000000708700000| Untracked 
| 136|0x0000000708800000, 0x0000000708800000, 0x0000000708900000|  0%| F|  |TAMS 0x0000000708800000, 0x0000000708800000| Untracked 
| 137|0x0000000708900000, 0x0000000708900000, 0x0000000708a00000|  0%| F|  |TAMS 0x0000000708900000, 0x0000000708900000| Untracked 
| 138|0x0000000708a00000, 0x0000000708a00000, 0x0000000708b00000|  0%| F|  |TAMS 0x0000000708a00000, 0x0000000708a00000| Untracked 
| 139|0x0000000708b00000, 0x0000000708b00000, 0x0000000708c00000|  0%| F|  |TAMS 0x0000000708b00000, 0x0000000708b00000| Untracked 
| 140|0x0000000708c00000, 0x0000000708c00000, 0x0000000708d00000|  0%| F|  |TAMS 0x0000000708c00000, 0x0000000708c00000| Untracked 
| 141|0x0000000708d00000, 0x0000000708d00000, 0x0000000708e00000|  0%| F|  |TAMS 0x0000000708d00000, 0x0000000708d00000| Untracked 
| 142|0x0000000708e00000, 0x0000000708e00000, 0x0000000708f00000|  0%| F|  |TAMS 0x0000000708e00000, 0x0000000708e00000| Untracked 
| 143|0x0000000708f00000, 0x0000000708f00000, 0x0000000709000000|  0%| F|  |TAMS 0x0000000708f00000, 0x0000000708f00000| Untracked 
| 144|0x0000000709000000, 0x0000000709000000, 0x0000000709100000|  0%| F|  |TAMS 0x0000000709000000, 0x0000000709000000| Untracked 
| 145|0x0000000709100000, 0x0000000709100000, 0x0000000709200000|  0%| F|  |TAMS 0x0000000709100000, 0x0000000709100000| Untracked 
| 146|0x0000000709200000, 0x0000000709200000, 0x0000000709300000|  0%| F|  |TAMS 0x0000000709200000, 0x0000000709200000| Untracked 
| 147|0x0000000709300000, 0x0000000709300000, 0x0000000709400000|  0%| F|  |TAMS 0x0000000709300000, 0x0000000709300000| Untracked 
| 148|0x0000000709400000, 0x0000000709400000, 0x0000000709500000|  0%| F|  |TAMS 0x0000000709400000, 0x0000000709400000| Untracked 
| 149|0x0000000709500000, 0x0000000709500000, 0x0000000709600000|  0%| F|  |TAMS 0x0000000709500000, 0x0000000709500000| Untracked 
| 150|0x0000000709600000, 0x0000000709600000, 0x0000000709700000|  0%| F|  |TAMS 0x0000000709600000, 0x0000000709600000| Untracked 
| 151|0x0000000709700000, 0x0000000709700000, 0x0000000709800000|  0%| F|  |TAMS 0x0000000709700000, 0x0000000709700000| Untracked 
| 152|0x0000000709800000, 0x0000000709800000, 0x0000000709900000|  0%| F|  |TAMS 0x0000000709800000, 0x0000000709800000| Untracked 
| 153|0x0000000709900000, 0x0000000709900000, 0x0000000709a00000|  0%| F|  |TAMS 0x0000000709900000, 0x0000000709900000| Untracked 
| 154|0x0000000709a00000, 0x0000000709a00000, 0x0000000709b00000|  0%| F|  |TAMS 0x0000000709a00000, 0x0000000709a00000| Untracked 
| 155|0x0000000709b00000, 0x0000000709b00000, 0x0000000709c00000|  0%| F|  |TAMS 0x0000000709b00000, 0x0000000709b00000| Untracked 
| 156|0x0000000709c00000, 0x0000000709c00000, 0x0000000709d00000|  0%| F|  |TAMS 0x0000000709c00000, 0x0000000709c00000| Untracked 
| 157|0x0000000709d00000, 0x0000000709d00000, 0x0000000709e00000|  0%| F|  |TAMS 0x0000000709d00000, 0x0000000709d00000| Untracked 
| 158|0x0000000709e00000, 0x0000000709e00000, 0x0000000709f00000|  0%| F|  |TAMS 0x0000000709e00000, 0x0000000709e00000| Untracked 
| 159|0x0000000709f00000, 0x0000000709f00000, 0x000000070a000000|  0%| F|  |TAMS 0x0000000709f00000, 0x0000000709f00000| Untracked 
| 160|0x000000070a000000, 0x000000070a000000, 0x000000070a100000|  0%| F|  |TAMS 0x000000070a000000, 0x000000070a000000| Untracked 
| 161|0x000000070a100000, 0x000000070a100000, 0x000000070a200000|  0%| F|  |TAMS 0x000000070a100000, 0x000000070a100000| Untracked 
| 162|0x000000070a200000, 0x000000070a200000, 0x000000070a300000|  0%| F|  |TAMS 0x000000070a200000, 0x000000070a200000| Untracked 
| 163|0x000000070a300000, 0x000000070a300000, 0x000000070a400000|  0%| F|  |TAMS 0x000000070a300000, 0x000000070a300000| Untracked 
| 164|0x000000070a400000, 0x000000070a400000, 0x000000070a500000|  0%| F|  |TAMS 0x000000070a400000, 0x000000070a400000| Untracked 
| 165|0x000000070a500000, 0x000000070a500000, 0x000000070a600000|  0%| F|  |TAMS 0x000000070a500000, 0x000000070a500000| Untracked 
| 166|0x000000070a600000, 0x000000070a600000, 0x000000070a700000|  0%| F|  |TAMS 0x000000070a600000, 0x000000070a600000| Untracked 
| 167|0x000000070a700000, 0x000000070a700000, 0x000000070a800000|  0%| F|  |TAMS 0x000000070a700000, 0x000000070a700000| Untracked 
| 168|0x000000070a800000, 0x000000070a800000, 0x000000070a900000|  0%| F|  |TAMS 0x000000070a800000, 0x000000070a800000| Untracked 
| 169|0x000000070a900000, 0x000000070a900000, 0x000000070aa00000|  0%| F|  |TAMS 0x000000070a900000, 0x000000070a900000| Untracked 
| 170|0x000000070aa00000, 0x000000070aa00000, 0x000000070ab00000|  0%| F|  |TAMS 0x000000070aa00000, 0x000000070aa00000| Untracked 
| 171|0x000000070ab00000, 0x000000070ab00000, 0x000000070ac00000|  0%| F|  |TAMS 0x000000070ab00000, 0x000000070ab00000| Untracked 
| 172|0x000000070ac00000, 0x000000070ac00000, 0x000000070ad00000|  0%| F|  |TAMS 0x000000070ac00000, 0x000000070ac00000| Untracked 
| 173|0x000000070ad00000, 0x000000070ad00000, 0x000000070ae00000|  0%| F|  |TAMS 0x000000070ad00000, 0x000000070ad00000| Untracked 
| 174|0x000000070ae00000, 0x000000070ae00000, 0x000000070af00000|  0%| F|  |TAMS 0x000000070ae00000, 0x000000070ae00000| Untracked 
| 175|0x000000070af00000, 0x000000070af00000, 0x000000070b000000|  0%| F|  |TAMS 0x000000070af00000, 0x000000070af00000| Untracked 
| 176|0x000000070b000000, 0x000000070b000000, 0x000000070b100000|  0%| F|  |TAMS 0x000000070b000000, 0x000000070b000000| Untracked 
| 177|0x000000070b100000, 0x000000070b100000, 0x000000070b200000|  0%| F|  |TAMS 0x000000070b100000, 0x000000070b100000| Untracked 
| 178|0x000000070b200000, 0x000000070b200000, 0x000000070b300000|  0%| F|  |TAMS 0x000000070b200000, 0x000000070b200000| Untracked 
| 179|0x000000070b300000, 0x000000070b300000, 0x000000070b400000|  0%| F|  |TAMS 0x000000070b300000, 0x000000070b300000| Untracked 
| 180|0x000000070b400000, 0x000000070b400000, 0x000000070b500000|  0%| F|  |TAMS 0x000000070b400000, 0x000000070b400000| Untracked 
| 181|0x000000070b500000, 0x000000070b500000, 0x000000070b600000|  0%| F|  |TAMS 0x000000070b500000, 0x000000070b500000| Untracked 
| 182|0x000000070b600000, 0x000000070b6e6528, 0x000000070b700000| 89%| E|  |TAMS 0x000000070b600000, 0x000000070b600000| Complete 
| 183|0x000000070b700000, 0x000000070b800000, 0x000000070b800000|100%| E|CS|TAMS 0x000000070b700000, 0x000000070b700000| Complete 
| 184|0x000000070b800000, 0x000000070b8d94d0, 0x000000070b900000| 84%| S|CS|TAMS 0x000000070b800000, 0x000000070b800000| Complete 
| 185|0x000000070b900000, 0x000000070ba00000, 0x000000070ba00000|100%| S|CS|TAMS 0x000000070b900000, 0x000000070b900000| Complete 
| 186|0x000000070ba00000, 0x000000070bb00000, 0x000000070bb00000|100%| S|CS|TAMS 0x000000070ba00000, 0x000000070ba00000| Complete 
| 187|0x000000070bb00000, 0x000000070bc00000, 0x000000070bc00000|100%| S|CS|TAMS 0x000000070bb00000, 0x000000070bb00000| Complete 
| 188|0x000000070bc00000, 0x000000070bd00000, 0x000000070bd00000|100%| S|CS|TAMS 0x000000070bc00000, 0x000000070bc00000| Complete 
| 189|0x000000070bd00000, 0x000000070be00000, 0x000000070be00000|100%| E|CS|TAMS 0x000000070bd00000, 0x000000070bd00000| Complete 
| 190|0x000000070be00000, 0x000000070bf00000, 0x000000070bf00000|100%| E|CS|TAMS 0x000000070be00000, 0x000000070be00000| Complete 
| 191|0x000000070bf00000, 0x000000070c000000, 0x000000070c000000|100%| E|CS|TAMS 0x000000070bf00000, 0x000000070bf00000| Complete 
| 192|0x000000070c000000, 0x000000070c100000, 0x000000070c100000|100%| E|CS|TAMS 0x000000070c000000, 0x000000070c000000| Complete 
| 193|0x000000070c100000, 0x000000070c200000, 0x000000070c200000|100%| E|CS|TAMS 0x000000070c100000, 0x000000070c100000| Complete 
| 194|0x000000070c200000, 0x000000070c300000, 0x000000070c300000|100%| E|CS|TAMS 0x000000070c200000, 0x000000070c200000| Complete 
| 195|0x000000070c300000, 0x000000070c400000, 0x000000070c400000|100%| E|CS|TAMS 0x000000070c300000, 0x000000070c300000| Complete 
| 196|0x000000070c400000, 0x000000070c500000, 0x000000070c500000|100%| E|CS|TAMS 0x000000070c400000, 0x000000070c400000| Complete 
| 197|0x000000070c500000, 0x000000070c600000, 0x000000070c600000|100%| E|CS|TAMS 0x000000070c500000, 0x000000070c500000| Complete 
| 198|0x000000070c600000, 0x000000070c700000, 0x000000070c700000|100%| E|CS|TAMS 0x000000070c600000, 0x000000070c600000| Complete 
| 199|0x000000070c700000, 0x000000070c800000, 0x000000070c800000|100%| E|CS|TAMS 0x000000070c700000, 0x000000070c700000| Complete 
| 200|0x000000070c800000, 0x000000070c900000, 0x000000070c900000|100%| E|CS|TAMS 0x000000070c800000, 0x000000070c800000| Complete 
| 201|0x000000070c900000, 0x000000070ca00000, 0x000000070ca00000|100%| E|CS|TAMS 0x000000070c900000, 0x000000070c900000| Complete 
| 202|0x000000070ca00000, 0x000000070cb00000, 0x000000070cb00000|100%| E|CS|TAMS 0x000000070ca00000, 0x000000070ca00000| Complete 
| 203|0x000000070cb00000, 0x000000070cc00000, 0x000000070cc00000|100%| E|CS|TAMS 0x000000070cb00000, 0x000000070cb00000| Complete 
| 204|0x000000070cc00000, 0x000000070cd00000, 0x000000070cd00000|100%| E|CS|TAMS 0x000000070cc00000, 0x000000070cc00000| Complete 
| 205|0x000000070cd00000, 0x000000070ce00000, 0x000000070ce00000|100%| E|CS|TAMS 0x000000070cd00000, 0x000000070cd00000| Complete 
| 206|0x000000070ce00000, 0x000000070cf00000, 0x000000070cf00000|100%| E|CS|TAMS 0x000000070ce00000, 0x000000070ce00000| Complete 
| 207|0x000000070cf00000, 0x000000070d000000, 0x000000070d000000|100%| E|CS|TAMS 0x000000070cf00000, 0x000000070cf00000| Complete 
| 208|0x000000070d000000, 0x000000070d100000, 0x000000070d100000|100%| E|CS|TAMS 0x000000070d000000, 0x000000070d000000| Complete 
| 209|0x000000070d100000, 0x000000070d200000, 0x000000070d200000|100%| E|CS|TAMS 0x000000070d100000, 0x000000070d100000| Complete 
| 210|0x000000070d200000, 0x000000070d300000, 0x000000070d300000|100%| E|CS|TAMS 0x000000070d200000, 0x000000070d200000| Complete 
| 211|0x000000070d300000, 0x000000070d400000, 0x000000070d400000|100%| E|CS|TAMS 0x000000070d300000, 0x000000070d300000| Complete 
| 212|0x000000070d400000, 0x000000070d500000, 0x000000070d500000|100%| E|CS|TAMS 0x000000070d400000, 0x000000070d400000| Complete 
| 213|0x000000070d500000, 0x000000070d600000, 0x000000070d600000|100%| E|CS|TAMS 0x000000070d500000, 0x000000070d500000| Complete 
| 214|0x000000070d600000, 0x000000070d700000, 0x000000070d700000|100%| E|CS|TAMS 0x000000070d600000, 0x000000070d600000| Complete 
| 215|0x000000070d700000, 0x000000070d800000, 0x000000070d800000|100%| E|CS|TAMS 0x000000070d700000, 0x000000070d700000| Complete 
| 216|0x000000070d800000, 0x000000070d900000, 0x000000070d900000|100%| E|CS|TAMS 0x000000070d800000, 0x000000070d800000| Complete 
| 217|0x000000070d900000, 0x000000070da00000, 0x000000070da00000|100%| E|CS|TAMS 0x000000070d900000, 0x000000070d900000| Complete 
|4094|0x00000007ffe00000, 0x00000007ffe48000, 0x00000007fff00000| 28%|OA|  |TAMS 0x00000007ffe48000, 0x00000007ffe00000| Untracked 
|4095|0x00000007fff00000, 0x00000007fff6c000, 0x0000000800000000| 42%|CA|  |TAMS 0x00000007fff6c000, 0x00000007fff00000| Untracked 

Card table byte_map: [0x00007f6e25d98000,0x00007f6e26598000] _byte_map_base: 0x00007f6e22598000

Marking Bits (Prev, Next): (CMBitMap*) 0x00007f6e20060c90, (CMBitMap*) 0x00007f6e20060c58
 Prev Bits: [0x00007f6dfc000000, 0x00007f6e00000000)
 Next Bits: [0x00007f6e00000000, 0x00007f6e04000000)

Polling page: 0x00007f6e278cb000

Metaspace:

Usage:
  Non-class:    133.73 MB capacity,   129.91 MB ( 97%) used,     2.93 MB (  2%) free+waste,   915.38 KB ( <1%) overhead. 
      Class:     24.87 MB capacity,    21.26 MB ( 85%) used,     3.12 MB ( 13%) free+waste,   501.88 KB (  2%) overhead. 
       Both:    158.60 MB capacity,   151.17 MB ( 95%) used,     6.05 MB (  4%) free+waste,     1.38 MB ( <1%) overhead. 

Virtual space:
  Non-class space:      134.00 MB reserved,     133.96 MB (>99%) committed 
      Class space:        1.00 GB reserved,      24.88 MB (  2%) committed 
             Both:        1.13 GB reserved,     158.84 MB ( 14%) committed 

Chunk freelists:
   Non-Class:  41.00 KB
       Class:  0 bytes
        Both:  41.00 KB

MaxMetaspaceSize: unlimited
CompressedClassSpaceSize: 1.00 GB
Initial GC threshold: 20.80 MB
Current GC threshold: 262.23 MB
CDS: on

CodeHeap 'non-profiled nmethods': size=120032Kb used=5459Kb max_used=5459Kb free=114572Kb
 bounds [0x00007f6e1028d000, 0x00007f6e107ed000, 0x00007f6e177c5000]
CodeHeap 'profiled nmethods': size=120028Kb used=19087Kb max_used=19087Kb free=100940Kb
 bounds [0x00007f6e08d56000, 0x00007f6e0a006000, 0x00007f6e1028d000]
CodeHeap 'non-nmethods': size=5700Kb used=1637Kb max_used=1666Kb free=4062Kb
 bounds [0x00007f6e087c5000, 0x00007f6e08a35000, 0x00007f6e08d56000]
 total_blobs=10859 nmethods=9860 adapters=910
 compilation: enabled
              stopped_count=0, restarted_count=0
 full_count=0

Compilation events (20 events):
Event: 503.626 Thread 0x00007f6e20155000 9871       2       org.apache.spark.ml.linalg.DenseVector$::unapply (12 bytes)
Event: 503.626 Thread 0x00007f6e20155000 nmethod 9871 0x00007f6e09ff6e90 code [0x00007f6e09ff7040, 0x00007f6e09ff7210]
Event: 503.626 Thread 0x00007f6e20155000 9872       2       org.apache.spark.sql.catalyst.InternalRow::setByte (10 bytes)
Event: 503.626 Thread 0x00007f6e20155000 nmethod 9872 0x00007f6e09ff7310 code [0x00007f6e09ff74c0, 0x00007f6e09ff7620]
Event: 503.626 Thread 0x00007f6e20155000 9873       2       org.apache.spark.sql.catalyst.expressions.UnsafeArrayData::fromPrimitiveArray (12 bytes)
Event: 503.626 Thread 0x00007f6e20155000 nmethod 9873 0x00007f6e09ff7790 code [0x00007f6e09ff7940, 0x00007f6e09ff7a40]
Event: 503.626 Thread 0x00007f6e20155000 9904       2       org.apache.spark.ml.stat.SummarizerBuffer::add (18 bytes)
Event: 503.626 Thread 0x00007f6e20155000 nmethod 9904 0x00007f6e09ff7b10 code [0x00007f6e09ff7ce0, 0x00007f6e09ff7e80]
Event: 503.626 Thread 0x00007f6e20155000 9880       2       org.apache.spark.sql.catalyst.expressions.BaseGenericInternalRow::getArray (9 bytes)
Event: 503.626 Thread 0x00007f6e20155000 nmethod 9880 0x00007f6e09ff7f90 code [0x00007f6e09ff8160, 0x00007f6e09ff8340]
Event: 503.626 Thread 0x00007f6e20155000 9881       2       org.apache.spark.sql.catalyst.expressions.JoinedRow::apply (12 bytes)
Event: 503.626 Thread 0x00007f6e20155000 nmethod 9881 0x00007f6e09ff8490 code [0x00007f6e09ff8640, 0x00007f6e09ff8810]
Event: 503.631 Thread 0x00007f6e20155000 9928 %     3       org.apache.spark.unsafe.Platform::copyMemory @ 71 (124 bytes)
Event: 503.632 Thread 0x00007f6e20155000 nmethod 9928% 0x00007f6e09ff8890 code [0x00007f6e09ff8aa0, 0x00007f6e09ff9170]
Event: 503.633 Thread 0x00007f6e20155000 9929       3       org.apache.spark.unsafe.Platform::copyMemory (124 bytes)
Event: 503.633 Thread 0x00007f6e20155000 nmethod 9929 0x00007f6e09ff9410 code [0x00007f6e09ff9620, 0x00007f6e09ff9c70]
Event: 503.634 Thread 0x00007f6e20153000 nmethod 9124 0x00007f6e107df910 code [0x00007f6e107dfb20, 0x00007f6e107e0828]
Event: 503.634 Thread 0x00007f6e20153000 9927       4       java.math.BigInteger::stripLeadingZeroBytes (141 bytes)
Event: 503.637 Thread 0x00007f6e20155000 9930       1       org.apache.iceberg.shaded.org.apache.arrow.memory.ArrowBuf::getReferenceManager (5 bytes)
Event: 503.637 Thread 0x00007f6e20155000 nmethod 9930 0x00007f6e107e0f90 code [0x00007f6e107e1140, 0x00007f6e107e1210]

GC Heap History (20 events):
Event: 260.513 GC heap before
{Heap before GC invocations=43 (full 0):
 garbage-first heap   total 187392K, used 152981K [0x0000000700000000, 0x0000000800000000)
  region size 1024K, 46 young (47104K), 5 survivors (5120K)
 Metaspace       used 125486K, capacity 131277K, committed 131544K, reserved 1161216K
  class space    used 17589K, capacity 20445K, committed 20480K, reserved 1048576K
}
Event: 260.518 GC heap after
{Heap after GC invocations=44 (full 0):
 garbage-first heap   total 187392K, used 112804K [0x0000000700000000, 0x0000000800000000)
  region size 1024K, 3 young (3072K), 3 survivors (3072K)
 Metaspace       used 125486K, capacity 131277K, committed 131544K, reserved 1161216K
  class space    used 17589K, capacity 20445K, committed 20480K, reserved 1048576K
}
Event: 260.830 GC heap before
{Heap before GC invocations=45 (full 0):
 garbage-first heap   total 187392K, used 155812K [0x0000000700000000, 0x0000000800000000)
  region size 1024K, 45 young (46080K), 3 survivors (3072K)
 Metaspace       used 128909K, capacity 134735K, committed 134872K, reserved 1163264K
  class space    used 18018K, capacity 20872K, committed 20992K, reserved 1048576K
}
Event: 260.839 GC heap after
{Heap after GC invocations=46 (full 0):
 garbage-first heap   total 187392K, used 113853K [0x0000000700000000, 0x0000000800000000)
  region size 1024K, 4 young (4096K), 4 survivors (4096K)
 Metaspace       used 128909K, capacity 134735K, committed 134872K, reserved 1163264K
  class space    used 18018K, capacity 20872K, committed 20992K, reserved 1048576K
}
Event: 261.054 GC heap before
{Heap before GC invocations=46 (full 0):
 garbage-first heap   total 187392K, used 156861K [0x0000000700000000, 0x0000000800000000)
  region size 1024K, 46 young (47104K), 4 survivors (4096K)
 Metaspace       used 132355K, capacity 138191K, committed 138456K, reserved 1167360K
  class space    used 18291K, capacity 21128K, committed 21248K, reserved 1048576K
}
Event: 261.059 GC heap after
{Heap after GC invocations=47 (full 0):
 garbage-first heap   total 187392K, used 115264K [0x0000000700000000, 0x0000000800000000)
  region size 1024K, 4 young (4096K), 4 survivors (4096K)
 Metaspace       used 132355K, capacity 138191K, committed 138456K, reserved 1167360K
  class space    used 18291K, capacity 21128K, committed 21248K, reserved 1048576K
}
Event: 261.160 GC heap before
{Heap before GC invocations=48 (full 0):
 garbage-first heap   total 187392K, used 127552K [0x0000000700000000, 0x0000000800000000)
  region size 1024K, 17 young (17408K), 4 survivors (4096K)
 Metaspace       used 133154K, capacity 139000K, committed 139352K, reserved 1167360K
  class space    used 18437K, capacity 21275K, committed 21376K, reserved 1048576K
}
Event: 261.163 GC heap after
{Heap after GC invocations=49 (full 0):
 garbage-first heap   total 187392K, used 115128K [0x0000000700000000, 0x0000000800000000)
  region size 1024K, 4 young (4096K), 4 survivors (4096K)
 Metaspace       used 133154K, capacity 139000K, committed 139352K, reserved 1167360K
  class space    used 18437K, capacity 21275K, committed 21376K, reserved 1048576K
}
Event: 261.843 GC heap before
{Heap before GC invocations=50 (full 0):
 garbage-first heap   total 187392K, used 160184K [0x0000000700000000, 0x0000000800000000)
  region size 1024K, 44 young (45056K), 4 survivors (4096K)
 Metaspace       used 143497K, capacity 149665K, committed 149976K, reserved 1175552K
  class space    used 19929K, capacity 22973K, committed 23040K, reserved 1048576K
}
Event: 261.849 GC heap after
{Heap after GC invocations=51 (full 0):
 garbage-first heap   total 225280K, used 119122K [0x0000000700000000, 0x0000000800000000)
  region size 1024K, 5 young (5120K), 5 survivors (5120K)
 Metaspace       used 143497K, capacity 149665K, committed 149976K, reserved 1175552K
  class space    used 19929K, capacity 22973K, committed 23040K, reserved 1048576K
}
Event: 442.029 GC heap before
{Heap before GC invocations=51 (full 0):
 garbage-first heap   total 225280K, used 147794K [0x0000000700000000, 0x0000000800000000)
  region size 1024K, 34 young (34816K), 5 survivors (5120K)
 Metaspace       used 146923K, capacity 153301K, committed 153432K, reserved 1179648K
  class space    used 20445K, capacity 23613K, committed 23680K, reserved 1048576K
}
Event: 442.037 GC heap after
{Heap after GC invocations=52 (full 0):
 garbage-first heap   total 225280K, used 120847K [0x0000000700000000, 0x0000000800000000)
  region size 1024K, 7 young (7168K), 7 survivors (7168K)
 Metaspace       used 146923K, capacity 153301K, committed 153432K, reserved 1179648K
  class space    used 20445K, capacity 23613K, committed 23680K, reserved 1048576K
}
Event: 442.127 GC heap before
{Heap before GC invocations=53 (full 0):
 garbage-first heap   total 225280K, used 139279K [0x0000000700000000, 0x0000000800000000)
  region size 1024K, 17 young (17408K), 7 survivors (7168K)
 Metaspace       used 147238K, capacity 153714K, committed 153816K, reserved 1179648K
  class space    used 20534K, capacity 23742K, committed 23808K, reserved 1048576K
}
Event: 442.134 GC heap after
{Heap after GC invocations=54 (full 0):
 garbage-first heap   total 225280K, used 117812K [0x0000000700000000, 0x0000000800000000)
  region size 1024K, 5 young (5120K), 5 survivors (5120K)
 Metaspace       used 147238K, capacity 153714K, committed 153816K, reserved 1179648K
  class space    used 20534K, capacity 23742K, committed 23808K, reserved 1048576K
}
Event: 442.228 GC heap before
{Heap before GC invocations=55 (full 0):
 garbage-first heap   total 225280K, used 127028K [0x0000000700000000, 0x0000000800000000)
  region size 1024K, 10 young (10240K), 5 survivors (5120K)
 Metaspace       used 147320K, capacity 153795K, committed 154072K, reserved 1179648K
  class space    used 20536K, capacity 23745K, committed 23808K, reserved 1048576K
}
Event: 442.234 GC heap after
{Heap after GC invocations=56 (full 0):
 garbage-first heap   total 225280K, used 118622K [0x0000000700000000, 0x0000000800000000)
  region size 1024K, 5 young (5120K), 5 survivors (5120K)
 Metaspace       used 147320K, capacity 153795K, committed 154072K, reserved 1179648K
  class space    used 20536K, capacity 23745K, committed 23808K, reserved 1048576K
}
Event: 502.929 GC heap before
{Heap before GC invocations=57 (full 0):
 garbage-first heap   total 225280K, used 154462K [0x0000000700000000, 0x0000000800000000)
  region size 1024K, 37 young (37888K), 5 survivors (5120K)
 Metaspace       used 150531K, capacity 157292K, committed 157400K, reserved 1181696K
  class space    used 21125K, capacity 24517K, committed 24576K, reserved 1048576K
}
Event: 502.937 GC heap after
{Heap after GC invocations=58 (full 0):
 garbage-first heap   total 225280K, used 119084K [0x0000000700000000, 0x0000000800000000)
  region size 1024K, 6 young (6144K), 6 survivors (6144K)
 Metaspace       used 150531K, capacity 157292K, committed 157400K, reserved 1181696K
  class space    used 21125K, capacity 24517K, committed 24576K, reserved 1048576K
}
Event: 503.293 GC heap before
{Heap before GC invocations=59 (full 0):
 garbage-first heap   total 225280K, used 156972K [0x0000000700000000, 0x0000000800000000)
  region size 1024K, 35 young (35840K), 6 survivors (6144K)
 Metaspace       used 153351K, capacity 160587K, committed 160728K, reserved 1185792K
  class space    used 21494K, capacity 25033K, committed 25088K, reserved 1048576K
}
Event: 503.301 GC heap after
{Heap after GC invocations=60 (full 0):
 garbage-first heap   total 225280K, used 120524K [0x0000000700000000, 0x0000000800000000)
  region size 1024K, 5 young (5120K), 5 survivors (5120K)
 Metaspace       used 153351K, capacity 160587K, committed 160728K, reserved 1185792K
  class space    used 21494K, capacity 25033K, committed 25088K, reserved 1048576K
}

Deoptimization events (20 events):
Event: 503.120 Thread 0x00007f6da8002800 Uncommon trap: trap_request=0xffffffbe fr.pc=0x00007f6e10750a58 relative=0x0000000000006658
Event: 503.120 Thread 0x00007f6da8002800 Uncommon trap: reason=profile_predicate action=maybe_recompile pc=0x00007f6e10750a58 method=org.apache.xbean.asm9.ClassReader.readCode(Lorg/apache/xbean/asm9/MethodVisitor;Lorg/apache/xbean/asm9/Context;I)V @ 2190 c2
Event: 503.120 Thread 0x00007f6da8002800 DEOPT PACKING pc=0x00007f6e10750a58 sp=0x00007f6df16a8eb0
Event: 503.120 Thread 0x00007f6da8002800 DEOPT UNPACKING pc=0x00007f6e0880eea5 sp=0x00007f6df16a8e00 mode 2
Event: 503.120 Thread 0x00007f6da8002800 Uncommon trap: trap_request=0xffffffbe fr.pc=0x00007f6e10750a58 relative=0x0000000000006658
Event: 503.120 Thread 0x00007f6da8002800 Uncommon trap: reason=profile_predicate action=maybe_recompile pc=0x00007f6e10750a58 method=org.apache.xbean.asm9.ClassReader.readCode(Lorg/apache/xbean/asm9/MethodVisitor;Lorg/apache/xbean/asm9/Context;I)V @ 2190 c2
Event: 503.120 Thread 0x00007f6da8002800 DEOPT PACKING pc=0x00007f6e10750a58 sp=0x00007f6df16a8eb0
Event: 503.120 Thread 0x00007f6da8002800 DEOPT UNPACKING pc=0x00007f6e0880eea5 sp=0x00007f6df16a8e00 mode 2
Event: 503.542 Thread 0x00007f6d78007000 Uncommon trap: trap_request=0xffffff4d fr.pc=0x00007f6e10785178 relative=0x0000000000001bd8
Event: 503.542 Thread 0x00007f6d78007000 Uncommon trap: reason=unstable_if action=reinterpret pc=0x00007f6e10785178 method=jdk.internal.org.objectweb.asm.Type.getArgumentsAndReturnSizes(Ljava/lang/String;)I @ 112 c2
Event: 503.542 Thread 0x00007f6d78007000 DEOPT PACKING pc=0x00007f6e10785178 sp=0x00007f6d03ffc1c0
Event: 503.542 Thread 0x00007f6d78007000 DEOPT UNPACKING pc=0x00007f6e0880eea5 sp=0x00007f6d03ffc0e8 mode 2
Event: 503.542 Thread 0x00007f6d78007000 Uncommon trap: trap_request=0xffffff4d fr.pc=0x00007f6e1062b548 relative=0x0000000000000528
Event: 503.542 Thread 0x00007f6d78007000 Uncommon trap: reason=unstable_if action=reinterpret pc=0x00007f6e1062b548 method=jdk.internal.org.objectweb.asm.Type.getArgumentsAndReturnSizes(Ljava/lang/String;)I @ 112 c2
Event: 503.542 Thread 0x00007f6d78007000 DEOPT PACKING pc=0x00007f6e1062b548 sp=0x00007f6d03ffc110
Event: 503.542 Thread 0x00007f6d78007000 DEOPT UNPACKING pc=0x00007f6e0880eea5 sp=0x00007f6d03ffc0d0 mode 2
Event: 503.542 Thread 0x00007f6d78007000 Uncommon trap: trap_request=0xffffff4d fr.pc=0x00007f6e1079b134 relative=0x0000000000001914
Event: 503.542 Thread 0x00007f6d78007000 Uncommon trap: reason=unstable_if action=reinterpret pc=0x00007f6e1079b134 method=jdk.internal.org.objectweb.asm.Type.getArgumentsAndReturnSizes(Ljava/lang/String;)I @ 112 c2
Event: 503.542 Thread 0x00007f6d78007000 DEOPT PACKING pc=0x00007f6e1079b134 sp=0x00007f6d03ffc270
Event: 503.542 Thread 0x00007f6d78007000 DEOPT UNPACKING pc=0x00007f6e0880eea5 sp=0x00007f6d03ffc0d8 mode 2

Classes redefined (0 events):
No events

Internal exceptions (20 events):
Event: 503.352 Thread 0x00007f6d78007000 Exception <a 'java/lang/NoSuchMethodError'{0x000000070d651da8}: 'java.lang.Object java.lang.invoke.DirectMethodHandle$Holder.invokeStatic(java.lang.Object, java.lang.Object, java.lang.Object, java.lang.Object, java.lang.Object, java.lang.Object, java.lang.Object, java.lang.Object, java.lang.Object, java.lang.Object, java.lang.Object, java.lang.Object, java.lang.Object, java.lang.Object, java.lang.Object, java.lang.Object, java.lang.Object, java.lang.Object, java.lang.Object, java.lang.Object, java.lang.Obj
Event: 503.353 Thread 0x00007f6d78007000 Exception <a 'java/lang/NoSuchMethodError'{0x000000070d6596f0}: 'java.lang.Object java.lang.invoke.DirectMethodHandle$Holder.invokeStatic(java.lang.Object, java.lang.Object, java.lang.Object, java.lang.Object, java.lang.Object, java.lang.Object, java.lang.Object, java.lang.Object, java.lang.Object, java.lang.Object, java.lang.Object, java.lang.Object, java.lang.Object, java.lang.Object, java.lang.Object, java.lang.Object, java.lang.Object, java.lang.Object, java.lang.Object, java.lang.Object, java.lang.Obj
Event: 503.354 Thread 0x00007f6d78007000 Exception <a 'java/lang/NoSuchMethodError'{0x000000070d661748}: 'java.lang.Object java.lang.invoke.DirectMethodHandle$Holder.invokeStatic(java.lang.Object, java.lang.Object, java.lang.Object, java.lang.Object, java.lang.Object, java.lang.Object, java.lang.Object, java.lang.Object, java.lang.Object, java.lang.Object, java.lang.Object, java.lang.Object, java.lang.Object, java.lang.Object, java.lang.Object, java.lang.Object, java.lang.Object, java.lang.Object, java.lang.Object, java.lang.Object, java.lang.Obj
Event: 503.354 Thread 0x00007f6d78007000 Exception <a 'java/lang/NoSuchMethodError'{0x000000070d669a20}: 'java.lang.Object java.lang.invoke.DirectMethodHandle$Holder.invokeStatic(java.lang.Object, java.lang.Object, java.lang.Object, java.lang.Object, java.lang.Object, java.lang.Object, java.lang.Object, java.lang.Object, java.lang.Object, java.lang.Object, java.lang.Object, java.lang.Object, java.lang.Object, java.lang.Object, java.lang.Object, java.lang.Object, java.lang.Object, java.lang.Object, java.lang.Object, java.lang.Object, java.lang.Obj
Event: 503.357 Thread 0x00007f6d78007000 Exception <a 'java/lang/NoSuchMethodError'{0x000000070d6db710}: 'java.lang.Object java.lang.invoke.DirectMethodHandle$Holder.invokeSpecial(java.lang.Object, java.lang.Object, java.lang.Object, java.lang.Object, java.lang.Object, java.lang.Object, java.lang.Object, java.lang.Object, java.lang.Object, java.lang.Object, java.lang.Object, java.lang.Object, java.lang.Object, java.lang.Object, java.lang.Object, java.lang.Object, java.lang.Object, java.lang.Object, java.lang.Object, java.lang.Object, java.lang.Ob
Event: 503.358 Thread 0x00007f6d78007000 Exception <a 'java/lang/NoSuchMethodError'{0x000000070d6e45b0}: 'java.lang.Object java.lang.invoke.DelegatingMethodHandle$Holder.delegate(java.lang.Object, java.lang.Object, java.lang.Object, java.lang.Object, java.lang.Object, java.lang.Object, java.lang.Object, java.lang.Object, java.lang.Object, java.lang.Object, java.lang.Object, java.lang.Object, java.lang.Object, java.lang.Object, java.lang.Object, java.lang.Object, java.lang.Object, java.lang.Object, java.lang.Object, java.lang.Object, java.lang.Obj
Event: 503.360 Thread 0x00007f6d78007000 Exception <a 'java/lang/NoSuchMethodError'{0x000000070d574cc8}: 'java.lang.Object java.lang.invoke.DelegatingMethodHandle$Holder.reinvoke_L(java.lang.Object, java.lang.Object, java.lang.Object, java.lang.Object, java.lang.Object, java.lang.Object, java.lang.Object, java.lang.Object, java.lang.Object, java.lang.Object, java.lang.Object, java.lang.Object, java.lang.Object, java.lang.Object, java.lang.Object, java.lang.Object, java.lang.Object, java.lang.Object, java.lang.Object, java.lang.Object, java.lang.O
Event: 503.365 Thread 0x00007f6d78007000 Exception <a 'java/lang/NoSuchMethodError'{0x000000070d4dae40}: 'java.lang.Object java.lang.invoke.Invokers$Holder.invoker(java.lang.Object, java.lang.Object, java.lang.Object, java.lang.Object, java.lang.Object, java.lang.Object, java.lang.Object, java.lang.Object, java.lang.Object, java.lang.Object, java.lang.Object, java.lang.Object, java.lang.Object, java.lang.Object, java.lang.Object, java.lang.Object, java.lang.Object, java.lang.Object, java.lang.Object, java.lang.Object, java.lang.Object, java.lang.
Event: 503.365 Thread 0x00007f6d78007000 Exception <a 'java/lang/NoSuchMethodError'{0x000000070d4e5b50}: 'java.lang.Object java.lang.invoke.DirectMethodHandle$Holder.invokeSpecial(java.lang.Object, java.lang.Object, java.lang.Object, java.lang.Object, java.lang.Object, java.lang.Object, java.lang.Object, java.lang.Object, java.lang.Object, java.lang.Object, java.lang.Object, java.lang.Object, java.lang.Object, java.lang.Object, java.lang.Object, java.lang.Object, java.lang.Object, java.lang.Object, java.lang.Object, java.lang.Object, java.lang.Ob
Event: 503.365 Thread 0x00007f6d78007000 Exception <a 'java/lang/NoSuchMethodError'{0x000000070d4ef000}: 'java.lang.Object java.lang.invoke.DelegatingMethodHandle$Holder.delegate(java.lang.Object, java.lang.Object, java.lang.Object, java.lang.Object, java.lang.Object, java.lang.Object, java.lang.Object, java.lang.Object, java.lang.Object, java.lang.Object, java.lang.Object, java.lang.Object, java.lang.Object, java.lang.Object, java.lang.Object, java.lang.Object, java.lang.Object, java.lang.Object, java.lang.Object, java.lang.Object, java.lang.Obj
Event: 503.375 Thread 0x00007f6d78007000 Exception <a 'java/lang/NoSuchMethodError'{0x000000070d3a7b20}: 'java.lang.Object java.lang.invoke.DelegatingMethodHandle$Holder.reinvoke_L(java.lang.Object, java.lang.Object, int, java.lang.Object, java.lang.Object, java.lang.Object, java.lang.Object)'> (0x000000070d3a7b20) thrown at [./src/hotspot/share/interpreter/linkResolver.cpp, line 772]
Event: 503.378 Thread 0x00007f6d78007000 Exception <a 'java/lang/NoSuchMethodError'{0x000000070d22c030}: 'java.lang.Object java.lang.invoke.DirectMethodHandle$Holder.invokeSpecial(java.lang.Object, java.lang.Object, java.lang.Object, java.lang.Object, java.lang.Object, java.lang.Object, java.lang.Object, java.lang.Object, java.lang.Object, java.lang.Object, java.lang.Object, java.lang.Object, java.lang.Object, java.lang.Object, java.lang.Object, java.lang.Object, java.lang.Object, java.lang.Object, java.lang.Object)'> (0x000000070d22c030) thrown 
Event: 503.379 Thread 0x00007f6d78007000 Exception <a 'java/lang/NoSuchMethodError'{0x000000070d231dc0}: 'java.lang.Object java.lang.invoke.DelegatingMethodHandle$Holder.reinvoke_L(java.lang.Object, java.lang.Object, java.lang.Object, java.lang.Object, java.lang.Object, java.lang.Object, java.lang.Object, java.lang.Object, java.lang.Object, java.lang.Object, java.lang.Object, java.lang.Object, java.lang.Object, java.lang.Object, java.lang.Object, java.lang.Object, java.lang.Object, java.lang.Object)'> (0x000000070d231dc0) thrown at [./src/hotspot
Event: 503.379 Thread 0x00007f6d78007000 Exception <a 'java/lang/NoSuchMethodError'{0x000000070d2595b8}: 'java.lang.Object java.lang.invoke.Invokers$Holder.invoker(java.lang.Object, java.lang.Object, java.lang.Object, java.lang.Object, java.lang.Object, java.lang.Object, java.lang.Object, java.lang.Object, java.lang.Object, java.lang.Object, java.lang.Object, java.lang.Object, java.lang.Object, java.lang.Object, java.lang.Object, java.lang.Object, java.lang.Object, java.lang.Object, java.lang.Object)'> (0x000000070d2595b8) thrown at [./src/hotspo
Event: 503.380 Thread 0x00007f6d78007000 Exception <a 'java/lang/NoSuchMethodError'{0x000000070d25f680}: 'java.lang.Object java.lang.invoke.DirectMethodHandle$Holder.invokeSpecial(java.lang.Object, java.lang.Object, java.lang.Object, java.lang.Object, java.lang.Object, java.lang.Object, java.lang.Object, java.lang.Object, java.lang.Object, java.lang.Object, java.lang.Object, java.lang.Object, java.lang.Object, java.lang.Object, java.lang.Object, java.lang.Object, java.lang.Object, java.lang.Object, java.lang.Object, java.lang.Object)'> (0x0000000
Event: 503.380 Thread 0x00007f6d78007000 Exception <a 'java/lang/NoSuchMethodError'{0x000000070d264848}: 'java.lang.Object java.lang.invoke.DelegatingMethodHandle$Holder.delegate(java.lang.Object, java.lang.Object, java.lang.Object, java.lang.Object, java.lang.Object, java.lang.Object, java.lang.Object, java.lang.Object, java.lang.Object, java.lang.Object, java.lang.Object, java.lang.Object, java.lang.Object, java.lang.Object, java.lang.Object, java.lang.Object, java.lang.Object, java.lang.Object, java.lang.Object)'> (0x000000070d264848) thrown a
Event: 503.380 Thread 0x00007f6d78007000 Exception <a 'java/lang/NoSuchMethodError'{0x000000070d279928}: 'java.lang.Object java.lang.invoke.Invokers$Holder.invoker(java.lang.Object, java.lang.Object, java.lang.Object, java.lang.Object, java.lang.Object)'> (0x000000070d279928) thrown at [./src/hotspot/share/interpreter/linkResolver.cpp, line 772]
Event: 503.451 Thread 0x00007f6d78007000 Exception <a 'java/lang/NoSuchMethodError'{0x000000070ced4568}: 'java.lang.Object java.lang.invoke.DirectMethodHandle$Holder.invokeStatic(java.lang.Object, int, java.lang.Object, java.lang.Object, java.lang.Object, java.lang.Object, java.lang.Object, java.lang.Object)'> (0x000000070ced4568) thrown at [./src/hotspot/share/interpreter/linkResolver.cpp, line 772]
Event: 503.452 Thread 0x00007f6d78007000 Exception <a 'java/lang/NoSuchMethodError'{0x000000070ceddfd0}: 'java.lang.Object java.lang.invoke.DirectMethodHandle$Holder.invokeStatic(java.lang.Object, int, java.lang.Object, java.lang.Object, java.lang.Object, java.lang.Object, java.lang.Object)'> (0x000000070ceddfd0) thrown at [./src/hotspot/share/interpreter/linkResolver.cpp, line 772]
Event: 503.459 Thread 0x00007f6d78007000 Exception <a 'java/lang/NoSuchMethodError'{0x000000070cd2e8d8}: 'void java.lang.invoke.DirectMethodHandle$Holder.invokeStatic(java.lang.Object, java.lang.Object, double)'> (0x000000070cd2e8d8) thrown at [./src/hotspot/share/interpreter/linkResolver.cpp, line 772]

Events (20 events):
Event: 503.544 loading class scala/Function0
Event: 503.544 loading class scala/Function0 done
Event: 503.544 loading class scala/Function0
Event: 503.544 loading class scala/Function0 done
Event: 503.544 loading class org/apache/spark/ml/stat/SummarizerBuffer
Event: 503.544 loading class org/apache/spark/ml/stat/SummarizerBuffer done
Event: 503.545 loading class org/apache/spark/ml/stat/SummarizerBuffer
Event: 503.545 loading class org/apache/spark/ml/stat/SummarizerBuffer done
Event: 503.545 loading class scala/Tuple2
Event: 503.545 loading class scala/Tuple2 done
Event: 503.545 loading class scala/Tuple2
Event: 503.545 loading class scala/Tuple2 done
Event: 503.545 loading class scala/Function1
Event: 503.545 loading class scala/Function1 done
Event: 503.638 loading class org/apache/iceberg/ContentFile
Event: 503.638 loading class org/apache/iceberg/ContentFile done
Event: 503.638 loading class org/apache/iceberg/ContentFile
Event: 503.638 loading class org/apache/iceberg/ContentFile done
Event: 503.638 loading class org/apache/logging/log4j/message/ParameterizedMessage
Event: 503.638 loading class org/apache/logging/log4j/message/ParameterizedMessage done


Dynamic libraries:
700000000-70da00000 rw-p 00000000 00:00 0 
70da00000-7ffe00000 ---p 00000000 00:00 0 
7ffe00000-7ffe48000 rw-p 00b14000 08:30 422983                           /usr/lib/jvm/java-11-openjdk-amd64/lib/server/classes.jsa
7ffe48000-7fff00000 rw-p 00000000 00:00 0 
7fff00000-7fff6c000 rw-p 00aa8000 08:30 422983                           /usr/lib/jvm/java-11-openjdk-amd64/lib/server/classes.jsa
7fff6c000-800000000 rw-p 00000000 00:00 0 
800000000-800002000 rwxp 00001000 08:30 422983                           /usr/lib/jvm/java-11-openjdk-amd64/lib/server/classes.jsa
800002000-8003ce000 rw-p 00003000 08:30 422983                           /usr/lib/jvm/java-11-openjdk-amd64/lib/server/classes.jsa
8003ce000-800aa6000 r--p 003cf000 08:30 422983                           /usr/lib/jvm/java-11-openjdk-amd64/lib/server/classes.jsa
800aa6000-800aa7000 rw-p 00aa7000 08:30 422983                           /usr/lib/jvm/java-11-openjdk-amd64/lib/server/classes.jsa
840000000-8418e0000 rw-p 00000000 00:00 0 
8418e0000-880000000 ---p 00000000 00:00 0 
5603f032f000-5603f0330000 r--p 00000000 08:30 424198                     /usr/lib/jvm/java-11-openjdk-amd64/bin/java
5603f0330000-5603f0331000 r-xp 00001000 08:30 424198                     /usr/lib/jvm/java-11-openjdk-amd64/bin/java
5603f0331000-5603f0332000 r--p 00002000 08:30 424198                     /usr/lib/jvm/java-11-openjdk-amd64/bin/java
5603f0332000-5603f0333000 r--p 00002000 08:30 424198                     /usr/lib/jvm/java-11-openjdk-amd64/bin/java
5603f0333000-5603f0334000 rw-p 00003000 08:30 424198                     /usr/lib/jvm/java-11-openjdk-amd64/bin/java
560408c4e000-560408c90000 rw-p 00000000 00:00 0                          [heap]
7f6cf3792000-7f6cf4000000 rw-p 00000000 00:00 0 
7f6cf4000000-7f6cf4b3b000 rw-p 00000000 00:00 0 
7f6cf4b3b000-7f6cf8000000 ---p 00000000 00:00 0 
7f6cf8003000-7f6cf8203000 rw-p 00000000 00:00 0 
7f6cf8203000-7f6cf8403000 rw-p 00000000 00:00 0 
7f6cf8403000-7f6cf8407000 ---p 00000000 00:00 0 
7f6cf8407000-7f6cf8905000 rw-p 00000000 00:00 0 
7f6cf8905000-7f6cf8909000 ---p 00000000 00:00 0 
7f6cf8909000-7f6cf8a06000 rw-p 00000000 00:00 0 
7f6cf8a06000-7f6cf8a0a000 ---p 00000000 00:00 0 
7f6cf8a0a000-7f6cf8b07000 rw-p 00000000 00:00 0 
7f6cf8b07000-7f6cf8b0b000 ---p 00000000 00:00 0 
7f6cf8b0b000-7f6cf8c08000 rw-p 00000000 00:00 0 
7f6cf8c08000-7f6cf8c0c000 ---p 00000000 00:00 0 
7f6cf8c0c000-7f6cf8d09000 rw-p 00000000 00:00 0 
7f6cf8d09000-7f6cf8d0d000 ---p 00000000 00:00 0 
7f6cf8d0d000-7f6cf8e0a000 rw-p 00000000 00:00 0 
7f6cf8e0a000-7f6cf8e0e000 ---p 00000000 00:00 0 
7f6cf8e0e000-7f6cf8f0b000 rw-p 00000000 00:00 0 
7f6cf8f0b000-7f6cf8f0f000 ---p 00000000 00:00 0 
7f6cf8f0f000-7f6cf900c000 rw-p 00000000 00:00 0 
7f6cf900c000-7f6cf9010000 ---p 00000000 00:00 0 
7f6cf9010000-7f6cf910d000 rw-p 00000000 00:00 0 
7f6cf910d000-7f6cf9111000 ---p 00000000 00:00 0 
7f6cf9111000-7f6cf920e000 rw-p 00000000 00:00 0 
7f6cf920e000-7f6cf9212000 ---p 00000000 00:00 0 
7f6cf9212000-7f6cf930f000 rw-p 00000000 00:00 0 
7f6cf930f000-7f6cf9313000 ---p 00000000 00:00 0 
7f6cf9313000-7f6cf9410000 rw-p 00000000 00:00 0 
7f6cf9410000-7f6cf9414000 ---p 00000000 00:00 0 
7f6cf9414000-7f6cf9511000 rw-p 00000000 00:00 0 
7f6cf9511000-7f6cf9515000 ---p 00000000 00:00 0 
7f6cf9515000-7f6cf9612000 rw-p 00000000 00:00 0 
7f6cf9612000-7f6cf9616000 ---p 00000000 00:00 0 
7f6cf9616000-7f6cf9713000 rw-p 00000000 00:00 0 
7f6cf9713000-7f6cf9717000 ---p 00000000 00:00 0 
7f6cf9717000-7f6cf9a14000 rw-p 00000000 00:00 0 
7f6cf9a14000-7f6cf9c14000 rw-p 00000000 00:00 0 
7f6cf9c14000-7f6cf9e14000 rw-p 00000000 00:00 0 
7f6cf9e14000-7f6cfa014000 rw-p 00000000 00:00 0 
7f6cfa014000-7f6cfa214000 rw-p 00000000 00:00 0 
7f6cfa214000-7f6cfa414000 rw-p 00000000 00:00 0 
7f6cfa414000-7f6cfa418000 ---p 00000000 00:00 0 
7f6cfa418000-7f6cfab16000 rw-p 00000000 00:00 0 
7f6cfab16000-7f6cfad16000 rw-p 00000000 00:00 0 
7f6cfad16000-7f6cfae00000 r-xp 00000000 08:30 202135                     /tmp/libzstd-jni-1.5.5-43380308174920863042.so (deleted)
7f6cfae00000-7f6cfafff000 ---p 000ea000 08:30 202135                     /tmp/libzstd-jni-1.5.5-43380308174920863042.so (deleted)
7f6cfafff000-7f6cfb000000 rw-p 000e9000 08:30 202135                     /tmp/libzstd-jni-1.5.5-43380308174920863042.so (deleted)
7f6cfb000000-7f6cfb200000 rw-p 00000000 00:00 0 
7f6cfb200000-7f6cfb400000 rw-p 00000000 00:00 0 
7f6cfb400000-7f6cfb600000 rw-p 00000000 00:00 0 
7f6cfb600000-7f6cfb800000 rw-p 00000000 00:00 0 
7f6cfb800000-7f6cfba00000 rw-p 00000000 00:00 0 
7f6cfba00000-7f6cfbc00000 rw-p 00000000 00:00 0 
7f6cfbc00000-7f6cfbe00000 rw-p 00000000 00:00 0 
7f6cfbe00000-7f6cfc000000 rw-p 00000000 00:00 0 
7f6cfc000000-7f6cfc0eb000 rw-p 00000000 00:00 0 
7f6cfc0eb000-7f6d00000000 ---p 00000000 00:00 0 
7f6d00083000-7f6d00283000 rw-p 00000000 00:00 0 
7f6d00283000-7f6d002a7000 r-xp 00000000 08:30 202130                     /tmp/liblz4-java-13820102199163812354.so
7f6d002a7000-7f6d004a6000 ---p 00024000 08:30 202130                     /tmp/liblz4-java-13820102199163812354.so
7f6d004a6000-7f6d004a7000 rw-p 00023000 08:30 202130                     /tmp/liblz4-java-13820102199163812354.so
7f6d004a7000-7f6d006a7000 rw-p 00000000 00:00 0 
7f6d006a7000-7f6d008a7000 rw-p 00000000 00:00 0 
7f6d008a7000-7f6d008e9000 r-xp 00000000 08:30 202127                     /tmp/snappy-1.1.10-bfaeba61-c747-4927-a752-2068c198119d-libsnappyjava.so
7f6d008e9000-7f6d00ae8000 ---p 00042000 08:30 202127                     /tmp/snappy-1.1.10-bfaeba61-c747-4927-a752-2068c198119d-libsnappyjava.so
7f6d00ae8000-7f6d00aeb000 rw-p 00041000 08:30 202127                     /tmp/snappy-1.1.10-bfaeba61-c747-4927-a752-2068c198119d-libsnappyjava.so
7f6d00aeb000-7f6d00cfd000 rw-p 00000000 00:00 0 
7f6d00cfd000-7f6d00efd000 rw-p 00000000 00:00 0 
7f6d00efd000-7f6d010fd000 rw-p 00000000 00:00 0 
7f6d010fd000-7f6d012fd000 rw-p 00000000 00:00 0 
7f6d012fd000-7f6d01301000 ---p 00000000 00:00 0 
7f6d01301000-7f6d015fe000 rw-p 00000000 00:00 0 
7f6d015fe000-7f6d017fe000 rw-p 00000000 00:00 0 
7f6d017fe000-7f6d019fe000 rw-p 00000000 00:00 0 
7f6d019fe000-7f6d01bfe000 rw-p 00000000 00:00 0 
7f6d01bfe000-7f6d01dfe000 rw-p 00000000 00:00 0 
7f6d01dfe000-7f6d01ffe000 rw-p 00000000 00:00 0 
7f6d01ffe000-7f6d021fe000 rw-p 00000000 00:00 0 
7f6d021fe000-7f6d023fe000 rw-p 00000000 00:00 0 
7f6d023fe000-7f6d025fe000 rw-p 00000000 00:00 0 
7f6d025fe000-7f6d027fe000 rw-p 00000000 00:00 0 
7f6d027fe000-7f6d029fe000 rw-p 00000000 00:00 0 
7f6d029fe000-7f6d02bfe000 rw-p 00000000 00:00 0 
7f6d02bfe000-7f6d02c02000 ---p 00000000 00:00 0 
7f6d02c02000-7f6d02eff000 rw-p 00000000 00:00 0 
7f6d02eff000-7f6d030ff000 rw-p 00000000 00:00 0 
7f6d030ff000-7f6d032ff000 rw-p 00000000 00:00 0 
7f6d032ff000-7f6d034ff000 rw-p 00000000 00:00 0 
7f6d034ff000-7f6d036ff000 rw-p 00000000 00:00 0 
7f6d036ff000-7f6d038ff000 rw-p 00000000 00:00 0 
7f6d038ff000-7f6d03aff000 rw-p 00000000 00:00 0 
7f6d03aff000-7f6d03cff000 rw-p 00000000 00:00 0 
7f6d03cff000-7f6d03eff000 rw-p 00000000 00:00 0 
7f6d03eff000-7f6d03f03000 ---p 00000000 00:00 0 
7f6d03f03000-7f6d04000000 rw-p 00000000 00:00 0 
7f6d04000000-7f6d04021000 rw-p 00000000 00:00 0 
7f6d04021000-7f6d08000000 ---p 00000000 00:00 0 
7f6d08000000-7f6d0805a000 rw-p 00000000 00:00 0 
7f6d0805a000-7f6d0c000000 ---p 00000000 00:00 0 
7f6d0c000000-7f6d0c021000 rw-p 00000000 00:00 0 
7f6d0c021000-7f6d10000000 ---p 00000000 00:00 0 
7f6d10000000-7f6d10021000 rw-p 00000000 00:00 0 
7f6d10021000-7f6d14000000 ---p 00000000 00:00 0 
7f6d14000000-7f6d140a5000 rw-p 00000000 00:00 0 
7f6d140a5000-7f6d18000000 ---p 00000000 00:00 0 
7f6d18000000-7f6d18021000 rw-p 00000000 00:00 0 
7f6d18021000-7f6d1c000000 ---p 00000000 00:00 0 
7f6d1c000000-7f6d1c021000 rw-p 00000000 00:00 0 
7f6d1c021000-7f6d20000000 ---p 00000000 00:00 0 
7f6d20000000-7f6d20021000 rw-p 00000000 00:00 0 
7f6d20021000-7f6d24000000 ---p 00000000 00:00 0 
7f6d24000000-7f6d24021000 rw-p 00000000 00:00 0 
7f6d24021000-7f6d28000000 ---p 00000000 00:00 0 
7f6d28000000-7f6d28021000 rw-p 00000000 00:00 0 
7f6d28021000-7f6d2c000000 ---p 00000000 00:00 0 
7f6d2c000000-7f6d2c021000 rw-p 00000000 00:00 0 
7f6d2c021000-7f6d30000000 ---p 00000000 00:00 0 
7f6d30000000-7f6d30021000 rw-p 00000000 00:00 0 
7f6d30021000-7f6d34000000 ---p 00000000 00:00 0 
7f6d34000000-7f6d34021000 rw-p 00000000 00:00 0 
7f6d34021000-7f6d38000000 ---p 00000000 00:00 0 
7f6d38000000-7f6d38021000 rw-p 00000000 00:00 0 
7f6d38021000-7f6d3c000000 ---p 00000000 00:00 0 
7f6d3c000000-7f6d3c021000 rw-p 00000000 00:00 0 
7f6d3c021000-7f6d40000000 ---p 00000000 00:00 0 
7f6d40000000-7f6d40021000 rw-p 00000000 00:00 0 
7f6d40021000-7f6d44000000 ---p 00000000 00:00 0 
7f6d44000000-7f6d44021000 rw-p 00000000 00:00 0 
7f6d44021000-7f6d48000000 ---p 00000000 00:00 0 
7f6d48000000-7f6d48021000 rw-p 00000000 00:00 0 
7f6d48021000-7f6d4c000000 ---p 00000000 00:00 0 
7f6d4c000000-7f6d4c021000 rw-p 00000000 00:00 0 
7f6d4c021000-7f6d50000000 ---p 00000000 00:00 0 
7f6d50000000-7f6d50021000 rw-p 00000000 00:00 0 
7f6d50021000-7f6d54000000 ---p 00000000 00:00 0 
7f6d54000000-7f6d54021000 rw-p 00000000 00:00 0 
7f6d54021000-7f6d58000000 ---p 00000000 00:00 0 
7f6d58000000-7f6d58021000 rw-p 00000000 00:00 0 
7f6d58021000-7f6d5c000000 ---p 00000000 00:00 0 
7f6d5c000000-7f6d5c021000 rw-p 00000000 00:00 0 
7f6d5c021000-7f6d60000000 ---p 00000000 00:00 0 
7f6d60000000-7f6d60021000 rw-p 00000000 00:00 0 
7f6d60021000-7f6d64000000 ---p 00000000 00:00 0 
7f6d64000000-7f6d64021000 rw-p 00000000 00:00 0 
7f6d64021000-7f6d68000000 ---p 00000000 00:00 0 
7f6d68000000-7f6d68021000 rw-p 00000000 00:00 0 
7f6d68021000-7f6d6c000000 ---p 00000000 00:00 0 
7f6d6c000000-7f6d6c021000 rw-p 00000000 00:00 0 
7f6d6c021000-7f6d70000000 ---p 00000000 00:00 0 
7f6d70000000-7f6d7005f000 rw-p 00000000 00:00 0 
7f6d7005f000-7f6d74000000 ---p 00000000 00:00 0 
7f6d74000000-7f6d74021000 rw-p 00000000 00:00 0 
7f6d74021000-7f6d78000000 ---p 00000000 00:00 0 
7f6d78000000-7f6d78021000 rw-p 00000000 00:00 0 
7f6d78021000-7f6d7c000000 ---p 00000000 00:00 0 
7f6d7c000000-7f6d7c021000 rw-p 00000000 00:00 0 
7f6d7c021000-7f6d80000000 ---p 00000000 00:00 0 
7f6d80000000-7f6d80021000 rw-p 00000000 00:00 0 
7f6d80021000-7f6d84000000 ---p 00000000 00:00 0 
7f6d84000000-7f6d84021000 rw-p 00000000 00:00 0 
7f6d84021000-7f6d88000000 ---p 00000000 00:00 0 
7f6d88000000-7f6d88021000 rw-p 00000000 00:00 0 
7f6d88021000-7f6d8c000000 ---p 00000000 00:00 0 
7f6d8c000000-7f6d8c021000 rw-p 00000000 00:00 0 
7f6d8c021000-7f6d90000000 ---p 00000000 00:00 0 
7f6d900f8000-7f6d902ee000 rw-p 00000000 00:00 0 
7f6d902ee000-7f6d902f8000 ---p 00000000 00:00 0 
7f6d902f8000-7f6d902fc000 ---p 00000000 00:00 0 
7f6d902fc000-7f6d905f9000 rw-p 00000000 00:00 0 
7f6d905f9000-7f6d905fd000 ---p 00000000 00:00 0 
7f6d905fd000-7f6d906fa000 rw-p 00000000 00:00 0 
7f6d906fa000-7f6d906fe000 ---p 00000000 00:00 0 
7f6d906fe000-7f6d907fb000 rw-p 00000000 00:00 0 
7f6d907fb000-7f6d907ff000 ---p 00000000 00:00 0 
7f6d907ff000-7f6d908fc000 rw-p 00000000 00:00 0 
7f6d908fc000-7f6d90900000 ---p 00000000 00:00 0 
7f6d90900000-7f6d90bfd000 rw-p 00000000 00:00 0 
7f6d90bfd000-7f6d90bfe000 ---p 00000000 00:00 0 
7f6d90bfe000-7f6d90cfe000 rw-p 00000000 00:00 0 
7f6d90cfe000-7f6d90d02000 ---p 00000000 00:00 0 
7f6d90d02000-7f6d90dff000 rw-p 00000000 00:00 0 
7f6d90dff000-7f6d90e03000 ---p 00000000 00:00 0 
7f6d90e03000-7f6d90f00000 rw-p 00000000 00:00 0 
7f6d90f00000-7f6d90f04000 ---p 00000000 00:00 0 
7f6d90f04000-7f6d91001000 rw-p 00000000 00:00 0 
7f6d91001000-7f6d91005000 ---p 00000000 00:00 0 
7f6d91005000-7f6d91302000 rw-p 00000000 00:00 0 
7f6d91302000-7f6d91306000 ---p 00000000 00:00 0 
7f6d91306000-7f6d91403000 rw-p 00000000 00:00 0 
7f6d91403000-7f6d91407000 ---p 00000000 00:00 0 
7f6d91407000-7f6d91504000 rw-p 00000000 00:00 0 
7f6d91504000-7f6d91508000 ---p 00000000 00:00 0 
7f6d91508000-7f6d91605000 rw-p 00000000 00:00 0 
7f6d91605000-7f6d91609000 ---p 00000000 00:00 0 
7f6d91609000-7f6d91706000 rw-p 00000000 00:00 0 
7f6d91706000-7f6d9170a000 ---p 00000000 00:00 0 
7f6d9170a000-7f6d91807000 rw-p 00000000 00:00 0 
7f6d91807000-7f6d9180b000 ---p 00000000 00:00 0 
7f6d9180b000-7f6d91908000 rw-p 00000000 00:00 0 
7f6d91908000-7f6d9190c000 ---p 00000000 00:00 0 
7f6d9190c000-7f6d91a09000 rw-p 00000000 00:00 0 
7f6d91a09000-7f6d91a0d000 ---p 00000000 00:00 0 
7f6d91a0d000-7f6d91b0a000 rw-p 00000000 00:00 0 
7f6d91b0a000-7f6d91b0e000 ---p 00000000 00:00 0 
7f6d91b0e000-7f6d91c0b000 rw-p 00000000 00:00 0 
7f6d91c0b000-7f6d91c0f000 ---p 00000000 00:00 0 
7f6d91c0f000-7f6d91d0c000 rw-p 00000000 00:00 0 
7f6d91d0c000-7f6d91d10000 ---p 00000000 00:00 0 
7f6d91d10000-7f6d91e0d000 rw-p 00000000 00:00 0 
7f6d91e0d000-7f6d91e11000 ---p 00000000 00:00 0 
7f6d91e11000-7f6d91f0e000 rw-p 00000000 00:00 0 
7f6d91f0e000-7f6d91f12000 ---p 00000000 00:00 0 
7f6d91f12000-7f6d9200f000 rw-p 00000000 00:00 0 
7f6d9200f000-7f6d92013000 ---p 00000000 00:00 0 
7f6d92013000-7f6d92310000 rw-p 00000000 00:00 0 
7f6d92310000-7f6d92314000 ---p 00000000 00:00 0 
7f6d92314000-7f6d92411000 rw-p 00000000 00:00 0 
7f6d92411000-7f6d92415000 ---p 00000000 00:00 0 
7f6d92415000-7f6d92712000 rw-p 00000000 00:00 0 
7f6d92712000-7f6d92716000 ---p 00000000 00:00 0 
7f6d92716000-7f6d92813000 rw-p 00000000 00:00 0 
7f6d92813000-7f6d92817000 ---p 00000000 00:00 0 
7f6d92817000-7f6d92914000 rw-p 00000000 00:00 0 
7f6d929ee000-7f6d929f2000 ---p 00000000 00:00 0 
7f6d929f2000-7f6d92aef000 rw-p 00000000 00:00 0 
7f6d92aef000-7f6d92af3000 ---p 00000000 00:00 0 
7f6d92af3000-7f6d92bf0000 rw-p 00000000 00:00 0 
7f6d92bf0000-7f6d92bf4000 ---p 00000000 00:00 0 
7f6d92bf4000-7f6d92cf1000 rw-p 00000000 00:00 0 
7f6d92cf1000-7f6d92cf5000 ---p 00000000 00:00 0 
7f6d92cf5000-7f6d92df2000 rw-p 00000000 00:00 0 
7f6d92df2000-7f6d92df6000 ---p 00000000 00:00 0 
7f6d92df6000-7f6d92ef3000 rw-p 00000000 00:00 0 
7f6d92ef3000-7f6d92ef7000 ---p 00000000 00:00 0 
7f6d92ef7000-7f6d92ff4000 rw-p 00000000 00:00 0 
7f6d92ff4000-7f6d92ff8000 ---p 00000000 00:00 0 
7f6d92ff8000-7f6d930f5000 rw-p 00000000 00:00 0 
7f6d930f5000-7f6d930f9000 ---p 00000000 00:00 0 
7f6d930f9000-7f6d931f6000 rw-p 00000000 00:00 0 
7f6d931f6000-7f6d931fa000 ---p 00000000 00:00 0 
7f6d931fa000-7f6d934f7000 rw-p 00000000 00:00 0 
7f6d934f7000-7f6d934fb000 ---p 00000000 00:00 0 
7f6d934fb000-7f6d935f8000 rw-p 00000000 00:00 0 
7f6d935f8000-7f6d935fc000 ---p 00000000 00:00 0 
7f6d935fc000-7f6d936f9000 rw-p 00000000 00:00 0 
7f6d936f9000-7f6d936fd000 ---p 00000000 00:00 0 
7f6d936fd000-7f6d937fa000 rw-p 00000000 00:00 0 
7f6d937fa000-7f6d937fe000 ---p 00000000 00:00 0 
7f6d937fe000-7f6d938fb000 rw-p 00000000 00:00 0 
7f6d938fb000-7f6d938ff000 ---p 00000000 00:00 0 
7f6d938ff000-7f6d939fc000 rw-p 00000000 00:00 0 
7f6d939fc000-7f6d93a00000 ---p 00000000 00:00 0 
7f6d93a00000-7f6d93afd000 rw-p 00000000 00:00 0 
7f6d93afd000-7f6d93b01000 ---p 00000000 00:00 0 
7f6d93b01000-7f6d93bfe000 rw-p 00000000 00:00 0 
7f6d93bfe000-7f6d93c02000 ---p 00000000 00:00 0 
7f6d93c02000-7f6d93cff000 rw-p 00000000 00:00 0 
7f6d93cff000-7f6d93d03000 ---p 00000000 00:00 0 
7f6d93d03000-7f6d94000000 rw-p 00000000 00:00 0 
7f6d94000000-7f6d94036000 rw-p 00000000 00:00 0 
7f6d94036000-7f6d98000000 ---p 00000000 00:00 0 
7f6d98000000-7f6d98956000 rw-p 00000000 00:00 0 
7f6d98956000-7f6d9c000000 ---p 00000000 00:00 0 
7f6d9c000000-7f6d9c021000 rw-p 00000000 00:00 0 
7f6d9c021000-7f6da0000000 ---p 00000000 00:00 0 
7f6da0000000-7f6da0021000 rw-p 00000000 00:00 0 
7f6da0021000-7f6da4000000 ---p 00000000 00:00 0 
7f6da4000000-7f6da4021000 rw-p 00000000 00:00 0 
7f6da4021000-7f6da8000000 ---p 00000000 00:00 0 
7f6da8000000-7f6da8021000 rw-p 00000000 00:00 0 
7f6da8021000-7f6dac000000 ---p 00000000 00:00 0 
7f6dac000000-7f6dac22f000 rw-p 00000000 00:00 0 
7f6dac22f000-7f6db0000000 ---p 00000000 00:00 0 
7f6db0000000-7f6db3ffe000 rw-p 00000000 00:00 0 
7f6db3ffe000-7f6db4000000 ---p 00000000 00:00 0 
7f6db4000000-7f6db4021000 rw-p 00000000 00:00 0 
7f6db4021000-7f6db8000000 ---p 00000000 00:00 0 
7f6db8000000-7f6db80d3000 rw-p 00000000 00:00 0 
7f6db80d3000-7f6dbc000000 ---p 00000000 00:00 0 
7f6dbc000000-7f6dbc021000 rw-p 00000000 00:00 0 
7f6dbc021000-7f6dc0000000 ---p 00000000 00:00 0 
7f6dc0000000-7f6dc18c0000 rw-p 00000000 00:00 0 
7f6dc18c0000-7f6dc4000000 ---p 00000000 00:00 0 
7f6dc4000000-7f6dc4021000 rw-p 00000000 00:00 0 
7f6dc4021000-7f6dc8000000 ---p 00000000 00:00 0 
7f6dc8000000-7f6dc8021000 rw-p 00000000 00:00 0 
7f6dc8021000-7f6dcc000000 ---p 00000000 00:00 0 
7f6dcc000000-7f6dce0df000 rw-p 00000000 00:00 0 
7f6dce0df000-7f6dd0000000 ---p 00000000 00:00 0 
7f6dd0000000-7f6dd0604000 rw-p 00000000 00:00 0 
7f6dd0604000-7f6dd4000000 ---p 00000000 00:00 0 
7f6dd4000000-7f6dd4021000 rw-p 00000000 00:00 0 
7f6dd4021000-7f6dd8000000 ---p 00000000 00:00 0 
7f6dd8000000-7f6dd8021000 rw-p 00000000 00:00 0 
7f6dd8021000-7f6ddc000000 ---p 00000000 00:00 0 
7f6ddc000000-7f6ddc021000 rw-p 00000000 00:00 0 
7f6ddc021000-7f6de0000000 ---p 00000000 00:00 0 
7f6de0000000-7f6de0021000 rw-p 00000000 00:00 0 
7f6de0021000-7f6de4000000 ---p 00000000 00:00 0 
7f6de4000000-7f6de4021000 rw-p 00000000 00:00 0 
7f6de4021000-7f6de8000000 ---p 00000000 00:00 0 
7f6de8000000-7f6de8316000 rw-p 00000000 00:00 0 
7f6de8316000-7f6dec000000 ---p 00000000 00:00 0 
7f6dec000000-7f6dec021000 rw-p 00000000 00:00 0 
7f6dec021000-7f6df0000000 ---p 00000000 00:00 0 
7f6df001f000-7f6df0023000 r--p 00000000 08:30 365381                     /lib/x86_64-linux-gnu/libresolv-2.31.so
7f6df0023000-7f6df0031000 r-xp 00004000 08:30 365381                     /lib/x86_64-linux-gnu/libresolv-2.31.so
7f6df0031000-7f6df0035000 r--p 00012000 08:30 365381                     /lib/x86_64-linux-gnu/libresolv-2.31.so
7f6df0035000-7f6df0036000 r--p 00015000 08:30 365381                     /lib/x86_64-linux-gnu/libresolv-2.31.so
7f6df0036000-7f6df0037000 rw-p 00016000 08:30 365381                     /lib/x86_64-linux-gnu/libresolv-2.31.so
7f6df0037000-7f6df0039000 rw-p 00000000 00:00 0 
7f6df0039000-7f6df003a000 r--p 00000000 08:30 365364                     /lib/x86_64-linux-gnu/libnss_dns-2.31.so
7f6df003a000-7f6df003e000 r-xp 00001000 08:30 365364                     /lib/x86_64-linux-gnu/libnss_dns-2.31.so
7f6df003e000-7f6df003f000 r--p 00005000 08:30 365364                     /lib/x86_64-linux-gnu/libnss_dns-2.31.so
7f6df003f000-7f6df0040000 r--p 00005000 08:30 365364                     /lib/x86_64-linux-gnu/libnss_dns-2.31.so
7f6df0040000-7f6df0041000 rw-p 00006000 08:30 365364                     /lib/x86_64-linux-gnu/libnss_dns-2.31.so
7f6df004a000-7f6df0052000 r--p 00000000 08:30 424516                     /usr/lib/jvm/java-11-openjdk-amd64/lib/libsunec.so
7f6df0052000-7f6df006b000 r-xp 00008000 08:30 424516                     /usr/lib/jvm/java-11-openjdk-amd64/lib/libsunec.so
7f6df006b000-7f6df0075000 r--p 00021000 08:30 424516                     /usr/lib/jvm/java-11-openjdk-amd64/lib/libsunec.so
7f6df0075000-7f6df0076000 ---p 0002b000 08:30 424516                     /usr/lib/jvm/java-11-openjdk-amd64/lib/libsunec.so
7f6df0076000-7f6df007a000 r--p 0002b000 08:30 424516                     /usr/lib/jvm/java-11-openjdk-amd64/lib/libsunec.so
7f6df007a000-7f6df007c000 rw-p 0002f000 08:30 424516                     /usr/lib/jvm/java-11-openjdk-amd64/lib/libsunec.so
7f6df007c000-7f6df027c000 rw-p 00000000 00:00 0 
7f6df027c000-7f6df027d000 r--p 00000000 08:30 424480                     /usr/lib/jvm/java-11-openjdk-amd64/lib/libjaas.so
7f6df027d000-7f6df027e000 r-xp 00001000 08:30 424480                     /usr/lib/jvm/java-11-openjdk-amd64/lib/libjaas.so
7f6df027e000-7f6df027f000 r--p 00002000 08:30 424480                     /usr/lib/jvm/java-11-openjdk-amd64/lib/libjaas.so
7f6df027f000-7f6df0280000 r--p 00002000 08:30 424480                     /usr/lib/jvm/java-11-openjdk-amd64/lib/libjaas.so
7f6df0280000-7f6df0281000 rw-p 00003000 08:30 424480                     /usr/lib/jvm/java-11-openjdk-amd64/lib/libjaas.so
7f6df0281000-7f6df0481000 rw-p 00000000 00:00 0 
7f6df0481000-7f6df0485000 ---p 00000000 00:00 0 
7f6df0485000-7f6df0582000 rw-p 00000000 00:00 0 
7f6df0582000-7f6df0583000 ---p 00000000 00:00 0 
7f6df0583000-7f6df0683000 rw-p 00000000 00:00 0 
7f6df0683000-7f6df0684000 ---p 00000000 00:00 0 
7f6df0684000-7f6df0784000 rw-p 00000000 00:00 0 
7f6df0784000-7f6df0785000 ---p 00000000 00:00 0 
7f6df0785000-7f6df0885000 rw-p 00000000 00:00 0 
7f6df0885000-7f6df0886000 r--p 00000000 08:30 424467                     /usr/lib/jvm/java-11-openjdk-amd64/lib/libextnet.so
7f6df0886000-7f6df0887000 r-xp 00001000 08:30 424467                     /usr/lib/jvm/java-11-openjdk-amd64/lib/libextnet.so
7f6df0887000-7f6df0888000 r--p 00002000 08:30 424467                     /usr/lib/jvm/java-11-openjdk-amd64/lib/libextnet.so
7f6df0888000-7f6df0889000 r--p 00002000 08:30 424467                     /usr/lib/jvm/java-11-openjdk-amd64/lib/libextnet.so
7f6df0889000-7f6df088a000 rw-p 00003000 08:30 424467                     /usr/lib/jvm/java-11-openjdk-amd64/lib/libextnet.so
7f6df088a000-7f6df0a8a000 rw-p 00000000 00:00 0 
7f6df0a8a000-7f6df0a8e000 ---p 00000000 00:00 0 
7f6df0a8e000-7f6df0b8b000 rw-p 00000000 00:00 0 
7f6df0b8b000-7f6df0b8f000 ---p 00000000 00:00 0 
7f6df0b8f000-7f6df0dad000 rw-p 00000000 00:00 0 
7f6df0dad000-7f6df0fad000 rw-p 00000000 00:00 0 
7f6df0fad000-7f6df11ad000 rw-p 00000000 00:00 0 
7f6df11ad000-7f6df13ad000 rw-p 00000000 00:00 0 
7f6df13ad000-7f6df15ad000 rw-p 00000000 00:00 0 
7f6df15ad000-7f6df15b1000 ---p 00000000 00:00 0 
7f6df15b1000-7f6df16ae000 rw-p 00000000 00:00 0 
7f6df16ae000-7f6df16af000 ---p 00000000 00:00 0 
7f6df16af000-7f6df17af000 rw-p 00000000 00:00 0 
7f6df17af000-7f6df17b0000 ---p 00000000 00:00 0 
7f6df17b0000-7f6df18b0000 rw-p 00000000 00:00 0 
7f6df18b0000-7f6df18b1000 ---p 00000000 00:00 0 
7f6df18b1000-7f6df19b1000 rw-p 00000000 00:00 0 
7f6df19b1000-7f6df19b5000 ---p 00000000 00:00 0 
7f6df19b5000-7f6df1ae3000 rw-p 00000000 00:00 0 
7f6df1ae3000-7f6df1ae7000 r--p 00000000 08:30 424504                     /usr/lib/jvm/java-11-openjdk-amd64/lib/libnet.so
7f6df1ae7000-7f6df1af5000 r-xp 00004000 08:30 424504                     /usr/lib/jvm/java-11-openjdk-amd64/lib/libnet.so
7f6df1af5000-7f6df1af9000 r--p 00012000 08:30 424504                     /usr/lib/jvm/java-11-openjdk-amd64/lib/libnet.so
7f6df1af9000-7f6df1afa000 r--p 00015000 08:30 424504                     /usr/lib/jvm/java-11-openjdk-amd64/lib/libnet.so
7f6df1afa000-7f6df1afb000 rw-p 00016000 08:30 424504                     /usr/lib/jvm/java-11-openjdk-amd64/lib/libnet.so
7f6df1afb000-7f6df1afc000 ---p 00000000 00:00 0 
7f6df1afc000-7f6df1bfc000 rw-p 00000000 00:00 0 
7f6df1bfc000-7f6df1c00000 ---p 00000000 00:00 0 
7f6df1c00000-7f6df1cfd000 rw-p 00000000 00:00 0 
7f6df1cfd000-7f6df1d01000 ---p 00000000 00:00 0 
7f6df1d01000-7f6df1dfe000 rw-p 00000000 00:00 0 
7f6df1dfe000-7f6df1e02000 ---p 00000000 00:00 0 
7f6df1e02000-7f6df1eff000 rw-p 00000000 00:00 0 
7f6df1eff000-7f6df1f03000 ---p 00000000 00:00 0 
7f6df1f03000-7f6df4000000 rw-p 00000000 00:00 0 
7f6df4000000-7f6df4021000 rw-p 00000000 00:00 0 
7f6df4021000-7f6df8000000 ---p 00000000 00:00 0 
7f6df8000000-7f6df803b000 rw-p 00000000 00:00 0 
7f6df803b000-7f6dfc000000 ---p 00000000 00:00 0 
7f6dfc000000-7f6dfc368000 rw-p 00000000 00:00 0 
7f6dfc368000-7f6dffff8000 ---p 00000000 00:00 0 
7f6dffff8000-7f6e00368000 rw-p 00000000 00:00 0 
7f6e00368000-7f6e03ff8000 ---p 00000000 00:00 0 
7f6e03ff8000-7f6e04000000 rw-p 00000000 00:00 0 
7f6e04000000-7f6e04021000 rw-p 00000000 00:00 0 
7f6e04021000-7f6e08000000 ---p 00000000 00:00 0 
7f6e08000000-7f6e08002000 r--p 00000000 08:30 424500                     /usr/lib/jvm/java-11-openjdk-amd64/lib/libmanagement_ext.so
7f6e08002000-7f6e08005000 r-xp 00002000 08:30 424500                     /usr/lib/jvm/java-11-openjdk-amd64/lib/libmanagement_ext.so
7f6e08005000-7f6e08006000 r--p 00005000 08:30 424500                     /usr/lib/jvm/java-11-openjdk-amd64/lib/libmanagement_ext.so
7f6e08006000-7f6e08007000 ---p 00006000 08:30 424500                     /usr/lib/jvm/java-11-openjdk-amd64/lib/libmanagement_ext.so
7f6e08007000-7f6e08008000 r--p 00006000 08:30 424500                     /usr/lib/jvm/java-11-openjdk-amd64/lib/libmanagement_ext.so
7f6e08008000-7f6e08009000 rw-p 00007000 08:30 424500                     /usr/lib/jvm/java-11-openjdk-amd64/lib/libmanagement_ext.so
7f6e08009000-7f6e08010000 r--p 00000000 08:30 424506                     /usr/lib/jvm/java-11-openjdk-amd64/lib/libnio.so
7f6e08010000-7f6e08017000 r-xp 00007000 08:30 424506                     /usr/lib/jvm/java-11-openjdk-amd64/lib/libnio.so
7f6e08017000-7f6e0801a000 r--p 0000e000 08:30 424506                     /usr/lib/jvm/java-11-openjdk-amd64/lib/libnio.so
7f6e0801a000-7f6e0801b000 r--p 00010000 08:30 424506                     /usr/lib/jvm/java-11-openjdk-amd64/lib/libnio.so
7f6e0801b000-7f6e0801c000 rw-p 00011000 08:30 424506                     /usr/lib/jvm/java-11-openjdk-amd64/lib/libnio.so
7f6e0801c000-7f6e08020000 ---p 00000000 00:00 0 
7f6e08020000-7f6e0811d000 rw-p 00000000 00:00 0 
7f6e0811d000-7f6e08121000 ---p 00000000 00:00 0 
7f6e08121000-7f6e0821e000 rw-p 00000000 00:00 0 
7f6e0821e000-7f6e08273000 r--p 00000000 08:30 365765                     /usr/lib/locale/C.UTF-8/LC_CTYPE
7f6e08273000-7f6e083e6000 r--p 00000000 08:30 365764                     /usr/lib/locale/C.UTF-8/LC_COLLATE
7f6e083e6000-7f6e083ea000 ---p 00000000 00:00 0 
7f6e083ea000-7f6e084e7000 rw-p 00000000 00:00 0 
7f6e084e7000-7f6e084eb000 ---p 00000000 00:00 0 
7f6e084eb000-7f6e085e8000 rw-p 00000000 00:00 0 
7f6e085e8000-7f6e085e9000 ---p 00000000 00:00 0 
7f6e085e9000-7f6e087c5000 rw-p 00000000 00:00 0 
7f6e087c5000-7f6e08a35000 rwxp 00000000 00:00 0 
7f6e08a35000-7f6e08d56000 ---p 00000000 00:00 0 
7f6e08d56000-7f6e0a006000 rwxp 00000000 00:00 0 
7f6e0a006000-7f6e1028d000 ---p 00000000 00:00 0 
7f6e1028d000-7f6e107ed000 rwxp 00000000 00:00 0 
7f6e107ed000-7f6e177c5000 ---p 00000000 00:00 0 
7f6e177c5000-7f6e20000000 r--s 00000000 08:30 424524                     /usr/lib/jvm/java-11-openjdk-amd64/lib/modules
7f6e20000000-7f6e22962000 rw-p 00000000 00:00 0 
7f6e22962000-7f6e24000000 ---p 00000000 00:00 0 
7f6e24003000-7f6e24006000 r--p 00000000 08:30 424496                     /usr/lib/jvm/java-11-openjdk-amd64/lib/libmanagement.so
7f6e24006000-7f6e24007000 r-xp 00003000 08:30 424496                     /usr/lib/jvm/java-11-openjdk-amd64/lib/libmanagement.so
7f6e24007000-7f6e24008000 r--p 00004000 08:30 424496                     /usr/lib/jvm/java-11-openjdk-amd64/lib/libmanagement.so
7f6e24008000-7f6e24009000 r--p 00004000 08:30 424496                     /usr/lib/jvm/java-11-openjdk-amd64/lib/libmanagement.so
7f6e24009000-7f6e2400a000 rw-p 00005000 08:30 424496                     /usr/lib/jvm/java-11-openjdk-amd64/lib/libmanagement.so
7f6e2400a000-7f6e2400b000 r--p 00000000 08:30 365772                     /usr/lib/locale/C.UTF-8/LC_NUMERIC
7f6e2400b000-7f6e2400c000 r--p 00000000 08:30 365775                     /usr/lib/locale/C.UTF-8/LC_TIME
7f6e2400c000-7f6e2400d000 r--p 00000000 08:30 365770                     /usr/lib/locale/C.UTF-8/LC_MONETARY
7f6e2400d000-7f6e2400e000 r--p 00000000 08:30 365769                     /usr/lib/locale/C.UTF-8/LC_MESSAGES/SYS_LC_MESSAGES
7f6e2400e000-7f6e2400f000 r--p 00000000 08:30 365773                     /usr/lib/locale/C.UTF-8/LC_PAPER
7f6e2400f000-7f6e24010000 r--p 00000000 08:30 365771                     /usr/lib/locale/C.UTF-8/LC_NAME
7f6e24010000-7f6e24011000 r--p 00000000 08:30 365763                     /usr/lib/locale/C.UTF-8/LC_ADDRESS
7f6e24011000-7f6e24012000 r--p 00000000 08:30 365774                     /usr/lib/locale/C.UTF-8/LC_TELEPHONE
7f6e24012000-7f6e24019000 r--s 00000000 08:30 366045                     /usr/lib/x86_64-linux-gnu/gconv/gconv-modules.cache
7f6e24019000-7f6e24841000 rw-p 00000000 00:00 0 
7f6e24841000-7f6e24883000 rw-p 00000000 00:00 0 
7f6e24883000-7f6e24884000 ---p 00000000 00:00 0 
7f6e24884000-7f6e24984000 rw-p 00000000 00:00 0 
7f6e24984000-7f6e24985000 ---p 00000000 00:00 0 
7f6e24985000-7f6e2528d000 rw-p 00000000 00:00 0 
7f6e2528d000-7f6e2528e000 ---p 00000000 00:00 0 
7f6e2528e000-7f6e2538e000 rw-p 00000000 00:00 0 
7f6e2538e000-7f6e2538f000 ---p 00000000 00:00 0 
7f6e2538f000-7f6e25605000 rw-p 00000000 00:00 0 
7f6e25605000-7f6e25d97000 ---p 00000000 00:00 0 
7f6e25d97000-7f6e25e05000 rw-p 00000000 00:00 0 
7f6e25e05000-7f6e26597000 ---p 00000000 00:00 0 
7f6e26597000-7f6e26605000 rw-p 00000000 00:00 0 
7f6e26605000-7f6e26d97000 ---p 00000000 00:00 0 
7f6e26d97000-7f6e275c1000 rw-p 00000000 00:00 0 
7f6e275c1000-7f6e275c2000 ---p 00000000 00:00 0 
7f6e275c2000-7f6e276cd000 rw-p 00000000 00:00 0 
7f6e276cd000-7f6e277ad000 ---p 00000000 00:00 0 
7f6e277ad000-7f6e277d3000 rw-p 00000000 00:00 0 
7f6e277d3000-7f6e27898000 ---p 00000000 00:00 0 
7f6e27898000-7f6e2789d000 rw-p 00000000 00:00 0 
7f6e2789d000-7f6e278a4000 ---p 00000000 00:00 0 
7f6e278a4000-7f6e278a6000 r--p 00000000 08:30 424522                     /usr/lib/jvm/java-11-openjdk-amd64/lib/libzip.so
7f6e278a6000-7f6e278aa000 r-xp 00002000 08:30 424522                     /usr/lib/jvm/java-11-openjdk-amd64/lib/libzip.so
7f6e278aa000-7f6e278ac000 r--p 00006000 08:30 424522                     /usr/lib/jvm/java-11-openjdk-amd64/lib/libzip.so
7f6e278ac000-7f6e278ad000 r--p 00007000 08:30 424522                     /usr/lib/jvm/java-11-openjdk-amd64/lib/libzip.so
7f6e278ad000-7f6e278ae000 rw-p 00008000 08:30 424522                     /usr/lib/jvm/java-11-openjdk-amd64/lib/libzip.so
7f6e278ae000-7f6e278b1000 r--p 00000000 08:30 365366                     /lib/x86_64-linux-gnu/libnss_files-2.31.so
7f6e278b1000-7f6e278b8000 r-xp 00003000 08:30 365366                     /lib/x86_64-linux-gnu/libnss_files-2.31.so
7f6e278b8000-7f6e278ba000 r--p 0000a000 08:30 365366                     /lib/x86_64-linux-gnu/libnss_files-2.31.so
7f6e278ba000-7f6e278bb000 r--p 0000b000 08:30 365366                     /lib/x86_64-linux-gnu/libnss_files-2.31.so
7f6e278bb000-7f6e278bc000 rw-p 0000c000 08:30 365366                     /lib/x86_64-linux-gnu/libnss_files-2.31.so
7f6e278bc000-7f6e278c2000 rw-p 00000000 00:00 0 
7f6e278c2000-7f6e278c3000 r--p 00000000 08:30 365767                     /usr/lib/locale/C.UTF-8/LC_MEASUREMENT
7f6e278c3000-7f6e278cb000 rw-s 00000000 08:30 202108                     /tmp/hsperfdata_root/438
7f6e278cb000-7f6e278cc000 ---p 00000000 00:00 0 
7f6e278cc000-7f6e278cd000 r--p 00000000 00:00 0 
7f6e278cd000-7f6e278db000 r--p 00000000 08:30 424482                     /usr/lib/jvm/java-11-openjdk-amd64/lib/libjava.so
7f6e278db000-7f6e278f0000 r-xp 0000e000 08:30 424482                     /usr/lib/jvm/java-11-openjdk-amd64/lib/libjava.so
7f6e278f0000-7f6e278f7000 r--p 00023000 08:30 424482                     /usr/lib/jvm/java-11-openjdk-amd64/lib/libjava.so
7f6e278f7000-7f6e278f8000 r--p 00029000 08:30 424482                     /usr/lib/jvm/java-11-openjdk-amd64/lib/libjava.so
7f6e278f8000-7f6e278f9000 rw-p 0002a000 08:30 424482                     /usr/lib/jvm/java-11-openjdk-amd64/lib/libjava.so
7f6e278f9000-7f6e278fa000 rw-p 00000000 00:00 0 
7f6e278fa000-7f6e278ff000 r--p 00000000 08:30 424520                     /usr/lib/jvm/java-11-openjdk-amd64/lib/libverify.so
7f6e278ff000-7f6e27906000 r-xp 00005000 08:30 424520                     /usr/lib/jvm/java-11-openjdk-amd64/lib/libverify.so
7f6e27906000-7f6e27908000 r--p 0000c000 08:30 424520                     /usr/lib/jvm/java-11-openjdk-amd64/lib/libverify.so
7f6e27908000-7f6e27909000 ---p 0000e000 08:30 424520                     /usr/lib/jvm/java-11-openjdk-amd64/lib/libverify.so
7f6e27909000-7f6e2790b000 r--p 0000e000 08:30 424520                     /usr/lib/jvm/java-11-openjdk-amd64/lib/libverify.so
7f6e2790b000-7f6e2790c000 rw-p 00010000 08:30 424520                     /usr/lib/jvm/java-11-openjdk-amd64/lib/libverify.so
7f6e2790c000-7f6e2790e000 r--p 00000000 08:30 365383                     /lib/x86_64-linux-gnu/librt-2.31.so
7f6e2790e000-7f6e27912000 r-xp 00002000 08:30 365383                     /lib/x86_64-linux-gnu/librt-2.31.so
7f6e27912000-7f6e27914000 r--p 00006000 08:30 365383                     /lib/x86_64-linux-gnu/librt-2.31.so
7f6e27914000-7f6e27915000 r--p 00007000 08:30 365383                     /lib/x86_64-linux-gnu/librt-2.31.so
7f6e27915000-7f6e27916000 rw-p 00008000 08:30 365383                     /lib/x86_64-linux-gnu/librt-2.31.so
7f6e27916000-7f6e2791a000 ---p 00000000 00:00 0 
7f6e2791a000-7f6e27a17000 rw-p 00000000 00:00 0 
7f6e27a17000-7f6e27a1a000 r--p 00000000 08:30 365348                     /lib/x86_64-linux-gnu/libgcc_s.so.1
7f6e27a1a000-7f6e27a2b000 r-xp 00003000 08:30 365348                     /lib/x86_64-linux-gnu/libgcc_s.so.1
7f6e27a2b000-7f6e27a2f000 r--p 00014000 08:30 365348                     /lib/x86_64-linux-gnu/libgcc_s.so.1
7f6e27a2f000-7f6e27a30000 r--p 00017000 08:30 365348                     /lib/x86_64-linux-gnu/libgcc_s.so.1
7f6e27a30000-7f6e27a31000 rw-p 00018000 08:30 365348                     /lib/x86_64-linux-gnu/libgcc_s.so.1
7f6e27a31000-7f6e27a3e000 r--p 00000000 08:30 365355                     /lib/x86_64-linux-gnu/libm-2.31.so
7f6e27a3e000-7f6e27ad8000 r-xp 0000d000 08:30 365355                     /lib/x86_64-linux-gnu/libm-2.31.so
7f6e27ad8000-7f6e27b73000 r--p 000a7000 08:30 365355                     /lib/x86_64-linux-gnu/libm-2.31.so
7f6e27b73000-7f6e27b74000 r--p 00141000 08:30 365355                     /lib/x86_64-linux-gnu/libm-2.31.so
7f6e27b74000-7f6e27b75000 rw-p 00142000 08:30 365355                     /lib/x86_64-linux-gnu/libm-2.31.so
7f6e27b75000-7f6e27c0b000 r--p 00000000 08:30 366112                     /usr/lib/x86_64-linux-gnu/libstdc++.so.6.0.28
7f6e27c0b000-7f6e27ce7000 r-xp 00096000 08:30 366112                     /usr/lib/x86_64-linux-gnu/libstdc++.so.6.0.28
7f6e27ce7000-7f6e27d31000 r--p 00172000 08:30 366112                     /usr/lib/x86_64-linux-gnu/libstdc++.so.6.0.28
7f6e27d31000-7f6e27d3c000 r--p 001bb000 08:30 366112                     /usr/lib/x86_64-linux-gnu/libstdc++.so.6.0.28
7f6e27d3c000-7f6e27d3f000 rw-p 001c6000 08:30 366112                     /usr/lib/x86_64-linux-gnu/libstdc++.so.6.0.28
7f6e27d3f000-7f6e27d42000 rw-p 00000000 00:00 0 
7f6e27d42000-7f6e27fc5000 r--p 00000000 08:30 424534                     /usr/lib/jvm/java-11-openjdk-amd64/lib/server/libjvm.so
7f6e27fc5000-7f6e28c2e000 r-xp 00283000 08:30 424534                     /usr/lib/jvm/java-11-openjdk-amd64/lib/server/libjvm.so
7f6e28c2e000-7f6e28e91000 r--p 00eec000 08:30 424534                     /usr/lib/jvm/java-11-openjdk-amd64/lib/server/libjvm.so
7f6e28e91000-7f6e28e92000 ---p 0114f000 08:30 424534                     /usr/lib/jvm/java-11-openjdk-amd64/lib/server/libjvm.so
7f6e28e92000-7f6e28f56000 r--p 0114f000 08:30 424534                     /usr/lib/jvm/java-11-openjdk-amd64/lib/server/libjvm.so
7f6e28f56000-7f6e28f91000 rw-p 01213000 08:30 424534                     /usr/lib/jvm/java-11-openjdk-amd64/lib/server/libjvm.so
7f6e28f91000-7f6e28fea000 rw-p 00000000 00:00 0 
7f6e28fea000-7f6e2900c000 r--p 00000000 08:30 365334                     /lib/x86_64-linux-gnu/libc-2.31.so
7f6e2900c000-7f6e29165000 r-xp 00022000 08:30 365334                     /lib/x86_64-linux-gnu/libc-2.31.so
7f6e29165000-7f6e291b4000 r--p 0017b000 08:30 365334                     /lib/x86_64-linux-gnu/libc-2.31.so
7f6e291b4000-7f6e291b8000 r--p 001c9000 08:30 365334                     /lib/x86_64-linux-gnu/libc-2.31.so
7f6e291b8000-7f6e291ba000 rw-p 001cd000 08:30 365334                     /lib/x86_64-linux-gnu/libc-2.31.so
7f6e291ba000-7f6e291be000 rw-p 00000000 00:00 0 
7f6e291be000-7f6e291bf000 r--p 00000000 08:30 365342                     /lib/x86_64-linux-gnu/libdl-2.31.so
7f6e291bf000-7f6e291c1000 r-xp 00001000 08:30 365342                     /lib/x86_64-linux-gnu/libdl-2.31.so
7f6e291c1000-7f6e291c2000 r--p 00003000 08:30 365342                     /lib/x86_64-linux-gnu/libdl-2.31.so
7f6e291c2000-7f6e291c3000 r--p 00003000 08:30 365342                     /lib/x86_64-linux-gnu/libdl-2.31.so
7f6e291c3000-7f6e291c4000 rw-p 00004000 08:30 365342                     /lib/x86_64-linux-gnu/libdl-2.31.so
7f6e291c4000-7f6e291c7000 r--p 00000000 08:30 424451                     /usr/lib/jvm/java-11-openjdk-amd64/lib/jli/libjli.so
7f6e291c7000-7f6e291d1000 r-xp 00003000 08:30 424451                     /usr/lib/jvm/java-11-openjdk-amd64/lib/jli/libjli.so
7f6e291d1000-7f6e291d4000 r--p 0000d000 08:30 424451                     /usr/lib/jvm/java-11-openjdk-amd64/lib/jli/libjli.so
7f6e291d4000-7f6e291d5000 ---p 00010000 08:30 424451                     /usr/lib/jvm/java-11-openjdk-amd64/lib/jli/libjli.so
7f6e291d5000-7f6e291d6000 r--p 00010000 08:30 424451                     /usr/lib/jvm/java-11-openjdk-amd64/lib/jli/libjli.so
7f6e291d6000-7f6e291d7000 rw-p 00011000 08:30 424451                     /usr/lib/jvm/java-11-openjdk-amd64/lib/jli/libjli.so
7f6e291d7000-7f6e291dd000 r--p 00000000 08:30 365379                     /lib/x86_64-linux-gnu/libpthread-2.31.so
7f6e291dd000-7f6e291ed000 r-xp 00006000 08:30 365379                     /lib/x86_64-linux-gnu/libpthread-2.31.so
7f6e291ed000-7f6e291f3000 r--p 00016000 08:30 365379                     /lib/x86_64-linux-gnu/libpthread-2.31.so
7f6e291f3000-7f6e291f4000 r--p 0001b000 08:30 365379                     /lib/x86_64-linux-gnu/libpthread-2.31.so
7f6e291f4000-7f6e291f5000 rw-p 0001c000 08:30 365379                     /lib/x86_64-linux-gnu/libpthread-2.31.so
7f6e291f5000-7f6e291f9000 rw-p 00000000 00:00 0 
7f6e291f9000-7f6e291fc000 r--p 00000000 08:30 365398                     /lib/x86_64-linux-gnu/libz.so.1.2.11
7f6e291fc000-7f6e2920d000 r-xp 00003000 08:30 365398                     /lib/x86_64-linux-gnu/libz.so.1.2.11
7f6e2920d000-7f6e29213000 r--p 00014000 08:30 365398                     /lib/x86_64-linux-gnu/libz.so.1.2.11
7f6e29213000-7f6e29214000 ---p 0001a000 08:30 365398                     /lib/x86_64-linux-gnu/libz.so.1.2.11
7f6e29214000-7f6e29215000 r--p 0001a000 08:30 365398                     /lib/x86_64-linux-gnu/libz.so.1.2.11
7f6e29215000-7f6e29216000 rw-p 0001b000 08:30 365398                     /lib/x86_64-linux-gnu/libz.so.1.2.11
7f6e29216000-7f6e29218000 rw-p 00000000 00:00 0 
7f6e29218000-7f6e2921a000 r--p 00000000 08:30 424488                     /usr/lib/jvm/java-11-openjdk-amd64/lib/libjimage.so
7f6e2921a000-7f6e2921d000 r-xp 00002000 08:30 424488                     /usr/lib/jvm/java-11-openjdk-amd64/lib/libjimage.so
7f6e2921d000-7f6e2921e000 r--p 00005000 08:30 424488                     /usr/lib/jvm/java-11-openjdk-amd64/lib/libjimage.so
7f6e2921e000-7f6e2921f000 ---p 00006000 08:30 424488                     /usr/lib/jvm/java-11-openjdk-amd64/lib/libjimage.so
7f6e2921f000-7f6e29220000 r--p 00006000 08:30 424488                     /usr/lib/jvm/java-11-openjdk-amd64/lib/libjimage.so
7f6e29220000-7f6e29221000 rw-p 00007000 08:30 424488                     /usr/lib/jvm/java-11-openjdk-amd64/lib/libjimage.so
7f6e29221000-7f6e29222000 r--p 00000000 08:30 365322                     /lib/x86_64-linux-gnu/ld-2.31.so
7f6e29222000-7f6e29242000 r-xp 00001000 08:30 365322                     /lib/x86_64-linux-gnu/ld-2.31.so
7f6e29242000-7f6e2924a000 r--p 00021000 08:30 365322                     /lib/x86_64-linux-gnu/ld-2.31.so
7f6e2924a000-7f6e2924b000 r--p 00000000 08:30 365766                     /usr/lib/locale/C.UTF-8/LC_IDENTIFICATION
7f6e2924b000-7f6e2924c000 r--p 00029000 08:30 365322                     /lib/x86_64-linux-gnu/ld-2.31.so
7f6e2924c000-7f6e2924d000 rw-p 0002a000 08:30 365322                     /lib/x86_64-linux-gnu/ld-2.31.so
7f6e2924d000-7f6e2924e000 rw-p 00000000 00:00 0 
7ffd8d0f4000-7ffd8d115000 rw-p 00000000 00:00 0                          [stack]
7ffd8d116000-7ffd8d11a000 r--p 00000000 00:00 0                          [vvar]
7ffd8d11a000-7ffd8d11c000 r-xp 00000000 00:00 0                          [vdso]


VM Arguments:
jvm_args: -Xmx4g -XX:+IgnoreUnrecognizedVMOptions --add-opens=java.base/java.lang=ALL-UNNAMED --add-opens=java.base/java.lang.invoke=ALL-UNNAMED --add-opens=java.base/java.lang.reflect=ALL-UNNAMED --add-opens=java.base/java.io=ALL-UNNAMED --add-opens=java.base/java.net=ALL-UNNAMED --add-opens=java.base/java.nio=ALL-UNNAMED --add-opens=java.base/java.util=ALL-UNNAMED --add-opens=java.base/java.util.concurrent=ALL-UNNAMED --add-opens=java.base/java.util.concurrent.atomic=ALL-UNNAMED --add-opens=java.base/jdk.internal.ref=ALL-UNNAMED --add-opens=java.base/sun.nio.ch=ALL-UNNAMED --add-opens=java.base/sun.nio.cs=ALL-UNNAMED --add-opens=java.base/sun.security.action=ALL-UNNAMED --add-opens=java.base/sun.util.calendar=ALL-UNNAMED --add-opens=java.security.jgss/sun.security.krb5=ALL-UNNAMED -Djdk.reflect.useDirectMethodHandle=false 
java_command: org.apache.spark.deploy.SparkSubmit --name PySparkShell pyspark-shell
java_class_path (initial): /opt/spark/conf/:/opt/spark/jars/ivy-2.5.1.jar:/opt/spark/jars/algebra_2.12-2.0.1.jar:/opt/spark/jars/parquet-hadoop-1.13.1.jar:/opt/spark/jars/JTransforms-3.1.jar:/opt/spark/jars/leveldbjni-all-1.8.jar:/opt/spark/jars/arrow-format-12.0.1.jar:/opt/spark/jars/parquet-jackson-1.13.1.jar:/opt/spark/jars/oro-2.0.8.jar:/opt/spark/jars/minlog-1.3.0.jar:/opt/spark/jars/netty-handler-proxy-4.1.96.Final.jar:/opt/spark/jars/lapack-3.0.3.jar:/opt/spark/jars/parquet-encoding-1.13.1.jar:/opt/spark/jars/commons-codec-1.16.1.jar:/opt/spark/jars/kubernetes-client-api-6.7.2.jar:/opt/spark/jars/commons-math3-3.6.1.jar:/opt/spark/jars/kryo-shaded-4.0.2.jar:/opt/spark/jars/stream-2.9.6.jar:/opt/spark/jars/jackson-annotations-2.15.2.jar:/opt/spark/jars/spark-mesos_2.12-3.5.5.jar:/opt/spark/jars/jcl-over-slf4j-2.0.7.jar:/opt/spark/jars/commons-compress-1.23.0.jar:/opt/spark/jars/snakeyaml-2.0.jar:/opt/spark/jars/kubernetes-model-metrics-6.7.2.jar:/opt/spark/jars/zstd-jni-1.5.5-4.jar:/opt/spark/jars/scala-compiler-2.12.18.jar:/opt/spark/jars/scala-collection-compat_2.12-2.7.0.jar:/opt/spark/jars/orc-shims-1.9.5.jar:/opt/spark/jars/jakarta.servlet-api-4.0.3.jar:/opt/spark/jars/hk2-api-2.6.1.jar:/opt/spark/jars/spark-kvstore_2.12-3.5.5.jar:/opt/spark/jars/spark-repl_2.12-3.5.5.jar:/opt/spark/jars/logging-interceptor-3.12.12.jar:/opt/spark/jars/scala-reflect-2.12.18.jar:/opt/spark/jars/netty-buffer-4.1.96.Final.jar:/opt/spark/jars/parquet-common-1.13.1.jar:/opt/spark/jars/kubernetes-httpclient-okhttp-6.7.2.jar:/opt/spark/jars/json4s-ast_2.12-3.7.0-M11.jar:/opt/spark/jars/netty-transport-native-epoll-4.1.96.Final-linux-aarch_64.jar:/opt/spark/jars/kubernetes-model-resource-6.7.2.jar:/opt/spark/jars/spark-streaming_2.12-3.5.5.jar:/opt/spark/jars/metrics-core-4.2.19.jar:/opt/spark/jars/kubernetes-model-core-6.7.2.jar:/opt/spark/jars/log4j-api-2.20.0.jar:/opt/spark/jars/okio-1.17.6.jar:/opt/spark/jars/kubernetes-model-apps-6.7.2.jar:/opt/spark/jars/kubernetes-model-n
Launcher Type: SUN_STANDARD

[Global flags]
     intx CICompilerCount                          = 4                                         {product} {ergonomic}
     uint ConcGCThreads                            = 2                                         {product} {ergonomic}
     uint G1ConcRefinementThreads                  = 8                                         {product} {ergonomic}
   size_t G1HeapRegionSize                         = 1048576                                   {product} {ergonomic}
    uintx GCDrainStackTargetSize                   = 64                                        {product} {ergonomic}
     bool IgnoreUnrecognizedVMOptions              = true                                      {product} {command line}
   size_t InitialHeapSize                          = 130023424                                 {product} {ergonomic}
   size_t MarkStackSize                            = 4194304                                   {product} {ergonomic}
   size_t MaxHeapSize                              = 4294967296                                {product} {command line}
   size_t MaxNewSize                               = 2576351232                                {product} {ergonomic}
   size_t MinHeapDeltaBytes                        = 1048576                                   {product} {ergonomic}
    uintx NonNMethodCodeHeapSize                   = 5836300                                {pd product} {ergonomic}
    uintx NonProfiledCodeHeapSize                  = 122910970                              {pd product} {ergonomic}
    uintx ProfiledCodeHeapSize                     = 122910970                              {pd product} {ergonomic}
    uintx ReservedCodeCacheSize                    = 251658240                              {pd product} {ergonomic}
     bool SegmentedCodeCache                       = true                                      {product} {ergonomic}
     bool UseCompressedClassPointers               = true                                 {lp64_product} {ergonomic}
     bool UseCompressedOops                        = true                                 {lp64_product} {ergonomic}
     bool UseG1GC                                  = true                                      {product} {ergonomic}

Logging:
Log output configuration:
 #0: stdout all=warning uptime,level,tags
 #1: stderr all=off uptime,level,tags

Environment Variables:
JAVA_HOME=/usr/lib/jvm/java-11-openjdk-amd64
PATH=/opt/spark/sbin:/opt/spark/bin:/usr/local/bin:/usr/local/sbin:/usr/local/bin:/usr/sbin:/usr/bin:/sbin:/bin
LANG=C.UTF-8
TERM=xterm-color

Signal Handlers:
SIGSEGV: [libjvm.so+0xe7a620], sa_mask[0]=11111111011111111101111111111110, sa_flags=SA_RESTART|SA_SIGINFO
SIGBUS: [libjvm.so+0xe7a620], sa_mask[0]=11111111011111111101111111111110, sa_flags=SA_RESTART|SA_SIGINFO
SIGFPE: [libjvm.so+0xe7a620], sa_mask[0]=11111111011111111101111111111110, sa_flags=SA_RESTART|SA_SIGINFO
SIGPIPE: [libjvm.so+0xbca5a0], sa_mask[0]=11111111011111111101111111111110, sa_flags=SA_RESTART|SA_SIGINFO
SIGXFSZ: [libjvm.so+0xbca5a0], sa_mask[0]=11111111011111111101111111111110, sa_flags=SA_RESTART|SA_SIGINFO
SIGILL: [libjvm.so+0xe7a620], sa_mask[0]=11111111011111111101111111111110, sa_flags=SA_RESTART|SA_SIGINFO
SIGUSR2: [libjvm.so+0xbca440], sa_mask[0]=00000000000000000000000000000000, sa_flags=SA_RESTART|SA_SIGINFO
SIGHUP: [libjvm.so+0xbcac00], sa_mask[0]=11111111011111111101111111111110, sa_flags=SA_RESTART|SA_SIGINFO
SIGINT: SIG_IGN, sa_mask[0]=00000000000000000000000000000000, sa_flags=none
SIGTERM: [libjvm.so+0xbcac00], sa_mask[0]=11111111011111111101111111111110, sa_flags=SA_RESTART|SA_SIGINFO
SIGQUIT: [libjvm.so+0xbcac00], sa_mask[0]=11111111011111111101111111111110, sa_flags=SA_RESTART|SA_SIGINFO


---------------  S Y S T E M  ---------------

OS:PRETTY_NAME="Debian GNU/Linux 11 (bullseye)"
NAME="Debian GNU/Linux"
VERSION_ID="11"
VERSION="11 (bullseye)"
VERSION_CODENAME=bullseye
ID=debian
HOME_URL="https://www.debian.org/"
SUPPORT_URL="https://www.debian.org/support"
BUG_REPORT_URL="https://bugs.debian.org/"
uname:Linux 5.15.167.4-microsoft-standard-WSL2 #1 SMP Tue Nov 5 00:21:55 UTC 2024 x86_64
OS uptime: 0 days 3:17 hours
libc:glibc 2.31 NPTL 2.31 
rlimit (soft/hard): STACK 8192k/infinity , CORE 0k/infinity , NPROC infinity/infinity , NOFILE 1048576/1048576 , AS infinity/infinity , CPU infinity/infinity , DATA infinity/infinity , FSIZE infinity/infinity , MEMLOCK infinity/infinity
load average:0.91 0.46 0.31

/proc/meminfo:
MemTotal:        8007700 kB
MemFree:          173040 kB
MemAvailable:    1481060 kB
Buffers:           56756 kB
Cached:          1500456 kB
SwapCached:            0 kB
Active:           637332 kB
Inactive:        6699456 kB
Active(anon):      28568 kB
Inactive(anon):  5828560 kB
Active(file):     608764 kB
Inactive(file):   870896 kB
Unevictable:           0 kB
Mlocked:               0 kB
SwapTotal:       2097152 kB
SwapFree:        2097152 kB
Dirty:              1028 kB
Writeback:             0 kB
AnonPages:       5733336 kB
Mapped:           567032 kB
Shmem:             77160 kB
KReclaimable:      88308 kB
Slab:             169232 kB
SReclaimable:      88308 kB
SUnreclaim:        80924 kB
KernelStack:       20268 kB
PageTables:        28048 kB
NFS_Unstable:          0 kB
Bounce:                0 kB
WritebackTmp:          0 kB
CommitLimit:     6101000 kB
Committed_AS:   10039984 kB
VmallocTotal:   34359738367 kB
VmallocUsed:       43772 kB
VmallocChunk:          0 kB
Percpu:             4992 kB
AnonHugePages:   4165632 kB
ShmemHugePages:        0 kB
ShmemPmdMapped:        0 kB
FileHugePages:         0 kB
FilePmdMapped:         0 kB
HugePages_Total:       0
HugePages_Free:        0
HugePages_Rsvd:        0
HugePages_Surp:        0
Hugepagesize:       2048 kB
Hugetlb:               0 kB
DirectMap4k:      123904 kB
DirectMap2M:     7086080 kB
DirectMap1G:    10485760 kB

/sys/kernel/mm/transparent_hugepage/enabled:
[always] madvise never
/sys/kernel/mm/transparent_hugepage/defrag (defrag/compaction efforts parameter):
always defer defer+madvise [madvise] never

Process Memory:
Virtual Size: 10325304K (peak: 15709284K)
Resident Set Size: 649092K (peak: 649092K) (anon: 620236K, file: 28856K, shmem: 0K)
Swapped out: 0K

[error occurred during error reporting (printing OS information), id 0xb, SIGSEGV (0xb) at pc=0x00007f6e2906b650]

CPU:total 8 (initial active 8) (4 cores per cpu, 2 threads per core) family 6 model 142 stepping 12 microcode 0xffffffff, cmov, cx8, fxsr, mmx, sse, sse2, sse3, ssse3, sse4.1, sse4.2, popcnt, avx, avx2, aes, clmul, erms, 3dnowpref, lzcnt, ht, tsc, bmi1, bmi2, adx, fma
CPU Model and flags from /proc/cpuinfo:
model name	: Intel(R) Core(TM) i5-10210U CPU @ 1.60GHz
flags		: fpu vme de pse tsc msr pae mce cx8 apic sep mtrr pge mca cmov pat pse36 clflush mmx fxsr sse sse2 ss ht syscall nx pdpe1gb rdtscp lm constant_tsc arch_perfmon rep_good nopl xtopology cpuid pni pclmulqdq ssse3 fma cx16 pdcm pcid sse4_1 sse4_2 movbe popcnt aes xsave avx f16c rdrand hypervisor lahf_lm abm 3dnowprefetch invpcid_single ssbd ibrs ibpb stibp ibrs_enhanced fsgsbase bmi1 avx2 smep bmi2 erms invpcid rdseed adx smap clflushopt xsaveopt xsavec xgetbv1 xsaves md_clear flush_l1d arch_capabilities
Online cpus:
0-7
Offline cpus:

BIOS frequency limitation:
<Not Available>
Frequency switch latency (ns):
<Not Available>
Available cpu frequencies:
<Not Available>
Current governor:
<Not Available>
Core performance/turbo boost:
<Not Available>

Memory: 4k page, physical 8007700k(173040k free), swap 2097152k(2097152k free)

vm_info: OpenJDK 64-Bit Server VM (11.0.26+4-post-Debian-1deb11u1) for linux-amd64 JRE (11.0.26+4-post-Debian-1deb11u1), built on Jan 31 2025 10:48:05 by "unknown" with gcc 10.2.1 20210110

END.
