#
# A fatal error has been detected by the Java Runtime Environment:
#
#  SIGSEGV (0xb) at pc=0x00007f355968fa68, pid=402, tid=716
#
# JRE version: OpenJDK Runtime Environment (17.0.14+7) (build 17.0.14+7-Debian-1deb11u1)
# Java VM: OpenJDK 64-Bit Server VM (17.0.14+7-Debian-1deb11u1, mixed mode, sharing, tiered, compressed oops, compressed class ptrs, g1 gc, linux-amd64)
# Problematic frame:
# V  [libjvm.so+0xe2ca68]  SymbolTable::do_lookup(char const*, int, unsigned long)+0xd8
#
# Core dump will be written. Default location: Core dumps may be processed with "/wsl-capture-crash %t %E %p %s" (or dumping to /src/notebooks/core.402)
#
# If you would like to submit a bug report, please visit:
#   https://bugs.debian.org/openjdk-17
#

---------------  S U M M A R Y ------------

Command Line: -Xmx4g -XX:+IgnoreUnrecognizedVMOptions --add-opens=java.base/java.lang=ALL-UNNAMED --add-opens=java.base/java.lang.invoke=ALL-UNNAMED --add-opens=java.base/java.lang.reflect=ALL-UNNAMED --add-opens=java.base/java.io=ALL-UNNAMED --add-opens=java.base/java.net=ALL-UNNAMED --add-opens=java.base/java.nio=ALL-UNNAMED --add-opens=java.base/java.util=ALL-UNNAMED --add-opens=java.base/java.util.concurrent=ALL-UNNAMED --add-opens=java.base/java.util.concurrent.atomic=ALL-UNNAMED --add-opens=java.base/jdk.internal.ref=ALL-UNNAMED --add-opens=java.base/sun.nio.ch=ALL-UNNAMED --add-opens=java.base/sun.nio.cs=ALL-UNNAMED --add-opens=java.base/sun.security.action=ALL-UNNAMED --add-opens=java.base/sun.util.calendar=ALL-UNNAMED --add-opens=java.security.jgss/sun.security.krb5=ALL-UNNAMED -Djdk.reflect.useDirectMethodHandle=false org.apache.spark.deploy.SparkSubmit --name PySparkShell pyspark-shell

Host: Intel(R) Core(TM) i5-10210U CPU @ 1.60GHz, 4 cores, 11G, Debian GNU/Linux 11 (bullseye)
Time: Sat May 17 00:42:35 2025 UTC elapsed time: 299.607721 seconds (0d 0h 4m 59s)

---------------  T H R E A D  ---------------

Current thread (0x00007f347c03d600):  JavaThread "Executor task launch worker for task 0.0 in stage 0.0 (TID 0)" daemon [_thread_in_vm, id=716, stack(0x00007f346f783000,0x00007f346f883000)]

Stack: [0x00007f346f783000,0x00007f346f883000],  sp=0x00007f346f87eb90,  free space=1006k
Native frames: (J=compiled Java code, j=interpreted, Vv=VM code, C=native code)
V  [libjvm.so+0xe2ca68]  SymbolTable::do_lookup(char const*, int, unsigned long)+0xd8
V  [libjvm.so+0xe2cc5e]  SymbolTable::lookup_only(char const*, int, unsigned int&)+0xae
V  [libjvm.so+0x57b9c3]  ClassFileParser::parse_constant_pool_entries(ClassFileStream const*, ConstantPool*, int, JavaThread*)+0x763
V  [libjvm.so+0x57c3cf]  ClassFileParser::parse_stream(ClassFileStream const*, JavaThread*) [clone .part.0]+0x1bf
V  [libjvm.so+0x57d775]  ClassFileParser::ClassFileParser(ClassFileStream*, Symbol*, ClassLoaderData*, ClassLoadInfo const*, ClassFileParser::Publicity, JavaThread*)+0x275
V  [libjvm.so+0xa54170]  KlassFactory::create_from_stream(ClassFileStream*, Symbol*, ClassLoaderData*, ClassLoadInfo const&, JavaThread*)+0x210
V  [libjvm.so+0xe3cdc0]  SystemDictionary::resolve_class_from_stream(ClassFileStream*, Symbol*, Handle, ClassLoadInfo const&, JavaThread*)+0x150
V  [libjvm.so+0x8fccd8]  jvm_define_class_common(char const*, _jobject*, signed char const*, int, _jobject*, char const*, JavaThread*)+0x238
V  [libjvm.so+0x8fd014]  JVM_DefineClassWithSource+0xa4
C  [libjava.so+0xd554]  Java_java_lang_ClassLoader_defineClass1+0x134
J 466  java.lang.ClassLoader.defineClass1(Ljava/lang/ClassLoader;Ljava/lang/String;[BIILjava/security/ProtectionDomain;Ljava/lang/String;)Ljava/lang/Class; java.base@17.0.14 (0 bytes) @ 0x00007f354505bcf5 [0x00007f354505bbc0+0x0000000000000135]
J 4739 c2 java.security.SecureClassLoader.defineClass(Ljava/lang/String;[BIILjava/security/CodeSource;)Ljava/lang/Class; java.base@17.0.14 (16 bytes) @ 0x00007f35452d74a0 [0x00007f35452d7300+0x00000000000001a0]
J 1223 c1 jdk.internal.loader.BuiltinClassLoader.defineClass(Ljava/lang/String;Ljdk/internal/loader/Resource;)Ljava/lang/Class; java.base@17.0.14 (121 bytes) @ 0x00007f353d785e6c [0x00007f353d784f20+0x0000000000000f4c]
J 4913 c1 jdk.internal.loader.BuiltinClassLoader.findClassOnClassPathOrNull(Ljava/lang/String;)Ljava/lang/Class; java.base@17.0.14 (64 bytes) @ 0x00007f353ddec69c [0x00007f353ddeb680+0x000000000000101c]
J 5204 c2 jdk.internal.loader.BuiltinClassLoader.loadClassOrNull(Ljava/lang/String;Z)Ljava/lang/Class; java.base@17.0.14 (143 bytes) @ 0x00007f3545142a0c [0x00007f3545142720+0x00000000000002ec]
J 3717 c2 java.lang.ClassLoader.loadClass(Ljava/lang/String;)Ljava/lang/Class; java.base@17.0.14 (7 bytes) @ 0x00007f3545209ea4 [0x00007f3545209e40+0x0000000000000064]
v  ~StubRoutines::call_stub
V  [libjvm.so+0x825ea5]  JavaCalls::call_helper(JavaValue*, methodHandle const&, JavaCallArguments*, JavaThread*)+0x315
V  [libjvm.so+0x827673]  JavaCalls::call_virtual(JavaValue*, Handle, Klass*, Symbol*, Symbol*, Handle, JavaThread*)+0x1c3
V  [libjvm.so+0xe3e822]  SystemDictionary::load_instance_class_impl(Symbol*, Handle, JavaThread*)+0x1a2
V  [libjvm.so+0xe3ceb8]  SystemDictionary::load_instance_class(unsigned int, Symbol*, Handle, JavaThread*)+0x28
V  [libjvm.so+0xe3da45]  SystemDictionary::resolve_instance_class_or_null(Symbol*, Handle, Handle, JavaThread*)+0xa65
V  [libjvm.so+0xe3f226]  SystemDictionary::resolve_or_fail(Symbol*, Handle, Handle, bool, JavaThread*)+0x66
V  [libjvm.so+0x5fa161]  ConstantPool::klass_at_impl(constantPoolHandle const&, int, JavaThread*)+0xd1
V  [libjvm.so+0x81e98d]  InterpreterRuntime::_new(JavaThread*, ConstantPool*, int)+0x6d
j  org.apache.logging.log4j.message.ParameterizedMessageFactory.newMessage(Ljava/lang/String;Ljava/lang/Object;Ljava/lang/Object;)Lorg/apache/logging/log4j/message/Message;+0
j  org.apache.logging.log4j.spi.AbstractLogger.logMessage(Ljava/lang/String;Lorg/apache/logging/log4j/Level;Lorg/apache/logging/log4j/Marker;Ljava/lang/String;Ljava/lang/Object;Ljava/lang/Object;)V+10
j  org.apache.logging.log4j.spi.AbstractLogger.logIfEnabled(Ljava/lang/String;Lorg/apache/logging/log4j/Level;Lorg/apache/logging/log4j/Marker;Ljava/lang/String;Ljava/lang/Object;Ljava/lang/Object;)V+25
j  org.apache.logging.slf4j.Log4jLogger.error(Ljava/lang/String;Ljava/lang/Object;Ljava/lang/Object;)V+14
j  org.apache.iceberg.spark.source.BaseReader.next()Z+149
j  org.apache.spark.sql.execution.datasources.v2.PartitionIterator.hasNext()Z+19
j  org.apache.spark.sql.execution.datasources.v2.MetricsIterator.hasNext()Z+4
j  org.apache.spark.sql.execution.datasources.v2.DataSourceRDD$$anon$1.$anonfun$hasNext$1(Lscala/collection/Iterator;)Z+1
j  org.apache.spark.sql.execution.datasources.v2.DataSourceRDD$$anon$1.$anonfun$hasNext$1$adapted(Lscala/collection/Iterator;)Ljava/lang/Object;+1
j  org.apache.spark.sql.execution.datasources.v2.DataSourceRDD$$anon$1$$Lambda$3285+0x00007f34dcf3f4b8.apply(Ljava/lang/Object;)Ljava/lang/Object;+4
J 5793 c1 scala.Option.exists(Lscala/Function1;)Z (27 bytes) @ 0x00007f353d653524 [0x00007f353d653280+0x00000000000002a4]
j  org.apache.spark.sql.execution.datasources.v2.DataSourceRDD$$anon$1.hasNext()Z+9
j  org.apache.spark.InterruptibleIterator.hasNext()Z+11
J 3812 c1 scala.collection.Iterator$$anon$10.hasNext()Z (10 bytes) @ 0x00007f353dc32b4c [0x00007f353dc32a40+0x000000000000010c]
j  org.apache.spark.sql.catalyst.expressions.GeneratedClass$GeneratedIteratorForCodegenStage1.columnartorow_nextBatch_0$(Lorg/apache/spark/sql/catalyst/expressions/GeneratedClass$GeneratedIteratorForCodegenStage1;)V+6
J 6972 c1 org.apache.spark.sql.catalyst.expressions.GeneratedClass$GeneratedIteratorForCodegenStage1.processNext()V (1629 bytes) @ 0x00007f353dfbdebc [0x00007f353dfb5680+0x000000000000883c]
J 6970 c1 org.apache.spark.sql.execution.WholeStageCodegenEvaluatorFactory$WholeStageCodegenPartitionEvaluator$$anon$1.hasNext()Z (37 bytes) @ 0x00007f353dfcaf54 [0x00007f353dfcaca0+0x00000000000002b4]
j  org.apache.spark.sql.execution.SparkPlan.$anonfun$getByteArrayRdd$1(ZILscala/collection/Iterator;)Lscala/collection/Iterator;+207
j  org.apache.spark.sql.execution.SparkPlan$$Lambda$3279+0x00007f34dcf279f0.apply(Ljava/lang/Object;)Ljava/lang/Object;+12
j  org.apache.spark.rdd.RDD.$anonfun$mapPartitionsInternal$2(Lscala/Function1;Lorg/apache/spark/TaskContext;ILscala/collection/Iterator;)Lscala/collection/Iterator;+2
j  org.apache.spark.rdd.RDD.$anonfun$mapPartitionsInternal$2$adapted(Lscala/Function1;Lorg/apache/spark/TaskContext;Ljava/lang/Object;Lscala/collection/Iterator;)Lscala/collection/Iterator;+7
j  org.apache.spark.rdd.RDD$$Lambda$3280+0x00007f34dcf3c000.apply(Ljava/lang/Object;Ljava/lang/Object;Ljava/lang/Object;)Ljava/lang/Object;+13
j  org.apache.spark.rdd.MapPartitionsRDD.compute(Lorg/apache/spark/Partition;Lorg/apache/spark/TaskContext;)Lscala/collection/Iterator;+27
j  org.apache.spark.rdd.RDD.computeOrReadCheckpoint(Lorg/apache/spark/Partition;Lorg/apache/spark/TaskContext;)Lscala/collection/Iterator;+24
j  org.apache.spark.rdd.RDD.iterator(Lorg/apache/spark/Partition;Lorg/apache/spark/TaskContext;)Lscala/collection/Iterator;+40
j  org.apache.spark.scheduler.ResultTask.runTask(Lorg/apache/spark/TaskContext;)Ljava/lang/Object;+201
j  org.apache.spark.TaskContext.runTaskWithListeners(Lorg/apache/spark/scheduler/Task;)Ljava/lang/Object;+2
j  org.apache.spark.scheduler.Task.run(JILorg/apache/spark/metrics/MetricsSystem;ILscala/collection/immutable/Map;Lscala/Option;)Ljava/lang/Object;+254
j  org.apache.spark.executor.Executor$TaskRunner.$anonfun$run$4(Lorg/apache/spark/executor/Executor$TaskRunner;Lscala/runtime/BooleanRef;)Ljava/lang/Object;+43
j  org.apache.spark.executor.Executor$TaskRunner$$Lambda$3237+0x00007f34dcf1c870.apply()Ljava/lang/Object;+8
j  org.apache.spark.util.SparkErrorUtils.tryWithSafeFinally(Lscala/Function0;Lscala/Function0;)Ljava/lang/Object;+4
j  org.apache.spark.util.SparkErrorUtils.tryWithSafeFinally$(Lorg/apache/spark/util/SparkErrorUtils;Lscala/Function0;Lscala/Function0;)Ljava/lang/Object;+3
j  org.apache.spark.util.Utils$.tryWithSafeFinally(Lscala/Function0;Lscala/Function0;)Ljava/lang/Object;+3
j  org.apache.spark.executor.Executor$TaskRunner.run()V+560
j  java.util.concurrent.ThreadPoolExecutor.runWorker(Ljava/util/concurrent/ThreadPoolExecutor$Worker;)V+92 java.base@17.0.14
j  java.util.concurrent.ThreadPoolExecutor$Worker.run()V+5 java.base@17.0.14
j  java.lang.Thread.run()V+11 java.base@17.0.14
v  ~StubRoutines::call_stub
V  [libjvm.so+0x825ea5]  JavaCalls::call_helper(JavaValue*, methodHandle const&, JavaCallArguments*, JavaThread*)+0x315
V  [libjvm.so+0x82748b]  JavaCalls::call_virtual(JavaValue*, Handle, Klass*, Symbol*, Symbol*, JavaThread*)+0x1ab
V  [libjvm.so+0x8eeaf0]  thread_entry(JavaThread*, JavaThread*)+0x70
V  [libjvm.so+0xe86ce6]  JavaThread::thread_main_inner()+0x196
V  [libjvm.so+0xe8a5aa]  Thread::call_run()+0xaa
V  [libjvm.so+0xc19173]  thread_native_entry(Thread*)+0xe3

Java frames: (J=compiled Java code, j=interpreted, Vv=VM code)
J 466  java.lang.ClassLoader.defineClass1(Ljava/lang/ClassLoader;Ljava/lang/String;[BIILjava/security/ProtectionDomain;Ljava/lang/String;)Ljava/lang/Class; java.base@17.0.14 (0 bytes) @ 0x00007f354505bc78 [0x00007f354505bbc0+0x00000000000000b8]
J 4739 c2 java.security.SecureClassLoader.defineClass(Ljava/lang/String;[BIILjava/security/CodeSource;)Ljava/lang/Class; java.base@17.0.14 (16 bytes) @ 0x00007f35452d74a0 [0x00007f35452d7300+0x00000000000001a0]
J 1223 c1 jdk.internal.loader.BuiltinClassLoader.defineClass(Ljava/lang/String;Ljdk/internal/loader/Resource;)Ljava/lang/Class; java.base@17.0.14 (121 bytes) @ 0x00007f353d785e6c [0x00007f353d784f20+0x0000000000000f4c]
J 4913 c1 jdk.internal.loader.BuiltinClassLoader.findClassOnClassPathOrNull(Ljava/lang/String;)Ljava/lang/Class; java.base@17.0.14 (64 bytes) @ 0x00007f353ddec69c [0x00007f353ddeb680+0x000000000000101c]
J 5204 c2 jdk.internal.loader.BuiltinClassLoader.loadClassOrNull(Ljava/lang/String;Z)Ljava/lang/Class; java.base@17.0.14 (143 bytes) @ 0x00007f3545142a0c [0x00007f3545142720+0x00000000000002ec]
J 3717 c2 java.lang.ClassLoader.loadClass(Ljava/lang/String;)Ljava/lang/Class; java.base@17.0.14 (7 bytes) @ 0x00007f3545209ea4 [0x00007f3545209e40+0x0000000000000064]
v  ~StubRoutines::call_stub
j  org.apache.logging.log4j.message.ParameterizedMessageFactory.newMessage(Ljava/lang/String;Ljava/lang/Object;Ljava/lang/Object;)Lorg/apache/logging/log4j/message/Message;+0
j  org.apache.logging.log4j.spi.AbstractLogger.logMessage(Ljava/lang/String;Lorg/apache/logging/log4j/Level;Lorg/apache/logging/log4j/Marker;Ljava/lang/String;Ljava/lang/Object;Ljava/lang/Object;)V+10
j  org.apache.logging.log4j.spi.AbstractLogger.logIfEnabled(Ljava/lang/String;Lorg/apache/logging/log4j/Level;Lorg/apache/logging/log4j/Marker;Ljava/lang/String;Ljava/lang/Object;Ljava/lang/Object;)V+25
j  org.apache.logging.slf4j.Log4jLogger.error(Ljava/lang/String;Ljava/lang/Object;Ljava/lang/Object;)V+14
j  org.apache.iceberg.spark.source.BaseReader.next()Z+149
j  org.apache.spark.sql.execution.datasources.v2.PartitionIterator.hasNext()Z+19
j  org.apache.spark.sql.execution.datasources.v2.MetricsIterator.hasNext()Z+4
j  org.apache.spark.sql.execution.datasources.v2.DataSourceRDD$$anon$1.$anonfun$hasNext$1(Lscala/collection/Iterator;)Z+1
j  org.apache.spark.sql.execution.datasources.v2.DataSourceRDD$$anon$1.$anonfun$hasNext$1$adapted(Lscala/collection/Iterator;)Ljava/lang/Object;+1
j  org.apache.spark.sql.execution.datasources.v2.DataSourceRDD$$anon$1$$Lambda$3285+0x00007f34dcf3f4b8.apply(Ljava/lang/Object;)Ljava/lang/Object;+4
J 5793 c1 scala.Option.exists(Lscala/Function1;)Z (27 bytes) @ 0x00007f353d653524 [0x00007f353d653280+0x00000000000002a4]
j  org.apache.spark.sql.execution.datasources.v2.DataSourceRDD$$anon$1.hasNext()Z+9
j  org.apache.spark.InterruptibleIterator.hasNext()Z+11
J 3812 c1 scala.collection.Iterator$$anon$10.hasNext()Z (10 bytes) @ 0x00007f353dc32b4c [0x00007f353dc32a40+0x000000000000010c]
j  org.apache.spark.sql.catalyst.expressions.GeneratedClass$GeneratedIteratorForCodegenStage1.columnartorow_nextBatch_0$(Lorg/apache/spark/sql/catalyst/expressions/GeneratedClass$GeneratedIteratorForCodegenStage1;)V+6
J 6972 c1 org.apache.spark.sql.catalyst.expressions.GeneratedClass$GeneratedIteratorForCodegenStage1.processNext()V (1629 bytes) @ 0x00007f353dfbdebc [0x00007f353dfb5680+0x000000000000883c]
J 6970 c1 org.apache.spark.sql.execution.WholeStageCodegenEvaluatorFactory$WholeStageCodegenPartitionEvaluator$$anon$1.hasNext()Z (37 bytes) @ 0x00007f353dfcaf54 [0x00007f353dfcaca0+0x00000000000002b4]
j  org.apache.spark.sql.execution.SparkPlan.$anonfun$getByteArrayRdd$1(ZILscala/collection/Iterator;)Lscala/collection/Iterator;+207
j  org.apache.spark.sql.execution.SparkPlan$$Lambda$3279+0x00007f34dcf279f0.apply(Ljava/lang/Object;)Ljava/lang/Object;+12
j  org.apache.spark.rdd.RDD.$anonfun$mapPartitionsInternal$2(Lscala/Function1;Lorg/apache/spark/TaskContext;ILscala/collection/Iterator;)Lscala/collection/Iterator;+2
j  org.apache.spark.rdd.RDD.$anonfun$mapPartitionsInternal$2$adapted(Lscala/Function1;Lorg/apache/spark/TaskContext;Ljava/lang/Object;Lscala/collection/Iterator;)Lscala/collection/Iterator;+7
j  org.apache.spark.rdd.RDD$$Lambda$3280+0x00007f34dcf3c000.apply(Ljava/lang/Object;Ljava/lang/Object;Ljava/lang/Object;)Ljava/lang/Object;+13
j  org.apache.spark.rdd.MapPartitionsRDD.compute(Lorg/apache/spark/Partition;Lorg/apache/spark/TaskContext;)Lscala/collection/Iterator;+27
j  org.apache.spark.rdd.RDD.computeOrReadCheckpoint(Lorg/apache/spark/Partition;Lorg/apache/spark/TaskContext;)Lscala/collection/Iterator;+24
j  org.apache.spark.rdd.RDD.iterator(Lorg/apache/spark/Partition;Lorg/apache/spark/TaskContext;)Lscala/collection/Iterator;+40
j  org.apache.spark.scheduler.ResultTask.runTask(Lorg/apache/spark/TaskContext;)Ljava/lang/Object;+201
j  org.apache.spark.TaskContext.runTaskWithListeners(Lorg/apache/spark/scheduler/Task;)Ljava/lang/Object;+2
j  org.apache.spark.scheduler.Task.run(JILorg/apache/spark/metrics/MetricsSystem;ILscala/collection/immutable/Map;Lscala/Option;)Ljava/lang/Object;+254
j  org.apache.spark.executor.Executor$TaskRunner.$anonfun$run$4(Lorg/apache/spark/executor/Executor$TaskRunner;Lscala/runtime/BooleanRef;)Ljava/lang/Object;+43
j  org.apache.spark.executor.Executor$TaskRunner$$Lambda$3237+0x00007f34dcf1c870.apply()Ljava/lang/Object;+8
j  org.apache.spark.util.SparkErrorUtils.tryWithSafeFinally(Lscala/Function0;Lscala/Function0;)Ljava/lang/Object;+4
j  org.apache.spark.util.SparkErrorUtils.tryWithSafeFinally$(Lorg/apache/spark/util/SparkErrorUtils;Lscala/Function0;Lscala/Function0;)Ljava/lang/Object;+3
j  org.apache.spark.util.Utils$.tryWithSafeFinally(Lscala/Function0;Lscala/Function0;)Ljava/lang/Object;+3
j  org.apache.spark.executor.Executor$TaskRunner.run()V+560
j  java.util.concurrent.ThreadPoolExecutor.runWorker(Ljava/util/concurrent/ThreadPoolExecutor$Worker;)V+92 java.base@17.0.14
j  java.util.concurrent.ThreadPoolExecutor$Worker.run()V+5 java.base@17.0.14
j  java.lang.Thread.run()V+11 java.base@17.0.14
v  ~StubRoutines::call_stub

siginfo: si_signo: 11 (SIGSEGV), si_code: 128 (SI_KERNEL), si_addr: 0x0000000000000000

Registers:
RAX=0x0000000000000018, RBX=0x0000000000000000, RCX=0x00007f35540f16e0, RDX=0x0000000000000000
RSP=0x00007f346f87eb90, RBP=0x00007f346f87ebf0, RSI=0x00007f35540f16e0, RDI=0x00007f3559b2ef98
R8 =0x00007f34b0aab2f0, R9 =0x0000000000000018, R10=0x00007f346f87efe0, R11=0x00007f346f87f310
R12=0x0000000000000018, R13=0x6752000000000000, R14=0x0000000000000001, R15=0x00007f34b0aab2f0
RIP=0x00007f355968fa68, EFLAGS=0x0000000000010202, CSGSFS=0x002b000000000033, ERR=0x0000000000000000
  TRAPNO=0x000000000000000d


Register to memory mapping:

RAX=0x0000000000000018 is an unknown value
RBX=0x0 is NULL
RCX=0x00007f35540f16e0 points into unknown readable memory: 0x0000000000000000 | 00 00 00 00 00 00 00 00
RDX=0x0 is NULL
RSP=0x00007f346f87eb90 is pointing into the stack for thread: 0x00007f347c03d600
RBP=0x00007f346f87ebf0 is pointing into the stack for thread: 0x00007f347c03d600
RSI=0x00007f35540f16e0 points into unknown readable memory: 0x0000000000000000 | 00 00 00 00 00 00 00 00
RDI=0x00007f3559b2ef98: <offset 0x00000000012cbf98> in /usr/lib/jvm/java-17-openjdk-amd64/lib/server/libjvm.so at 0x00007f3558863000
R8 =0x00007f34b0aab2f0 points into unknown readable memory: 0x0000000000000000 | 00 00 00 00 00 00 00 00
R9 =0x0000000000000018 is an unknown value
R10=0x00007f346f87efe0 is pointing into the stack for thread: 0x00007f347c03d600
R11=0x00007f346f87f310 is pointing into the stack for thread: 0x00007f347c03d600
R12=0x0000000000000018 is an unknown value
R13=0x6752000000000000 is an unknown value
R14=0x0000000000000001 is an unknown value
R15=0x00007f34b0aab2f0 points into unknown readable memory: 0x0000000000000000 | 00 00 00 00 00 00 00 00


Top of Stack: (sp=0x00007f346f87eb90)
0x00007f346f87eb90:   0000000000000000 0000000000000000
0x00007f346f87eba0:   00007f347c03d600 00007f35540f16e0
0x00007f346f87ebb0:   0000000000000018 00007f34b0bd8a74
0x00007f346f87ebc0:   0000000000000000 00007f34b059f270
0x00007f346f87ebd0:   0000000078a33449 00007f34b0bd8a74
0x00007f346f87ebe0:   0000000000000018 0000000078a33449
0x00007f346f87ebf0:   00007f346f87ec30 00007f355968fc5e
0x00007f346f87ec00:   0000000000000000 000000000000004c
0x00007f346f87ec10:   00007f346dbd35d0 00007f35598151ec
0x00007f346f87ec20:   00007f347c03d600 00000000000000fa
0x00007f346f87ec30:   00007f346f87ed90 00007f3558dde9c3
0x00007f346f87ec40:   000000006f20d70c 00007f346f87f310
0x00007f346f87ec50:   00007f346f87efe0 0000000000000018
0x00007f346f87ec60:   00007f34b0bd8a74 0000000000000006
0x00007f346f87ec70:   00007f346f87ecc0 78a33449593f5717
0x00007f346f87ec80:   00007f34db000d68 00007f34bc989a48
0x00007f346f87ec90:   0000001000000010 0000000f0000000c
0x00007f346f87eca0:   0000000c00000013 00007f3554128d00
0x00007f346f87ecb0:   0000003c00000039 000000400000003e
0x00007f346f87ecc0:   0000004400000042 00007f355969cdd3
0x00007f346f87ecd0:   c902a6eec3b9622f bcdb852e397f54c9
0x00007f346f87ece0:   3ec89988adba4950 00007f347c03d600
0x00007f346f87ecf0:   00007f3559a80028 00007f34b0bd8880
0x00007f346f87ed00:   00007f34b0bda123 00007f34b0bd8a8c
0x00007f346f87ed10:   00007f346f87f4e0 00007f35593f0001
0x00007f346f87ed20:   00007f34b0bd89b2 00007f34b0bd89dd
0x00007f346f87ed30:   00007f34b0bd89f3 00007f34b0bd8a05
0x00007f346f87ed40:   00007f34b0bd8a1a 00007f34b0bd8a33
0x00007f346f87ed50:   00007f3554128c60 00007f347c03d600
0x00007f346f87ed60:   00007f346f87ed90 00007f346f87f310
0x00007f346f87ed70:   00007f346f87efe0 00000000000000fa
0x00007f346f87ed80:   00000000000000fa 00007f347c03d600 

Instructions: (pc=0x00007f355968fa68)
0x00007f355968f968:   06 49 63 d6 4c 89 fe e8 cc 54 42 ff 85 c0 b8 00
0x00007f355968f978:   00 00 00 4c 0f 45 e8 e9 9e fe ff ff 66 66 2e 0f
0x00007f355968f988:   1f 84 00 00 00 00 00 90 55 48 89 e5 41 57 41 56
0x00007f355968f998:   41 55 41 54 41 89 f4 53 48 89 d3 48 83 ec 38 48
0x00007f355968f9a8:   89 7d c8 66 48 8d 3d e5 f5 49 00 66 66 48 e8 95
0x00007f355968f9b8:   4b 42 ff 48 8b 0d 2e 00 51 00 48 89 4d b8 48 8b
0x00007f355968f9c8:   00 48 89 45 b0 48 8b 80 f8 00 00 00 48 89 45 a8
0x00007f355968f9d8:   a8 01 75 12 48 8d 05 7d a4 4e 00 48 8b 80 80 00
0x00007f355968f9e8:   00 00 48 83 c8 01 48 8b 75 b0 48 8d 96 f8 00 00
0x00007f355968f9f8:   00 48 87 02 48 8b 75 b8 48 8b 46 48 48 85 c0 74
0x00007f355968fa08:   09 48 8d 56 48 31 c0 48 87 02 48 8b 4d b8 48 8b
0x00007f355968fa18:   41 08 48 8b 50 18 48 8b 00 48 21 da 48 8d 04 d0
0x00007f355968fa28:   48 8b 10 83 e2 02 74 0f 48 8b 41 10 48 23 58 18
0x00007f355968fa38:   48 8b 00 48 8d 04 d8 4c 8b 00 49 83 e0 fc 4d 89
0x00007f355968fa48:   c6 4d 89 c7 0f 84 9a 00 00 00 49 63 c4 31 db 45
0x00007f355968fa58:   31 f6 48 89 45 c0 66 90 4d 8b 6f 08 49 83 c6 01
0x00007f355968fa68:   41 0f b7 45 04 41 39 c4 75 5e 48 8b 55 c0 48 8b
0x00007f355968fa78:   75 c8 49 8d 7d 06 e8 bd 53 42 ff 85 c0 75 49 4c
0x00007f355968fa88:   89 ef e8 71 ec ff ff 84 c0 74 3d 48 8b 45 b8 48
0x00007f355968fa98:   8b 50 28 49 8b 47 08 48 8b 4d b0 48 8b 75 a8 48
0x00007f355968faa8:   89 b1 f8 00 00 00 49 39 d6 76 07 c6 05 6e fa 50
0x00007f355968fab8:   00 01 48 83 c4 38 5b 41 5c 41 5d 41 5e 41 5f 5d
0x00007f355968fac8:   c3 0f 1f 80 00 00 00 00 84 db 75 0c 49 8b 47 08
0x00007f355968fad8:   8b 00 66 85 c0 0f 94 c3 4d 8b 3f 4d 85 ff 0f 85
0x00007f355968fae8:   74 ff ff ff 48 8b 45 b8 48 8b 50 28 31 c0 eb a7
0x00007f355968faf8:   0f 1f 84 00 00 00 00 00 89 d2 e9 89 fe ff ff 90
0x00007f355968fb08:   0f 1f 84 00 00 00 00 00 55 48 89 e5 41 56 41 89
0x00007f355968fb18:   f6 41 55 49 89 fd 41 54 41 89 d4 53 48 8d 3d 1d
0x00007f355968fb28:   f1 49 00 e8 20 4a 42 ff 80 b8 18 00 00 00 00 48
0x00007f355968fb38:   89 c3 74 24 44 89 e2 44 89 f6 4c 89 ef e8 b6 fb
0x00007f355968fb48:   ff ff 48 85 c0 74 41 5b 41 5c 41 5d 41 5e 5d c3
0x00007f355968fb58:   0f 1f 84 00 00 00 00 00 44 89 e2 44 89 f6 4c 89 


Stack slot to memory mapping:
stack at sp + 0 slots: 0x0 is NULL
stack at sp + 1 slots: 0x0 is NULL
stack at sp + 2 slots: 0x00007f347c03d600 is a thread
stack at sp + 3 slots: 0x00007f35540f16e0 points into unknown readable memory: 0x0000000000000000 | 00 00 00 00 00 00 00 00
stack at sp + 4 slots: 0x0000000000000018 is an unknown value
stack at sp + 5 slots: 0x00007f34b0bd8a74 points into unknown readable memory: 74 68 72 65
stack at sp + 6 slots: 0x0 is NULL
stack at sp + 7 slots: 0x00007f34b059f270 points into unknown readable memory: 0xfffffffffffffffe | fe ff ff ff ff ff ff ff


Compiled method (n/a)  299943  466     n 0       java.lang.ClassLoader::defineClass1 (native)
 total in heap  [0x00007f354505ba10,0x00007f354505be98] = 1160
 relocation     [0x00007f354505bb70,0x00007f354505bba8] = 56
 main code      [0x00007f354505bbc0,0x00007f354505be98] = 728

[Constant Pool (empty)]

[MachCode]
[Entry Point]
  # {method} {0x00007f34db0111a8} 'defineClass1' '(Ljava/lang/ClassLoader;Ljava/lang/String;[BIILjava/security/ProtectionDomain;Ljava/lang/String;)Ljava/lang/Class;' in 'java/lang/ClassLoader'
  # parm0:    rsi:rsi   = 'java/lang/ClassLoader'
  # parm1:    rdx:rdx   = 'java/lang/String'
  # parm2:    rcx:rcx   = '[B'
  # parm3:    r8        = int
  # parm4:    r9        = int
  # parm5:    rdi:rdi   = 'java/security/ProtectionDomain'
  # parm6:    [sp+0x70]   = 'java/lang/String'  (sp of caller)
  0x00007f354505bbc0: 448b 5608 | 49bb 0000 | 00db 347f | 0000 4d03 | d349 3bc2 | 0f84 0600 

  0x00007f354505bbd8: ;   {runtime_call ic_miss_stub}
  0x00007f354505bbd8: 0000 e9a1 | d1a8 ff90 
[Verified Entry Point]
  0x00007f354505bbe0: 8984 2400 | c0fe ff55 | 488b ec48 | 83ec 6048 | 817d 1000 | 0000 0048 | 8d45 1048 | 0f44 4510 
  0x00007f354505bc00: 4889 4424 | 1048 897c | 2440 4883 | ff00 488d | 4424 4048 | 0f44 4424 | 4048 8944 | 2408 4c89 
  0x00007f354505bc20: 0c24 4d8b | c848 894c | 2428 4883 | f900 4c8d | 4424 284c | 0f44 4424 | 2848 8954 | 2420 4883 
  0x00007f354505bc40: fa00 488d | 4c24 2048 | 0f44 4c24 | 2048 8974 | 2418 4883 | fe00 488d | 5424 1848 | 0f44 5424 
  0x00007f354505bc60: ;   {oop(a 'java/lang/Class'{0x00000007ffd01218} = 'java/lang/ClassLoader')}
  0x00007f354505bc60: 1849 be18 | 12d0 ff07 | 0000 004c | 8974 2448 | 4c8d 7424 | 4849 8bf6 

  0x00007f354505bc78: ;   {internal_word}
  0x00007f354505bc78: c5f8 7749 | ba78 bc05 | 4535 7f00 | 004d 8997 | 9802 0000 | 4989 a790 

  0x00007f354505bc90: ;   {external_word}
  0x00007f354505bc90: 0200 0080 | 3d8b e4b1 | 1400 0f84 | 3e00 0000 | 5652 5141 

  0x00007f354505bca4: ;   {metadata({method} {0x00007f34db0111a8} 'defineClass1' '(Ljava/lang/ClassLoader;Ljava/lang/String;[BIILjava/security/ProtectionDomain;Ljava/lang/String;)Ljava/lang/Class;' in 'java/lang/ClassLoader')}
  0x00007f354505bca4: 5041 5148 | bea8 1101 | db34 7f00 | 0049 8bff | f7c4 0f00 | 0000 0f84 | 1200 0000 | 4883 ec08 
  0x00007f354505bcc4: ;   {runtime_call SharedRuntime::dtrace_method_entry(JavaThread*, Method*)}
  0x00007f354505bcc4: e827 814d | 1448 83c4 | 08e9 0500 

  0x00007f354505bcd0: ;   {runtime_call SharedRuntime::dtrace_method_entry(JavaThread*, Method*)}
  0x00007f354505bcd0: 0000 e819 | 814d 1441 | 5941 5859 | 5a5e 498d | bfb0 0200 | 0041 c787 | 4003 0000 | 0400 0000 
  0x00007f354505bcf0: ;   {runtime_call Java_java_lang_ClassLoader_defineClass1}
  0x00007f354505bcf0: e82b 7739 | 13c5 f877 | 41c7 8740 | 0300 0005 | 0000 00f0 | 8344 24c0 | 0049 3baf | 4803 0000 
  0x00007f354505bd10: 0f87 1100 | 0000 4181 | bf30 0300 | 0000 0000 | 000f 8424 | 0000 00c5 | f877 4889 | 45f8 498b 
  0x00007f354505bd30: ff4c 8be4 | 4883 ec00 | 4883 e4f0 

  0x00007f354505bd3c: ;   {runtime_call JavaThread::check_special_condition_for_native_trans(JavaThread*)}
  0x00007f354505bd3c: e88f 4069 | 1449 8be4 | 4d33 e448 | 8b45 f841 | c787 4003 | 0000 0800 | 0000 4181 | bfb0 0300 
  0x00007f354505bd5c: 0002 0000 | 000f 8408 

  0x00007f354505bd64: ;   {external_word}
  0x00007f354505bd64: 0100 0080 | 3db7 e3b1 | 1400 0f84 | 3800 0000 | 4889 45f8 

  0x00007f354505bd78: ;   {metadata({method} {0x00007f34db0111a8} 'defineClass1' '(Ljava/lang/ClassLoader;Ljava/lang/String;[BIILjava/security/ProtectionDomain;Ljava/lang/String;)Ljava/lang/Class;' in 'java/lang/ClassLoader')}
  0x00007f354505bd78: 48be a811 | 01db 347f | 0000 498b | fff7 c40f | 0000 000f | 8412 0000 | 0048 83ec 

  0x00007f354505bd94: ;   {runtime_call SharedRuntime::dtrace_method_exit(JavaThread*, Method*)}
  0x00007f354505bd94: 08e8 0681 | 4d14 4883 | c408 e905 

  0x00007f354505bda0: ;   {runtime_call SharedRuntime::dtrace_method_exit(JavaThread*, Method*)}
  0x00007f354505bda0: 0000 00e8 | f880 4d14 | 488b 45f8 | 49c7 8790 | 0200 0000 | 0000 0049 | c787 9802 | 0000 0000 
  0x00007f354505bdc0: 0000 c5f8 | 7748 85c0 | 0f84 7b00 | 0000 48f7 | c001 0000 | 000f 846b | 0000 0048 | 8b40 ff41 
  0x00007f354505bde0: 807f 3800 | 0f84 5700 | 0000 4883 | f800 0f84 | 4d00 0000 | 498b 4f20 | 4883 f900 | 0f84 1400 
  0x00007f354505be00: 0000 4883 | e908 4989 | 4f20 4903 | 4f30 4889 | 01e9 2b00 | 0000 5049 | 8bf7 488b | f8f7 c40f 
  0x00007f354505be20: 0000 000f | 8412 0000 | 0048 83ec 

  0x00007f354505be2c: ;   {runtime_call G1BarrierSetRuntime::write_ref_field_pre_entry(oopDesc*, JavaThread*)}
  0x00007f354505be2c: 08e8 deaf | ed13 4883 | c408 e905 

  0x00007f354505be38: ;   {runtime_call G1BarrierSetRuntime::write_ref_field_pre_entry(oopDesc*, JavaThread*)}
  0x00007f354505be38: 0000 00e8 | d0af ed13 | 58e9 0300 | 0000 488b | 0049 8b8f | d800 0000 | c781 0001 | 0000 0000 
  0x00007f354505be58: 0000 c949 | 817f 0800 | 0000 000f | 8501 0000 

  0x00007f354505be68: ;   {runtime_call StubRoutines (1)}
  0x00007f354505be68: 00c3 e991 | cda3 ffc5 | f877 4889 | 45f8 4c8b | e448 83ec | 0048 83e4 

  0x00007f354505be80: ;   {runtime_call SharedRuntime::reguard_yellow_pages()}
  0x00007f354505be80: f0e8 8a8e | 4d14 498b | e44d 33e4 | 488b 45f8 | e9d2 feff | fff4 f4f4 
[/MachCode]


Compiled method (c2)  300190 4739       4       java.security.SecureClassLoader::defineClass (16 bytes)
 total in heap  [0x00007f35452d7110,0x00007f35452d7b30] = 2592
 relocation     [0x00007f35452d7270,0x00007f35452d72e8] = 120
 main code      [0x00007f35452d7300,0x00007f35452d7680] = 896
 stub code      [0x00007f35452d7680,0x00007f35452d76e0] = 96
 metadata       [0x00007f35452d76e0,0x00007f35452d7740] = 96
 scopes data    [0x00007f35452d7740,0x00007f35452d7948] = 520
 scopes pcs     [0x00007f35452d7948,0x00007f35452d7a58] = 272
 dependencies   [0x00007f35452d7a58,0x00007f35452d7a60] = 8
 handler table  [0x00007f35452d7a60,0x00007f35452d7b08] = 168
 nul chk table  [0x00007f35452d7b08,0x00007f35452d7b30] = 40

[Constant Pool (empty)]

[MachCode]
[Entry Point]
  # {method} {0x00007f34db438d80} 'defineClass' '(Ljava/lang/String;[BIILjava/security/CodeSource;)Ljava/lang/Class;' in 'java/security/SecureClassLoader'
  # this:     rsi:rsi   = 'java/security/SecureClassLoader'
  # parm0:    rdx:rdx   = 'java/lang/String'
  # parm1:    rcx:rcx   = '[B'
  # parm2:    r8        = int
  # parm3:    r9        = int
  # parm4:    rdi:rdi   = 'java/security/CodeSource'
  #           [sp+0x70]  (sp of caller)
  0x00007f35452d7300: 448b 5608 | 49bb 0000 | 00db 347f | 0000 4d03 | d349 3bc2 

  0x00007f35452d7314: ;   {runtime_call ic_miss_stub}
  0x00007f35452d7314: 0f85 661a | 81ff 6690 | 0f1f 4000 
[Verified Entry Point]
  0x00007f35452d7320: 8984 2400 | c0fe ff55 | 4883 ec60 | 4489 4c24 | 2c44 8944 | 2428 4889 | 4c24 1848 | 8954 2410 
  0x00007f35452d7340: 4889 7424 | 2048 897c | 2440 4885 | ff0f 841d | 0200 0049 | 8b97 0801 | 0000 4c8b | d249 83c2 
  0x00007f35452d7360: 104d 3b97 | 1801 0000 | 0f83 6401 | 0000 4d89 | 9708 0100 | 0041 0f0d | 8ac0 0000 | 0048 c702 
  0x00007f35452d7380: 0100 0000 

  0x00007f35452d7384: ;   {metadata('java/security/SecureClassLoader$CodeSourceKey')}
  0x00007f35452d7384: c742 0860 | b114 004c | 8b54 2440 | 4d8b c249 | c1e8 0344 | 8942 0c49 | 8b8f 0801 | 0000 4c8b 
  0x00007f35452d73a4: 5424 2041 | 8b6a 504c | 8bd1 4983 | c218 6666 | 0f1f 8400 | 0000 0000 | 6666 6690 | 4d3b 9718 
  0x00007f35452d73c4: 0100 000f | 8323 0100 | 004d 8997 | 0801 0000 | 410f 0d8a | c000 0000 | 48c7 0101 

  0x00007f35452d73e0: ;   {metadata('java/security/SecureClassLoader$1')}
  0x00007f35452d73e0: 0000 00c7 | 4108 78b3 | 1400 4489 | 6114 4489 | 410c 4c8b | 5424 204d | 8bda 49c1 | eb03 4489 
  0x00007f35452d7400: 5910 458b 

  0x00007f35452d7404: ;   {metadata('java/util/concurrent/ConcurrentHashMap')}
  0x00007f35452d7404: 5cec 0841 | 81fb 70e6 | 0000 0f85 | 1c01 0000 | 498d 34ec 

  0x00007f35452d7418: ;   {optimized virtual_call}
  0x00007f35452d7418: 6666 90e8 

  0x00007f35452d741c: ; ImmutableOopMap {[16]=Oop [24]=Oop [32]=Oop }
                      ;*invokeinterface computeIfAbsent {reexecute=0 rethrow=0 return_oop=1}
                      ; - java.security.SecureClassLoader::getProtectionDomain@29 (line 222)
                      ; - java.security.SecureClassLoader::defineClass@9 (line 150)
  0x00007f35452d741c: a07e 0500 

  0x00007f35452d7420: ; implicit exception: dispatches to 0x00007f35452d75d4
  0x00007f35452d7420: 448b 5008 

  0x00007f35452d7424: ;   {metadata('java/security/ProtectionDomain')}
  0x00007f35452d7424: 4181 fac8 | ee00 000f | 8567 0100 | 0048 8bc8 | 488b 7424 | 2048 8b54 

  0x00007f35452d743c: ;   {optimized virtual_call}
  0x00007f35452d743c: 2410 90e8 

  0x00007f35452d7440: ; ImmutableOopMap {[16]=Oop [24]=Oop [32]=Oop }
                      ;*invokevirtual preDefineClass {reexecute=0 rethrow=0 return_oop=1}
                      ; - java.lang.ClassLoader::defineClass@4 (line 1015)
                      ; - java.security.SecureClassLoader::defineClass@12 (line 150)
  0x00007f35452d7440: 5c1b b1f8 | 4889 4424 | 3044 8b58 | 1043 8b6c | dc0c 85ed | 0f84 7400 | 0000 458b | 54ec 3890 
  0x00007f35452d7460: 4585 d20f | 84bd 0000 | 004b 8d34 | d449 8d14 

  0x00007f35452d7470: ;   {optimized virtual_call}
  0x00007f35452d7470: ec66 90e8 

  0x00007f35452d7474: ; ImmutableOopMap {[16]=Oop [24]=Oop [32]=Oop [48]=Oop }
                      ;*invokevirtual toExternalForm {reexecute=0 rethrow=0 return_oop=1}
                      ; - java.net.URL::toExternalForm@5 (line 1039)
                      ; - java.net.URL::toString@1 (line 1025)
                      ; - java.lang.ClassLoader::defineClassSourceLocation@22 (line 917)
                      ; - java.lang.ClassLoader::defineClass@12 (line 1016)
                      ; - java.security.SecureClassLoader::defineClass@12 (line 150)
  0x00007f35452d7474: 08aa faff | 488b 7424 | 2048 8b54 | 2410 488b | 4c24 1844 | 8b44 2428 | 448b 4c24 | 2c48 8b7c 
  0x00007f35452d7494: 2430 4889 

  0x00007f35452d7498: ;   {static_call}
  0x00007f35452d7498: 0424 90e8 

  0x00007f35452d749c: ; ImmutableOopMap {[32]=Oop [48]=Oop }
                      ;*invokestatic defineClass1 {reexecute=0 rethrow=0 return_oop=1}
                      ; - java.lang.ClassLoader::defineClass@27 (line 1017)
                      ; - java.security.SecureClassLoader::defineClass@12 (line 150)
  0x00007f35452d749c: 4047 d8ff | 488b e848 | 8b74 2420 | 488b d048 | 8b4c 2430 

  0x00007f35452d74b0: ;   {optimized virtual_call}
  0x00007f35452d74b0: 6666 90e8 

  0x00007f35452d74b4: ; ImmutableOopMap {rbp=Oop }
                      ;*invokevirtual postDefineClass {reexecute=0 rethrow=0 return_oop=0}
                      ; - java.lang.ClassLoader::defineClass@37 (line 1018)
                      ; - java.security.SecureClassLoader::defineClass@12 (line 150)
  0x00007f35452d74b4: 2883 0900 | 488b c548 | 83c4 605d 

  0x00007f35452d74c0: ;   {poll_return}
  0x00007f35452d74c0: 493b a748 | 0300 000f | 878f 0100 | 00c3 33c0 

  0x00007f35452d74d0: ;   {metadata('java/security/SecureClassLoader$CodeSourceKey')}
  0x00007f35452d74d0: eba6 48be | 60b1 14db | 347f 0000 | 488b 6c24 

  0x00007f35452d74e0: ;   {runtime_call _new_instance_Java}
  0x00007f35452d74e0: 2066 90e8 

  0x00007f35452d74e4: ; ImmutableOopMap {rbp=Oop [16]=Oop [24]=Oop [32]=Oop [64]=Oop }
                      ;*new {reexecute=0 rethrow=0 return_oop=1}
                      ; - java.security.SecureClassLoader::getProtectionDomain@6 (line 221)
                      ; - java.security.SecureClassLoader::defineClass@9 (line 150)
  0x00007f35452d74e4: 18d9 8bff | 488b d0e9 | 9bfe ffff | 4489 4424 | 3848 8954 

  0x00007f35452d74f8: ;   {metadata('java/security/SecureClassLoader$1')}
  0x00007f35452d74f8: 2430 48be | 78b3 14db | 347f 0000 | 48ff 7424 | 4048 8f44 

  0x00007f35452d750c: ;   {runtime_call _new_instance_Java}
  0x00007f35452d750c: 2408 90e8 

  0x00007f35452d7510: ; ImmutableOopMap {rbp=NarrowOop [8]=Oop [16]=Oop [24]=Oop [32]=Oop [48]=Oop [56]=NarrowOop }
                      ;*new {reexecute=0 rethrow=0 return_oop=1}
                      ; - java.security.SecureClassLoader::getProtectionDomain@20 (line 222)
                      ; - java.security.SecureClassLoader::defineClass@9 (line 150)
  0x00007f35452d7510: ecd8 8bff | 488b 5424 | 3044 8b44 | 2438 488b | c8e9 c8fe | ffff bef6 

  0x00007f35452d7528: ;   {runtime_call UncommonTrapBlob}
  0x00007f35452d7528: ffff ffe8 

  0x00007f35452d752c: ; ImmutableOopMap {rbp=NarrowOop }
                      ;*invokevirtual toExternalForm {reexecute=0 rethrow=0 return_oop=0}
                      ; - java.net.URL::toExternalForm@5 (line 1039)
                      ; - java.net.URL::toString@1 (line 1025)
                      ; - java.lang.ClassLoader::defineClassSourceLocation@22 (line 917)
                      ; - java.lang.ClassLoader::defineClass@12 (line 1016)
                      ; - java.security.SecureClassLoader::defineClass@12 (line 150)
  0x00007f35452d752c: d070 81ff | bede ffff | ff4c 8954 | 2408 4889 | 4424 f88b | 4424 2889 | 4424 2048 | 8b44 24f8 
  0x00007f35452d754c: 4889 4424 | f88b 4424 | 2c89 4424 | 2448 8b44 | 24f8 4889 | 5424 2848 | 894c 2430 

  0x00007f35452d7568: ;   {runtime_call UncommonTrapBlob}
  0x00007f35452d7568: 6666 90e8 

  0x00007f35452d756c: ; ImmutableOopMap {rbp=NarrowOop [8]=Oop [16]=Oop [24]=Oop [40]=Oop [48]=Oop }
                      ;*invokeinterface computeIfAbsent {reexecute=0 rethrow=0 return_oop=0}
                      ; - java.security.SecureClassLoader::getProtectionDomain@29 (line 222)
                      ; - java.security.SecureClassLoader::defineClass@9 (line 150)
  0x00007f35452d756c: 9070 81ff | be45 ffff | ff48 8b6c | 2420 4889 | 5424 0848 | 894c 2410 | 4489 4424 | 1844 894c 
  0x00007f35452d758c: 241c 4889 

  0x00007f35452d7590: ;   {runtime_call UncommonTrapBlob}
  0x00007f35452d7590: 7c24 30e8 

  0x00007f35452d7594: ; ImmutableOopMap {rbp=Oop [8]=Oop [16]=Oop [48]=Oop [64]=Oop }
                      ;*ifnonnull {reexecute=1 rethrow=0 return_oop=0}
                      ; - (reexecute) java.security.SecureClassLoader::getProtectionDomain@1 (line 213)
                      ; - java.security.SecureClassLoader::defineClass@9 (line 150)
  0x00007f35452d7594: 6870 81ff | bede ffff | ff48 8b6c | 2420 4c8b | 5424 104c | 8954 2408 | 4c8b 5424 | 184c 8954 
  0x00007f35452d75b4: 2410 4889 

  0x00007f35452d75b8: ;   {runtime_call UncommonTrapBlob}
  0x00007f35452d75b8: 4424 20e8 

  0x00007f35452d75bc: ; ImmutableOopMap {rbp=Oop [8]=Oop [16]=Oop [32]=Oop }
                      ;*checkcast {reexecute=0 rethrow=0 return_oop=0}
                      ; - java.security.SecureClassLoader::getProtectionDomain@34 (line 222)
                      ; - java.security.SecureClassLoader::defineClass@9 (line 150)
  0x00007f35452d75bc: 4070 81ff | bef6 ffff | ff48 8bea | 4889 4c24 

  0x00007f35452d75cc: ;   {runtime_call UncommonTrapBlob}
  0x00007f35452d75cc: 0866 90e8 

  0x00007f35452d75d0: ; ImmutableOopMap {rbp=Oop [8]=Oop }
                      ;*invokeinterface computeIfAbsent {reexecute=0 rethrow=0 return_oop=0}
                      ; - java.security.SecureClassLoader::getProtectionDomain@29 (line 222)
                      ; - java.security.SecureClassLoader::defineClass@9 (line 150)
  0x00007f35452d75d0: 2c70 81ff | bef4 ffff | ff48 8b6c | 2420 4c8b | 5424 104c | 8954 2408 | 4c8b 5424 | 184c 8954 
  0x00007f35452d75f0: ;   {runtime_call UncommonTrapBlob}
  0x00007f35452d75f0: 2410 90e8 

  0x00007f35452d75f4: ; ImmutableOopMap {rbp=Oop [8]=Oop [16]=Oop }
                      ;*checkcast {reexecute=0 rethrow=0 return_oop=0}
                      ; - java.security.SecureClassLoader::getProtectionDomain@34 (line 222)
                      ; - java.security.SecureClassLoader::defineClass@9 (line 150)
  0x00007f35452d75f4: 0870 81ff | bef6 ffff 

  0x00007f35452d75fc: ;   {runtime_call UncommonTrapBlob}
  0x00007f35452d75fc: ff66 90e8 

  0x00007f35452d7600: ; ImmutableOopMap {}
                      ;*invokevirtual getCodeSource {reexecute=0 rethrow=0 return_oop=0}
                      ; - java.lang.ClassLoader::defineClassSourceLocation@1 (line 914)
                      ; - java.lang.ClassLoader::defineClass@12 (line 1016)
                      ; - java.security.SecureClassLoader::defineClass@12 (line 150)
  0x00007f35452d7600: fc6f 81ff | be45 ffff | ff48 8b6c | 2420 4c8b | 5424 104c | 8954 2408 | 4c8b 5424 | 184c 8954 
  0x00007f35452d7620: 2410 448b | 4424 2844 | 8944 2418 | 448b 5424 | 2c44 8954 | 241c 4489 

  0x00007f35452d7638: ;   {runtime_call UncommonTrapBlob}
  0x00007f35452d7638: 5c24 2ce8 

  0x00007f35452d763c: ; ImmutableOopMap {rbp=Oop [8]=Oop [16]=Oop [44]=NarrowOop [48]=Oop }
                      ;*ifnull {reexecute=1 rethrow=0 return_oop=0}
                      ; - (reexecute) java.lang.ClassLoader::defineClassSourceLocation@8 (line 916)
                      ; - java.lang.ClassLoader::defineClass@12 (line 1016)
                      ; - java.security.SecureClassLoader::defineClass@12 (line 150)
  0x00007f35452d763c: c06f 81ff | eb0d eb0b | eb04 eb02 | eb00 488b | f0eb 0348 | 8bf0 4883 

  0x00007f35452d7654: ;   {runtime_call _rethrow_Java}
  0x00007f35452d7654: c460 5de9 | a421 8cff 

  0x00007f35452d765c: ;   {internal_word}
  0x00007f35452d765c: 49ba c074 | 2d45 357f | 0000 4d89 | 9760 0300 

  0x00007f35452d766c: ;   {runtime_call SafepointBlob}
  0x00007f35452d766c: 00e9 8e80 | 81ff f4f4 | f4f4 f4f4 | f4f4 f4f4 | f4f4 f4f4 
[Stub Code]
  0x00007f35452d7680: ;   {no_reloc}
  0x00007f35452d7680: 48bb 9007 | 43db 347f 

  0x00007f35452d7688: ;   {runtime_call I2C/C2I adapters}
  0x00007f35452d7688: 0000 e952 

  0x00007f35452d768c: ;   {static_stub}
  0x00007f35452d768c: e080 ff48 | bbf8 1001 | db34 7f00 

  0x00007f35452d7698: ;   {runtime_call I2C/C2I adapters}
  0x00007f35452d7698: 00e9 43e0 

  0x00007f35452d769c: ;   {static_stub}
  0x00007f35452d769c: 80ff 48bb | 0000 0000 | 0000 0000 

  0x00007f35452d76a8: ;   {runtime_call}
  0x00007f35452d76a8: e9fb ffff 

  0x00007f35452d76ac: ;   {static_stub}
  0x00007f35452d76ac: ff48 bb00 | 0000 0000 

  0x00007f35452d76b4: ;   {runtime_call}
  0x00007f35452d76b4: 0000 00e9 | fbff ffff 

  0x00007f35452d76bc: ;   {static_stub}
  0x00007f35452d76bc: 48bb 1012 | 01db 347f 

  0x00007f35452d76c4: ;   {runtime_call I2C/C2I adapters}
  0x00007f35452d76c4: 0000 e916 

  0x00007f35452d76c8: ;   {runtime_call ExceptionBlob}
  0x00007f35452d76c8: e080 ffe9 | b022 8bff 
[Deopt Handler Code]
  0x00007f35452d76d0: e800 0000 | 0048 832c 

  0x00007f35452d76d8: ;   {runtime_call DeoptimizationBlob}
  0x00007f35452d76d8: 2405 e9c1 | 7281 fff4 
[/MachCode]


Compiled method (c1)  300663 1223       3       jdk.internal.loader.BuiltinClassLoader::defineClass (121 bytes)
 total in heap  [0x00007f353d784c10,0x00007f353d786738] = 6952
 relocation     [0x00007f353d784d70,0x00007f353d784f08] = 408
 main code      [0x00007f353d784f20,0x00007f353d7860e0] = 4544
 stub code      [0x00007f353d7860e0,0x00007f353d786200] = 288
 metadata       [0x00007f353d786200,0x00007f353d786248] = 72
 scopes data    [0x00007f353d786248,0x00007f353d7864c8] = 640
 scopes pcs     [0x00007f353d7864c8,0x00007f353d7866e8] = 544
 dependencies   [0x00007f353d7866e8,0x00007f353d7866f0] = 8
 handler table  [0x00007f353d7866f0,0x00007f353d786708] = 24
 nul chk table  [0x00007f353d786708,0x00007f353d786738] = 48

[Constant Pool (empty)]

[MachCode]
[Entry Point]
  # {method} {0x00007f34db43a668} 'defineClass' '(Ljava/lang/String;Ljdk/internal/loader/Resource;)Ljava/lang/Class;' in 'jdk/internal/loader/BuiltinClassLoader'
  # this:     rsi:rsi   = 'jdk/internal/loader/BuiltinClassLoader'
  # parm0:    rdx:rdx   = 'java/lang/String'
  # parm1:    rcx:rcx   = 'jdk/internal/loader/Resource'
  #           [sp+0x100]  (sp of caller)
  0x00007f353d784f20: 448b 5608 | 49bb 0000 | 00db 347f | 0000 4d03 | d34c 3bd0 

  0x00007f353d784f34: ;   {runtime_call ic_miss_stub}
  0x00007f353d784f34: 0f85 463e | 3607 660f | 1f44 0000 
[Verified Entry Point]
  0x00007f353d784f40: 8984 2400 | c0fe ff55 | 4881 ecf0 | 0000 0048 | 89b4 24a0 | 0000 0048 | 8994 2490 | 0000 0048 
  0x00007f353d784f60: 898c 2498 

  0x00007f353d784f64: ;   {metadata(method data for {method} {0x00007f34db43a668} 'defineClass' '(Ljava/lang/String;Ljdk/internal/loader/Resource;)Ljava/lang/Class;' in 'jdk/internal/loader/BuiltinClassLoader')}
  0x00007f353d784f64: 0000 0048 | bf10 df14 | d734 7f00 | 008b 9ff4 | 0000 0083 | c302 899f | f400 0000 | 81e3 fe07 
  0x00007f353d784f84: 0000 83fb | 000f 843c | 0f00 0048 | 3b01 488b 

  0x00007f353d784f94: ;   {metadata(method data for {method} {0x00007f34db43a668} 'defineClass' '(Ljava/lang/String;Ljdk/internal/loader/Resource;)Ljava/lang/Class;' in 'jdk/internal/loader/BuiltinClassLoader')}
  0x00007f353d784f94: f948 bb10 | df14 d734 | 7f00 008b | 7f08 49ba | 0000 00db | 347f 0000 | 4903 fa48 | 3bbb 4801 
  0x00007f353d784fb4: 0000 750d | 4883 8350 | 0100 0001 | e966 0000 | 0048 3bbb | 5801 0000 | 750d 4883 | 8360 0100 
  0x00007f353d784fd4: 0001 e950 | 0000 0048 | 81bb 4801 | 0000 0000 | 0000 7517 | 4889 bb48 | 0100 0048 | c783 5001 
  0x00007f353d784ff4: 0000 0100 | 0000 e92c | 0000 0048 | 81bb 5801 | 0000 0000 | 0000 7517 | 4889 bb58 | 0100 0048 
  0x00007f353d785014: c783 6001 | 0000 0100 | 0000 e908 | 0000 0048 | 8383 3801 | 0000 0148 | 8bf1 0f1f | 8000 0000 
  0x00007f353d785034: 0048 b8b8 | 481a db34 

  0x00007f353d78503c: ;   {virtual_call}
  0x00007f353d78503c: 7f00 00e8 

  0x00007f353d785040: ; ImmutableOopMap {[160]=Oop [144]=Oop [152]=Oop }
                      ;*invokevirtual getCodeSourceURL {reexecute=0 rethrow=0 return_oop=0}
                      ; - jdk.internal.loader.BuiltinClassLoader::defineClass@1 (line 842)
  0x00007f353d785040: 5ce4 9707 | 4889 8424 | a800 0000 | 488b 9424 | 9000 0000 

  0x00007f353d785054: ; implicit exception: dispatches to 0x00007f353d785ef1
  0x00007f353d785054: 483b 0248 

  0x00007f353d785058: ;   {metadata(method data for {method} {0x00007f34db43a668} 'defineClass' '(Ljava/lang/String;Ljdk/internal/loader/Resource;)Ljava/lang/Class;' in 'jdk/internal/loader/BuiltinClassLoader')}
  0x00007f353d785058: 8bca 48be | 10df 14d7 | 347f 0000 | 4883 8670 | 0100 0001 

  0x00007f353d78506c: ;   {metadata(method data for {method} {0x00007f34db42d2c0} 'lastIndexOf' '(I)I' in 'java/lang/String')}
  0x00007f353d78506c: 48b9 2855 | 05d7 347f | 0000 8bb1 | f400 0000 | 83c6 0289 | b1f4 0000 | 0081 e6fe | ff1f 0083 
  0x00007f353d78508c: fe00 0f84 | 620e 0000 

  0x00007f353d785094: ;   {metadata(method data for {method} {0x00007f34db42d2c0} 'lastIndexOf' '(I)I' in 'java/lang/String')}
  0x00007f353d785094: 488b ca48 | be28 5505 | d734 7f00 | 0048 8386 | 3801 0000 

  0x00007f353d7850a8: ;   {metadata(method data for {method} {0x00007f34db42b020} 'length' '()I' in 'java/lang/String')}
  0x00007f353d7850a8: 0148 b910 | bf00 d734 | 7f00 008b | b1f4 0000 | 0083 c602 | 89b1 f400 | 0000 81e6 | feff 1f00 
  0x00007f353d7850c8: 83fe 000f | 8446 0e00 | 008b 7214 | 48c1 e603 

  0x00007f353d7850d8: ; implicit exception: dispatches to 0x00007f353d785f38
  0x00007f353d7850d8: 8b7e 0c48 

  0x00007f353d7850dc: ;   {metadata(method data for {method} {0x00007f34db42b020} 'length' '()I' in 'java/lang/String')}
  0x00007f353d7850dc: 8bca 48bb | 10bf 00d7 | 347f 0000 | 4883 8338 | 0100 0001 

  0x00007f353d7850f0: ;   {metadata(method data for {method} {0x00007f34db42bf28} 'coder' '()B' in 'java/lang/String')}
  0x00007f353d7850f0: 48b9 48b9 | 00d7 347f | 0000 8b99 | f400 0000 | 83c3 0289 | 99f4 0000 | 0081 e3fe | ff1f 0083 
  0x00007f353d785110: fb00 0f84 | 250e 0000 

  0x00007f353d785118: ;   {metadata(method data for {method} {0x00007f34db42bf28} 'coder' '()B' in 'java/lang/String')}
  0x00007f353d785118: 48b9 48b9 | 00d7 347f | 0000 ff81 | 4801 0000 | 0fbe 5a10 

  0x00007f353d78512c: ;   {metadata(method data for {method} {0x00007f34db42bf28} 'coder' '()B' in 'java/lang/String')}
  0x00007f353d78512c: 48b9 48b9 | 00d7 347f | 0000 ff81 | 5801 0000 | 488b cbc1 | e118 c1f9 | 18d3 ffff | cf48 8bca 
  0x00007f353d78514c: ;   {metadata(method data for {method} {0x00007f34db42d2c0} 'lastIndexOf' '(I)I' in 'java/lang/String')}
  0x00007f353d78514c: 49b8 2855 | 05d7 347f | 0000 4983 | 8070 0100 

  0x00007f353d78515c: ;   {metadata(method data for {method} {0x00007f34db42d268} 'lastIndexOf' '(II)I' in 'java/lang/String')}
  0x00007f353d78515c: 0001 48b9 | 1857 05d7 | 347f 0000 | 448b 81f4 | 0000 0041 | 83c0 0244 | 8981 f400 | 0000 4181 
  0x00007f353d78517c: e0fe ff1f | 0041 83f8 | 000f 84d3 | 0d00 0048 

  0x00007f353d78518c: ;   {metadata(method data for {method} {0x00007f34db42d268} 'lastIndexOf' '(II)I' in 'java/lang/String')}
  0x00007f353d78518c: 8bca 49b8 | 1857 05d7 | 347f 0000 | 4983 8038 | 0100 0001 

  0x00007f353d7851a0: ;   {metadata(method data for {method} {0x00007f34db42cad8} 'isLatin1' '()Z' in 'java/lang/String')}
  0x00007f353d7851a0: 48b9 e8b5 | 00d7 347f | 0000 448b | 81f4 0000 | 0041 83c0 | 0244 8981 | f400 0000 | 4181 e0fe 
  0x00007f353d7851c0: ff1f 0041 | 83f8 000f | 84b2 0d00 

  0x00007f353d7851cc: ;   {metadata(method data for {method} {0x00007f34db42cad8} 'isLatin1' '()Z' in 'java/lang/String')}
  0x00007f353d7851cc: 0048 b9e8 | b500 d734 | 7f00 00ff | 8148 0100 | 0083 fb00 

  0x00007f353d7851e0: ;   {metadata(method data for {method} {0x00007f34db42cad8} 'isLatin1' '()Z' in 'java/lang/String')}
  0x00007f353d7851e0: 48b9 e8b5 | 00d7 347f | 0000 48c7 | c358 0100 | 000f 8507 | 0000 0048 | c7c3 6801 | 0000 4c8b 
  0x00007f353d785200: 0419 4d8d | 4001 4c89 | 0419 0f85 | 1a00 0000 

  0x00007f353d785210: ;   {metadata(method data for {method} {0x00007f34db42cad8} 'isLatin1' '()Z' in 'java/lang/String')}
  0x00007f353d785210: 48b9 e8b5 | 00d7 347f | 0000 ff81 | 7801 0000 | b901 0000 | 00e9 0500 | 0000 b900 | 0000 0083 
  0x00007f353d785230: e101 83f9 

  0x00007f353d785234: ;   {metadata(method data for {method} {0x00007f34db42d268} 'lastIndexOf' '(II)I' in 'java/lang/String')}
  0x00007f353d785234: 0048 b918 | 5705 d734 | 7f00 0048 | c7c3 7001 | 0000 0f84 | 0700 0000 | 48c7 c380 | 0100 004c 
  0x00007f353d785254: 8b04 194d | 8d40 014c | 8904 190f | 8434 0000 

  0x00007f353d785264: ;   {metadata(method data for {method} {0x00007f34db42d268} 'lastIndexOf' '(II)I' in 'java/lang/String')}
  0x00007f353d785264: 0048 b918 | 5705 d734 | 7f00 0048 | 8381 9001 | 0000 01ba | 2e00 0000 

  0x00007f353d78527c: ;   {static_call}
  0x00007f353d78527c: 488b cfe8 

  0x00007f353d785280: ; ImmutableOopMap {[160]=Oop [152]=Oop [144]=Oop [168]=Oop }
                      ;*invokestatic lastIndexOf {reexecute=0 rethrow=0 return_oop=0}
                      ; - java.lang.String::lastIndexOf@13 (line 2489)
                      ; - java.lang.String::lastIndexOf@8 (line 2451)
                      ; - jdk.internal.loader.BuiltinClassLoader::defineClass@8 (line 845)
  0x00007f353d785280: 1c24 8c07 

  0x00007f353d785284: ;   {metadata(method data for {method} {0x00007f34db42d268} 'lastIndexOf' '(II)I' in 'java/lang/String')}
  0x00007f353d785284: 48be 1857 | 05d7 347f | 0000 ff86 | a001 0000 | e923 0000 

  0x00007f353d785298: ;   {metadata(method data for {method} {0x00007f34db42d268} 'lastIndexOf' '(II)I' in 'java/lang/String')}
  0x00007f353d785298: 0048 ba18 | 5705 d734 | 7f00 0048 | 8382 b801 | 0000 01ba | 2e00 0000 | 488b cf0f 

  0x00007f353d7852b4: ;   {static_call}
  0x00007f353d7852b4: 1f40 00e8 

  0x00007f353d7852b8: ; ImmutableOopMap {[160]=Oop [152]=Oop [144]=Oop [168]=Oop }
                      ;*invokestatic lastIndexOf {reexecute=0 rethrow=0 return_oop=0}
                      ; - java.lang.String::lastIndexOf@25 (line 2490)
                      ; - java.lang.String::lastIndexOf@8 (line 2451)
                      ; - jdk.internal.loader.BuiltinClassLoader::defineClass@8 (line 845)
  0x00007f353d7852b8: c443 3607 

  0x00007f353d7852bc: ;   {metadata(method data for {method} {0x00007f34db43a668} 'defineClass' '(Ljava/lang/String;Ljdk/internal/loader/Resource;)Ljava/lang/Class;' in 'jdk/internal/loader/BuiltinClassLoader')}
  0x00007f353d7852bc: 83f8 ff48 | ba10 df14 | d734 7f00 | 0048 c7c1 | a801 0000 | 0f84 0700 | 0000 48c7 | c1b8 0100 
  0x00007f353d7852dc: 0048 8b34 | 0a48 8d76 | 0148 8934 | 0a0f 84bd | 0100 0048 | 8b94 2490 

  0x00007f353d7852f4: ;   {metadata(method data for {method} {0x00007f34db43a668} 'defineClass' '(Ljava/lang/String;Ljdk/internal/loader/Resource;)Ljava/lang/Class;' in 'jdk/internal/loader/BuiltinClassLoader')}
  0x00007f353d7852f4: 0000 0048 | b910 df14 | d734 7f00 | 0048 8381 | c801 0000 | 01ba 0000 | 0000 488b | c848 8bb4 
  0x00007f353d785314: 2490 0000 | 0066 0f1f 

  0x00007f353d78531c: ;   {optimized virtual_call}
  0x00007f353d78531c: 4400 00e8 

  0x00007f353d785320: ; ImmutableOopMap {[160]=Oop [152]=Oop [144]=Oop [168]=Oop }
                      ;*invokevirtual substring {reexecute=0 rethrow=0 return_oop=0}
                      ; - jdk.internal.loader.BuiltinClassLoader::defineClass@23 (line 847)
  0x00007f353d785320: bce0 8e07 | 488b 8c24 | 9800 0000 

  0x00007f353d78532c: ;   {metadata(method data for {method} {0x00007f34db43a668} 'defineClass' '(Ljava/lang/String;Ljdk/internal/loader/Resource;)Ljava/lang/Class;' in 'jdk/internal/loader/BuiltinClassLoader')}
  0x00007f353d78532c: 48be 10df | 14d7 347f | 0000 8b49 | 0849 ba00 | 0000 db34 | 7f00 0049 | 03ca 483b | 8e10 0200 
  0x00007f353d78534c: 0075 0d48 | 8386 1802 | 0000 01e9 | 6600 0000 | 483b 8e20 | 0200 0075 | 0d48 8386 | 2802 0000 
  0x00007f353d78536c: 01e9 5000 | 0000 4881 | be10 0200 | 0000 0000 | 0075 1748 | 898e 1002 | 0000 48c7 | 8618 0200 
  0x00007f353d78538c: 0001 0000 | 00e9 2c00 | 0000 4881 | be20 0200 | 0000 0000 | 0075 1748 | 898e 2002 | 0000 48c7 
  0x00007f353d7853ac: 8628 0200 | 0001 0000 | 00e9 0800 | 0000 4883 | 8600 0200 | 0001 488b | b424 9800 | 0000 4889 
  0x00007f353d7853cc: 8424 b000 | 0000 6666 | 9048 b8b8 | 481a db34 

  0x00007f353d7853dc: ;   {virtual_call}
  0x00007f353d7853dc: 7f00 00e8 

  0x00007f353d7853e0: ; ImmutableOopMap {[160]=Oop [152]=Oop [144]=Oop [168]=Oop [176]=Oop }
                      ;*invokevirtual getManifest {reexecute=0 rethrow=0 return_oop=0}
                      ; - jdk.internal.loader.BuiltinClassLoader::defineClass@29 (line 848)
  0x00007f353d7853e0: 7c12 3607 | 488b b424 | a000 0000 

  0x00007f353d7853ec: ;   {metadata(method data for {method} {0x00007f34db43a668} 'defineClass' '(Ljava/lang/String;Ljdk/internal/loader/Resource;)Ljava/lang/Class;' in 'jdk/internal/loader/BuiltinClassLoader')}
  0x00007f353d7853ec: 48ba 10df | 14d7 347f | 0000 8b76 | 0849 ba00 | 0000 db34 | 7f00 0049 | 03f2 483b | b248 0200 
  0x00007f353d78540c: 0075 0d48 | 8382 5002 | 0000 01e9 | 6600 0000 | 483b b258 | 0200 0075 | 0d48 8382 | 6002 0000 
  0x00007f353d78542c: 01e9 5000 | 0000 4881 | ba48 0200 | 0000 0000 | 0075 1748 | 89b2 4802 | 0000 48c7 | 8250 0200 
  0x00007f353d78544c: 0001 0000 | 00e9 2c00 | 0000 4881 | ba58 0200 | 0000 0000 | 0075 1748 | 89b2 5802 | 0000 48c7 
  0x00007f353d78546c: 8260 0200 | 0001 0000 | 00e9 0800 | 0000 4883 | 8238 0200 | 0001 488b | 9424 b000 | 0000 488b 
  0x00007f353d78548c: c84c 8b84 | 24a8 0000 | 0048 8bb4 | 24a0 0000 | 0048 b808 | 9907 db34 

  0x00007f353d7854a4: ;   {virtual_call}
  0x00007f353d7854a4: 7f00 00e8 

  0x00007f353d7854a8: ; ImmutableOopMap {[160]=Oop [152]=Oop [144]=Oop [168]=Oop }
                      ;*invokevirtual defineOrCheckPackage {reexecute=0 rethrow=0 return_oop=0}
                      ; - jdk.internal.loader.BuiltinClassLoader::defineClass@40 (line 849)
  0x00007f353d7854a8: 74b6 b807 | 488b 8c24 | 9800 0000 

  0x00007f353d7854b4: ;   {metadata(method data for {method} {0x00007f34db43a668} 'defineClass' '(Ljava/lang/String;Ljdk/internal/loader/Resource;)Ljava/lang/Class;' in 'jdk/internal/loader/BuiltinClassLoader')}
  0x00007f353d7854b4: 488b c148 | be10 df14 | d734 7f00 | 008b 4008 | 49ba 0000 | 00db 347f | 0000 4903 | c248 3b86 
  0x00007f353d7854d4: 8002 0000 | 750d 4883 | 8688 0200 | 0001 e966 | 0000 0048 | 3b86 9002 | 0000 750d | 4883 8698 
  0x00007f353d7854f4: 0200 0001 | e950 0000 | 0048 81be | 8002 0000 | 0000 0000 | 7517 4889 | 8680 0200 | 0048 c786 
  0x00007f353d785514: 8802 0000 | 0100 0000 | e92c 0000 | 0048 81be | 9002 0000 | 0000 0000 | 7517 4889 | 8690 0200 
  0x00007f353d785534: 0048 c786 | 9802 0000 | 0100 0000 | e908 0000 | 0048 8386 | 7002 0000 

  0x00007f353d78554c: ;   {metadata(method data for {method} {0x00007f34db1a5d98} 'getByteBuffer' '()Ljava/nio/ByteBuffer;' in 'jdk/internal/loader/Resource')}
  0x00007f353d78554c: 0148 b8f0 | fe14 d734 | 7f00 008b | b0f4 0000 | 0083 c602 | 89b0 f400 | 0000 81e6 | feff 1f00 
  0x00007f353d78556c: 83fe 000f | 842b 0a00 | 0048 8bc1 

  0x00007f353d785578: ;   {metadata(method data for {method} {0x00007f34db1a5d98} 'getByteBuffer' '()Ljava/nio/ByteBuffer;' in 'jdk/internal/loader/Resource')}
  0x00007f353d785578: 48be f0fe | 14d7 347f | 0000 4883 | 8638 0100 | 0001 488d | b424 d800 | 0000 4889 | 4e08 488b 
  0x00007f353d785598: 0148 83c8 | 0148 8906 | f048 0fb1 | 310f 8413 | 0000 0048 | 2bc4 4881 | e007 f0ff | ff48 8906 
  0x00007f353d7855b8: 0f85 030a 

  0x00007f353d7855bc: ;   {metadata(method data for {method} {0x00007f34db1a6998} 'cachedInputStream' '()Ljava/io/InputStream;' in 'jdk/internal/loader/Resource')}
  0x00007f353d7855bc: 0000 48be | 40e4 09d7 | 347f 0000 | 8bbe f400 | 0000 83c7 | 0289 bef4 | 0000 0081 | e7fe ff1f 
  0x00007f353d7855dc: 0083 ff00 | 0f84 ee09 | 0000 8b71 | 0c48 c1e6 | 0348 83fe 

  0x00007f353d7855f0: ;   {metadata(method data for {method} {0x00007f34db1a6998} 'cachedInputStream' '()Ljava/io/InputStream;' in 'jdk/internal/loader/Resource')}
  0x00007f353d7855f0: 0048 be40 | e409 d734 | 7f00 0048 | c7c7 3801 | 0000 0f85 | 0700 0000 | 48c7 c748 | 0100 0048 
  0x00007f353d785610: 8b1c 3e48 | 8d5b 0148 | 891c 3e0f | 85e0 0000 | 0048 8bf1 

  0x00007f353d785624: ;   {metadata(method data for {method} {0x00007f34db1a6998} 'cachedInputStream' '()Ljava/io/InputStream;' in 'jdk/internal/loader/Resource')}
  0x00007f353d785624: 48bf 40e4 | 09d7 347f | 0000 8b76 | 0849 ba00 | 0000 db34 | 7f00 0049 | 03f2 483b | b768 0100 
  0x00007f353d785644: 0075 0d48 | 8387 7001 | 0000 01e9 | 6600 0000 | 483b b778 | 0100 0075 | 0d48 8387 | 8001 0000 
  0x00007f353d785664: 01e9 5000 | 0000 4881 | bf68 0100 | 0000 0000 | 0075 1748 | 89b7 6801 | 0000 48c7 | 8770 0100 
  0x00007f353d785684: 0001 0000 | 00e9 2c00 | 0000 4881 | bf78 0100 | 0000 0000 | 0075 1748 | 89b7 7801 | 0000 48c7 
  0x00007f353d7856a4: 8780 0100 | 0001 0000 | 00e9 0800 | 0000 4883 | 8758 0100 | 0001 488b | f148 b8b8 | 481a db34 
  0x00007f353d7856c4: ;   {virtual_call}
  0x00007f353d7856c4: 7f00 00e8 

  0x00007f353d7856c8: ; ImmutableOopMap {[160]=Oop [144]=Oop [168]=Oop [152]=Oop [224]=Oop }
                      ;*invokevirtual getInputStream {reexecute=0 rethrow=0 return_oop=0}
                      ; - jdk.internal.loader.Resource::cachedInputStream@9 (line 77)
                      ; - jdk.internal.loader.Resource::getByteBuffer@1 (line 163)
                      ; - jdk.internal.loader.BuiltinClassLoader::defineClass@45 (line 853)
  0x00007f353d7856c8: 74f6 6600 | 410f be77 | 3883 fe00 | 488b 8c24 | 9800 0000 | 0f85 1309 | 0000 4c8b | d049 c1ea 
  0x00007f353d7856e8: 0344 8951 | 0c48 8bf1 | 4833 f048 | c1ee 1548 | 83fe 000f | 8513 0900 | 008b 710c | 48c1 e603 
  0x00007f353d785708: 488d 8424 | d800 0000 | 488b 3848 | 85ff 0f84 | 0f00 0000 | 488b 5808 | f048 0fb1 | 3b0f 8501 
  0x00007f353d785728: 0900 0048 | 83fe 0075 

  0x00007f353d785730: ;   {metadata(method data for {method} {0x00007f34db1a5d98} 'getByteBuffer' '()Ljava/nio/ByteBuffer;' in 'jdk/internal/loader/Resource')}
  0x00007f353d785730: 1648 b8f0 | fe14 d734 | 7f00 0080 | 8869 0100 | 0001 e9ee 

  0x00007f353d785744: ;   {metadata('sun/nio/ByteBuffered')}
  0x00007f353d785744: 0000 0048 | ba10 cb12 | db34 7f00 | 008b 4608 | 49ba 0000 | 00db 347f | 0000 4903 | c248 3b50 
  0x00007f353d785764: 200f 841b | 0000 0048 | 3bc2 0f84 | 1200 0000 

  0x00007f353d785774: ;   {runtime_call slow_subtype_check Runtime1 stub}
  0x00007f353d785774: 5052 e805 | 7840 0758 | 5883 f800 | 0f84 9300 

  0x00007f353d785784: ;   {metadata(method data for {method} {0x00007f34db1a5d98} 'getByteBuffer' '()Ljava/nio/ByteBuffer;' in 'jdk/internal/loader/Resource')}
  0x00007f353d785784: 0000 48b8 | f0fe 14d7 | 347f 0000 | 8b56 0849 | ba00 0000 | db34 7f00 | 0049 03d2 | 483b 9080 
  0x00007f353d7857a4: 0100 0075 | 0d48 8380 | 8801 0000 | 01e9 8400 | 0000 483b | 9090 0100 | 0075 0d48 | 8380 9801 
  0x00007f353d7857c4: 0000 01e9 | 6e00 0000 | 4881 b880 | 0100 0000 | 0000 0075 | 1748 8990 | 8001 0000 | 48c7 8088 
  0x00007f353d7857e4: 0100 0001 | 0000 00e9 | 4a00 0000 | 4881 b890 | 0100 0000 | 0000 0075 | 1748 8990 | 9001 0000 
  0x00007f353d785804: 48c7 8098 | 0100 0001 | 0000 00e9 | 2600 0000 | e921 0000 

  0x00007f353d785818: ;   {metadata(method data for {method} {0x00007f34db1a5d98} 'getByteBuffer' '()Ljava/nio/ByteBuffer;' in 'jdk/internal/loader/Resource')}
  0x00007f353d785818: 0048 b8f0 | fe14 d734 | 7f00 0048 | 83a8 7001 | 0000 01e9 | 0500 0000 | e905 0000 | 0048 33ff 
  0x00007f353d785838: eb0a 48bf | 0100 0000 | 0000 0000 

  0x00007f353d785844: ;   {metadata(method data for {method} {0x00007f34db1a5d98} 'getByteBuffer' '()Ljava/nio/ByteBuffer;' in 'jdk/internal/loader/Resource')}
  0x00007f353d785844: 83ff 0048 | bff0 fe14 | d734 7f00 | 0048 c7c3 | a801 0000 | 0f84 0700 | 0000 48c7 | c3b8 0100 
  0x00007f353d785864: 0048 8b04 | 1f48 8d40 | 0148 8904 | 1f0f 84ba | 0100 0048 | 83fe 0075 

  0x00007f353d78587c: ;   {metadata(method data for {method} {0x00007f34db1a5d98} 'getByteBuffer' '()Ljava/nio/ByteBuffer;' in 'jdk/internal/loader/Resource')}
  0x00007f353d78587c: 1648 bbf0 | fe14 d734 | 7f00 0080 | 8bc1 0100 | 0001 e9ee 

  0x00007f353d785890: ;   {metadata('sun/nio/ByteBuffered')}
  0x00007f353d785890: 0000 0048 | b810 cb12 | db34 7f00 | 008b 5e08 | 49ba 0000 | 00db 347f | 0000 4903 | da48 3b43 
  0x00007f353d7858b0: 200f 841b | 0000 0048 | 3bd8 0f84 | 1200 0000 

  0x00007f353d7858c0: ;   {runtime_call slow_subtype_check Runtime1 stub}
  0x00007f353d7858c0: 5350 e8b9 | 7640 075b | 5b83 fb00 | 0f84 9300 

  0x00007f353d7858d0: ;   {metadata(method data for {method} {0x00007f34db1a5d98} 'getByteBuffer' '()Ljava/nio/ByteBuffer;' in 'jdk/internal/loader/Resource')}
  0x00007f353d7858d0: 0000 48bb | f0fe 14d7 | 347f 0000 | 8b46 0849 | ba00 0000 | db34 7f00 | 0049 03c2 | 483b 83d8 
  0x00007f353d7858f0: 0100 0075 | 0d48 8383 | e001 0000 | 01e9 7f00 | 0000 483b | 83e8 0100 | 0075 0d48 | 8383 f001 
  0x00007f353d785910: 0000 01e9 | 6900 0000 | 4881 bbd8 | 0100 0000 | 0000 0075 | 1748 8983 | d801 0000 | 48c7 83e0 
  0x00007f353d785930: 0100 0001 | 0000 00e9 | 4500 0000 | 4881 bbe8 | 0100 0000 | 0000 0075 | 1748 8983 | e801 0000 
  0x00007f353d785950: 48c7 83f0 | 0100 0001 | 0000 00e9 | 2100 0000 | e91c 0000 

  0x00007f353d785964: ;   {metadata(method data for {method} {0x00007f34db1a5d98} 'getByteBuffer' '()Ljava/nio/ByteBuffer;' in 'jdk/internal/loader/Resource')}
  0x00007f353d785964: 0048 bbf0 | fe14 d734 | 7f00 0048 | 83ab c801 | 0000 01e9 | c606 0000 | e900 0000 | 0048 3b06 
  0x00007f353d785984: ;   {metadata(method data for {method} {0x00007f34db1a5d98} 'getByteBuffer' '()Ljava/nio/ByteBuffer;' in 'jdk/internal/loader/Resource')}
  0x00007f353d785984: 488b fe48 | bbf0 fe14 | d734 7f00 | 008b 7f08 | 49ba 0000 | 00db 347f | 0000 4903 | fa48 3bbb 
  0x00007f353d7859a4: 1002 0000 | 750d 4883 | 8318 0200 | 0001 e966 | 0000 0048 | 3bbb 2002 | 0000 750d | 4883 8328 
  0x00007f353d7859c4: 0200 0001 | e950 0000 | 0048 81bb | 1002 0000 | 0000 0000 | 7517 4889 | bb10 0200 | 0048 c783 
  0x00007f353d7859e4: 1802 0000 | 0100 0000 | e92c 0000 | 0048 81bb | 2002 0000 | 0000 0000 | 7517 4889 | bb20 0200 
  0x00007f353d785a04: 0048 c783 | 2802 0000 | 0100 0000 | e908 0000 | 0048 8383 | 0002 0000 | 0148 b8ff | ffff ffff 
  0x00007f353d785a24: ;   {virtual_call}
  0x00007f353d785a24: ffff ffe8 

  0x00007f353d785a28: ; ImmutableOopMap {[160]=Oop [144]=Oop [168]=Oop [152]=Oop }
                      ;*invokeinterface getByteBuffer {reexecute=0 rethrow=0 return_oop=0}
                      ; - jdk.internal.loader.Resource::getByteBuffer@16 (line 165)
                      ; - jdk.internal.loader.BuiltinClassLoader::defineClass@45 (line 853)
  0x00007f353d785a28: 5439 3607 | e90a 0000 

  0x00007f353d785a30: ;   {oop(NULL)}
  0x00007f353d785a30: 0048 b800 | 0000 0000 | 0000 0048 

  0x00007f353d785a3c: ;   {metadata(method data for {method} {0x00007f34db43a668} 'defineClass' '(Ljava/lang/String;Ljdk/internal/loader/Resource;)Ljava/lang/Class;' in 'jdk/internal/loader/BuiltinClassLoader')}
  0x00007f353d785a3c: 83f8 0048 | be10 df14 | d734 7f00 | 0048 c7c7 | a802 0000 | 0f84 0700 | 0000 48c7 | c7b8 0200 
  0x00007f353d785a5c: 0048 8b1c | 3e48 8d5b | 0148 891c | 3e0f 84a3 | 0100 0048 | 8984 24b8 | 0000 0048 | 8b8c 2498 
  0x00007f353d785a7c: ;   {metadata(method data for {method} {0x00007f34db43a668} 'defineClass' '(Ljava/lang/String;Ljdk/internal/loader/Resource;)Ljava/lang/Class;' in 'jdk/internal/loader/BuiltinClassLoader')}
  0x00007f353d785a7c: 0000 0048 | be10 df14 | d734 7f00 | 008b 4908 | 49ba 0000 | 00db 347f | 0000 4903 | ca48 3b8e 
  0x00007f353d785a9c: d802 0000 | 750d 4883 | 86e0 0200 | 0001 e966 | 0000 0048 | 3b8e e802 | 0000 750d | 4883 86f0 
  0x00007f353d785abc: 0200 0001 | e950 0000 | 0048 81be | d802 0000 | 0000 0000 | 7517 4889 | 8ed8 0200 | 0048 c786 
  0x00007f353d785adc: e002 0000 | 0100 0000 | e92c 0000 | 0048 81be | e802 0000 | 0000 0000 | 7517 4889 | 8ee8 0200 
  0x00007f353d785afc: 0048 c786 | f002 0000 | 0100 0000 | e908 0000 | 0048 8386 | c802 0000 | 0148 8bb4 | 2498 0000 
  0x00007f353d785b1c: 0048 b8ff | ffff ffff 

  0x00007f353d785b24: ;   {virtual_call}
  0x00007f353d785b24: ffff ffe8 

  0x00007f353d785b28: ; ImmutableOopMap {[160]=Oop [144]=Oop [168]=Oop [184]=Oop }
                      ;*invokevirtual getCodeSigners {reexecute=0 rethrow=0 return_oop=0}
                      ; - jdk.internal.loader.BuiltinClassLoader::defineClass@56 (line 855)
  0x00007f353d785b28: 5438 3607 

  0x00007f353d785b2c: ;   {metadata('java/security/CodeSource')}
  0x00007f353d785b2c: 488b d848 | baf0 f000 | db34 7f00 | 0049 8b87 | 0801 0000 | 488d 7828 | 493b bf18 | 0100 000f 
  0x00007f353d785b4c: 87ff 0400 | 0049 89bf | 0801 0000 | 48c7 0001 | 0000 0048 | 8bca 49ba | 0000 00db | 347f 0000 
  0x00007f353d785b6c: 492b ca89 | 4808 4833 | c989 480c | 4833 c948 | 8948 1048 | 8948 1848 | 8948 2048 

  0x00007f353d785b88: ;   {metadata(method data for {method} {0x00007f34db43a668} 'defineClass' '(Ljava/lang/String;Ljdk/internal/loader/Resource;)Ljava/lang/Class;' in 'jdk/internal/loader/BuiltinClassLoader')}
  0x00007f353d785b88: 8bd0 48b9 | 10df 14d7 | 347f 0000 | 4883 8100 | 0300 0001 | 488b 9424 | a800 0000 | 488b cb48 
  0x00007f353d785ba8: 8bf0 4889 | 8424 c000 | 0000 0f1f 

  0x00007f353d785bb4: ;   {optimized virtual_call}
  0x00007f353d785bb4: 4400 00e8 

  0x00007f353d785bb8: ; ImmutableOopMap {[160]=Oop [144]=Oop [184]=Oop [192]=Oop }
                      ;*invokespecial <init> {reexecute=0 rethrow=0 return_oop=0}
                      ; - jdk.internal.loader.BuiltinClassLoader::defineClass@68 (line 856)
  0x00007f353d785bb8: c434 3607 | 488b b424 | a000 0000 

  0x00007f353d785bc4: ;   {metadata(method data for {method} {0x00007f34db43a668} 'defineClass' '(Ljava/lang/String;Ljdk/internal/loader/Resource;)Ljava/lang/Class;' in 'jdk/internal/loader/BuiltinClassLoader')}
  0x00007f353d785bc4: 48ba 10df | 14d7 347f | 0000 4883 | 8210 0300 | 0001 488b | 9424 9000 | 0000 488b | 8c24 b800 
  0x00007f353d785be4: 0000 4c8b | 8424 c000 | 0000 488b | b424 a000 

  0x00007f353d785bf4: ;   {optimized virtual_call}
  0x00007f353d785bf4: 0000 90e8 

  0x00007f353d785bf8: ; ImmutableOopMap {}
                      ;*invokevirtual defineClass {reexecute=0 rethrow=0 return_oop=0}
                      ; - jdk.internal.loader.BuiltinClassLoader::defineClass@79 (line 857)
  0x00007f353d785bf8: 8434 3607 | 4881 c4f0 | 0000 005d 

  0x00007f353d785c04: ;   {poll_return}
  0x00007f353d785c04: 493b a748 | 0300 000f | 874c 0400 | 00c3 488b | 8c24 9800 | 0000 488b 

  0x00007f353d785c1c: ;   {metadata(method data for {method} {0x00007f34db43a668} 'defineClass' '(Ljava/lang/String;Ljdk/internal/loader/Resource;)Ljava/lang/Class;' in 'jdk/internal/loader/BuiltinClassLoader')}
  0x00007f353d785c1c: f948 bb10 | df14 d734 | 7f00 008b | 7f08 49ba | 0000 00db | 347f 0000 | 4903 fa48 | 3bbb 5803 
  0x00007f353d785c3c: 0000 750d | 4883 8360 | 0300 0001 | e966 0000 | 0048 3bbb | 6803 0000 | 750d 4883 | 8370 0300 
  0x00007f353d785c5c: 0001 e950 | 0000 0048 | 81bb 5803 | 0000 0000 | 0000 7517 | 4889 bb58 | 0300 0048 | c783 6003 
  0x00007f353d785c7c: 0000 0100 | 0000 e92c | 0000 0048 | 81bb 6803 | 0000 0000 | 0000 7517 | 4889 bb68 | 0300 0048 
  0x00007f353d785c9c: c783 7003 | 0000 0100 | 0000 e908 | 0000 0048 | 8383 4803 | 0000 0148 | 8bf1 0f1f | 8000 0000 
  0x00007f353d785cbc: 0048 b8b8 | 481a db34 

  0x00007f353d785cc4: ;   {virtual_call}
  0x00007f353d785cc4: 7f00 00e8 

  0x00007f353d785cc8: ; ImmutableOopMap {[160]=Oop [144]=Oop [168]=Oop [152]=Oop }
                      ;*invokevirtual getBytes {reexecute=0 rethrow=0 return_oop=0}
                      ; - jdk.internal.loader.BuiltinClassLoader::defineClass@84 (line 859)
  0x00007f353d785cc8: 9405 3607 | 488b 8c24 | 9800 0000 

  0x00007f353d785cd4: ;   {metadata(method data for {method} {0x00007f34db43a668} 'defineClass' '(Ljava/lang/String;Ljdk/internal/loader/Resource;)Ljava/lang/Class;' in 'jdk/internal/loader/BuiltinClassLoader')}
  0x00007f353d785cd4: 48be 10df | 14d7 347f | 0000 8b49 | 0849 ba00 | 0000 db34 | 7f00 0049 | 03ca 483b | 8e90 0300 
  0x00007f353d785cf4: 0075 0d48 | 8386 9803 | 0000 01e9 | 6600 0000 | 483b 8ea0 | 0300 0075 | 0d48 8386 | a803 0000 
  0x00007f353d785d14: 01e9 5000 | 0000 4881 | be90 0300 | 0000 0000 | 0075 1748 | 898e 9003 | 0000 48c7 | 8698 0300 
  0x00007f353d785d34: 0001 0000 | 00e9 2c00 | 0000 4881 | bea0 0300 | 0000 0000 | 0075 1748 | 898e a003 | 0000 48c7 
  0x00007f353d785d54: 86a8 0300 | 0001 0000 | 00e9 0800 | 0000 4883 | 8680 0300 | 0001 488b | b424 9800 | 0000 4889 
  0x00007f353d785d74: 8424 c800 | 0000 6666 | 9048 b8b8 | 481a db34 

  0x00007f353d785d84: ;   {virtual_call}
  0x00007f353d785d84: 7f00 00e8 

  0x00007f353d785d88: ; ImmutableOopMap {[160]=Oop [144]=Oop [168]=Oop [200]=Oop }
                      ;*invokevirtual getCodeSigners {reexecute=0 rethrow=0 return_oop=0}
                      ; - jdk.internal.loader.BuiltinClassLoader::defineClass@90 (line 860)
  0x00007f353d785d88: b42d bb07 

  0x00007f353d785d8c: ;   {metadata('java/security/CodeSource')}
  0x00007f353d785d8c: 488b d848 | baf0 f000 | db34 7f00 | 0049 8b87 | 0801 0000 | 488d 7828 | 493b bf18 | 0100 000f 
  0x00007f353d785dac: 87c2 0200 | 0049 89bf | 0801 0000 | 48c7 0001 | 0000 0048 | 8bca 49ba | 0000 00db | 347f 0000 
  0x00007f353d785dcc: 492b ca89 | 4808 4833 | c989 480c | 4833 c948 | 8948 1048 | 8948 1848 | 8948 2048 

  0x00007f353d785de8: ;   {metadata(method data for {method} {0x00007f34db43a668} 'defineClass' '(Ljava/lang/String;Ljdk/internal/loader/Resource;)Ljava/lang/Class;' in 'jdk/internal/loader/BuiltinClassLoader')}
  0x00007f353d785de8: 8bd0 48b9 | 10df 14d7 | 347f 0000 | 4883 81b8 | 0300 0001 | 488b 9424 | a800 0000 | 488b cb48 
  0x00007f353d785e08: 8bf0 4889 | 8424 d000 | 0000 0f1f 

  0x00007f353d785e14: ;   {optimized virtual_call}
  0x00007f353d785e14: 4400 00e8 

  0x00007f353d785e18: ; ImmutableOopMap {[160]=Oop [144]=Oop [200]=Oop [208]=Oop }
                      ;*invokespecial <init> {reexecute=0 rethrow=0 return_oop=0}
                      ; - jdk.internal.loader.BuiltinClassLoader::defineClass@102 (line 861)
  0x00007f353d785e18: 0427 6600 | 488b 8424 | c800 0000 

  0x00007f353d785e24: ; implicit exception: dispatches to 0x00007f353d786080
  0x00007f353d785e24: 448b 480c | 488b b424 | a000 0000 

  0x00007f353d785e30: ;   {metadata(method data for {method} {0x00007f34db43a668} 'defineClass' '(Ljava/lang/String;Ljdk/internal/loader/Resource;)Ljava/lang/Class;' in 'jdk/internal/loader/BuiltinClassLoader')}
  0x00007f353d785e30: 48ba 10df | 14d7 347f | 0000 4883 | 82c8 0300 | 0001 488b | 9424 9000 | 0000 488b | c841 b800 
  0x00007f353d785e50: 0000 0048 | 8bbc 24d0 | 0000 0048 | 8bb4 24a0 | 0000 000f 

  0x00007f353d785e64: ;   {optimized virtual_call}
  0x00007f353d785e64: 1f40 00e8 

  0x00007f353d785e68: ; ImmutableOopMap {}
                      ;*invokevirtual defineClass {reexecute=0 rethrow=0 return_oop=0}
                      ; - jdk.internal.loader.BuiltinClassLoader::defineClass@117 (line 862)
  0x00007f353d785e68: b414 b507 | 4881 c4f0 | 0000 005d 

  0x00007f353d785e74: ;   {poll_return}
  0x00007f353d785e74: 493b a748 | 0300 000f | 8704 0200 | 00c3 498b | 87d8 0300 | 004d 33d2 | 4d89 97d8 | 0300 004d 
  0x00007f353d785e94: 33d2 4d89 | 97e0 0300 | 0048 8bf0 | 488d 8424 | d800 0000 | 488b 3848 | 85ff 0f84 | 0f00 0000 
  0x00007f353d785eb4: 488b 5808 | f048 0fb1 | 3b0f 85d8 | 0100 0048 | 8bc6 e905 

  0x00007f353d785ec8: ;   {metadata({method} {0x00007f34db43a668} 'defineClass' '(Ljava/lang/String;Ljdk/internal/loader/Resource;)Ljava/lang/Class;' in 'jdk/internal/loader/BuiltinClassLoader')}
  0x00007f353d785ec8: 0200 0049 | ba68 a643 | db34 7f00 | 004c 8954 | 2408 48c7 | 0424 ffff 

  0x00007f353d785ee0: ;   {runtime_call counter_overflow Runtime1 stub}
  0x00007f353d785ee0: ffff e899 

  0x00007f353d785ee4: ; ImmutableOopMap {rsi=Oop [160]=Oop rdx=Oop [144]=Oop rcx=Oop [152]=Oop }
                      ;*synchronization entry
                      ; - jdk.internal.loader.BuiltinClassLoader::defineClass@-1 (line 842)
  0x00007f353d785ee4: a340 07e9 | a3f0 ffff 

  0x00007f353d785eec: ;   {runtime_call throw_null_pointer_exception Runtime1 stub}
  0x00007f353d785eec: e8af 4640 

  0x00007f353d785ef0: ; ImmutableOopMap {rcx=Oop [152]=Oop [144]=Oop [160]=Oop }
                      ;*invokevirtual getCodeSourceURL {reexecute=0 rethrow=0 return_oop=0}
                      ; - jdk.internal.loader.BuiltinClassLoader::defineClass@1 (line 842)
                      ;   {runtime_call throw_null_pointer_exception Runtime1 stub}
  0x00007f353d785ef0: 07e8 aa46 

  0x00007f353d785ef4: ; ImmutableOopMap {[160]=Oop [152]=Oop rax=Oop [168]=Oop rdx=Oop [144]=Oop }
                      ;*invokevirtual lastIndexOf {reexecute=0 rethrow=0 return_oop=0}
                      ; - jdk.internal.loader.BuiltinClassLoader::defineClass@8 (line 845)
                      ;   {metadata({method} {0x00007f34db42d2c0} 'lastIndexOf' '(I)I' in 'java/lang/String')}
  0x00007f353d785ef4: 4007 49ba | c0d2 42db | 347f 0000 | 4c89 5424 | 0848 c704 | 24ff ffff 

  0x00007f353d785f0c: ;   {runtime_call counter_overflow Runtime1 stub}
  0x00007f353d785f0c: ffe8 6ea3 

  0x00007f353d785f10: ; ImmutableOopMap {[160]=Oop [152]=Oop rax=Oop [168]=Oop rdx=Oop [144]=Oop }
                      ;*synchronization entry
                      ; - java.lang.String::lastIndexOf@-1 (line 2451)
                      ; - jdk.internal.loader.BuiltinClassLoader::defineClass@8 (line 845)
  0x00007f353d785f10: 4007 e97d 

  0x00007f353d785f14: ;   {metadata({method} {0x00007f34db42b020} 'length' '()I' in 'java/lang/String')}
  0x00007f353d785f14: f1ff ff49 | ba20 b042 | db34 7f00 | 004c 8954 | 2408 48c7 | 0424 ffff 

  0x00007f353d785f2c: ;   {runtime_call counter_overflow Runtime1 stub}
  0x00007f353d785f2c: ffff e84d 

  0x00007f353d785f30: ; ImmutableOopMap {[160]=Oop [152]=Oop rax=Oop [168]=Oop rdx=Oop [144]=Oop }
                      ;*synchronization entry
                      ; - java.lang.String::length@-1 (line 1481)
                      ; - java.lang.String::lastIndexOf@3 (line 2451)
                      ; - jdk.internal.loader.BuiltinClassLoader::defineClass@8 (line 845)
  0x00007f353d785f30: a340 07e9 | 99f1 ffff 

  0x00007f353d785f38: ;   {runtime_call throw_null_pointer_exception Runtime1 stub}
  0x00007f353d785f38: e863 4640 

  0x00007f353d785f3c: ; ImmutableOopMap {[160]=Oop [152]=Oop rax=Oop [168]=Oop rdx=Oop [144]=Oop rsi=Oop }
                      ;*arraylength {reexecute=0 rethrow=0 return_oop=0}
                      ; - java.lang.String::length@4 (line 1481)
                      ; - java.lang.String::lastIndexOf@3 (line 2451)
                      ; - jdk.internal.loader.BuiltinClassLoader::defineClass@8 (line 845)
                      ;   {metadata({method} {0x00007f34db42bf28} 'coder' '()B' in 'java/lang/String')}
  0x00007f353d785f3c: 0749 ba28 | bf42 db34 | 7f00 004c | 8954 2408 | 48c7 0424 | ffff ffff 

  0x00007f353d785f54: ;   {runtime_call counter_overflow Runtime1 stub}
  0x00007f353d785f54: e827 a340 

  0x00007f353d785f58: ; ImmutableOopMap {[160]=Oop [152]=Oop rax=Oop [168]=Oop rdx=Oop [144]=Oop rsi=Oop }
                      ;*synchronization entry
                      ; - java.lang.String::coder@-1 (line 4545)
                      ; - java.lang.String::length@6 (line 1481)
                      ; - java.lang.String::lastIndexOf@3 (line 2451)
                      ; - jdk.internal.loader.BuiltinClassLoader::defineClass@8 (line 845)
  0x00007f353d785f58: 07e9 baf1 

  0x00007f353d785f5c: ;   {metadata({method} {0x00007f34db42d268} 'lastIndexOf' '(II)I' in 'java/lang/String')}
  0x00007f353d785f5c: ffff 49ba | 68d2 42db | 347f 0000 | 4c89 5424 | 0848 c704 | 24ff ffff 

  0x00007f353d785f74: ;   {runtime_call counter_overflow Runtime1 stub}
  0x00007f353d785f74: ffe8 06a3 

  0x00007f353d785f78: ; ImmutableOopMap {[160]=Oop [152]=Oop rax=Oop [168]=Oop rdx=Oop [144]=Oop rsi=Oop }
                      ;*synchronization entry
                      ; - java.lang.String::lastIndexOf@-1 (line 2489)
                      ; - java.lang.String::lastIndexOf@8 (line 2451)
                      ; - jdk.internal.loader.BuiltinClassLoader::defineClass@8 (line 845)
  0x00007f353d785f78: 4007 e90c 

  0x00007f353d785f7c: ;   {metadata({method} {0x00007f34db42cad8} 'isLatin1' '()Z' in 'java/lang/String')}
  0x00007f353d785f7c: f2ff ff49 | bad8 ca42 | db34 7f00 | 004c 8954 | 2408 48c7 | 0424 ffff 

  0x00007f353d785f94: ;   {runtime_call counter_overflow Runtime1 stub}
  0x00007f353d785f94: ffff e8e5 

  0x00007f353d785f98: ; ImmutableOopMap {[160]=Oop [152]=Oop rax=Oop [168]=Oop rdx=Oop [144]=Oop rsi=Oop }
                      ;*synchronization entry
                      ; - java.lang.String::isLatin1@-1 (line 4553)
                      ; - java.lang.String::lastIndexOf@1 (line 2489)
                      ; - java.lang.String::lastIndexOf@8 (line 2451)
                      ; - jdk.internal.loader.BuiltinClassLoader::defineClass@8 (line 845)
  0x00007f353d785f98: a240 07e9 | 2df2 ffff 

  0x00007f353d785fa0: ;   {metadata({method} {0x00007f34db1a5d98} 'getByteBuffer' '()Ljava/nio/ByteBuffer;' in 'jdk/internal/loader/Resource')}
  0x00007f353d785fa0: 49ba 985d | 1adb 347f | 0000 4c89 | 5424 0848 | c704 24ff 

  0x00007f353d785fb4: ;   {runtime_call counter_overflow Runtime1 stub}
  0x00007f353d785fb4: ffff ffe8 

  0x00007f353d785fb8: ; ImmutableOopMap {[160]=Oop [144]=Oop [168]=Oop rcx=Oop [152]=Oop }
                      ;*synchronization entry
                      ; - jdk.internal.loader.Resource::getByteBuffer@-1 (line 163)
                      ; - jdk.internal.loader.BuiltinClassLoader::defineClass@45 (line 853)
  0x00007f353d785fb8: c4a2 4007 | e9b4 f5ff | ff48 894c | 2408 4889 

  0x00007f353d785fc8: ;   {runtime_call monitorenter_nofpu Runtime1 stub}
  0x00007f353d785fc8: 3424 e8b1 

  0x00007f353d785fcc: ; ImmutableOopMap {[160]=Oop [144]=Oop [168]=Oop rcx=Oop [152]=Oop [224]=Oop }
                      ;*synchronization entry
                      ; - jdk.internal.loader.Resource::cachedInputStream@-1 (line 76)
                      ; - jdk.internal.loader.Resource::getByteBuffer@1 (line 163)
                      ; - jdk.internal.loader.BuiltinClassLoader::defineClass@45 (line 853)
  0x00007f353d785fcc: 7840 07e9 | eaf5 ffff 

  0x00007f353d785fd4: ;   {metadata({method} {0x00007f34db1a6998} 'cachedInputStream' '()Ljava/io/InputStream;' in 'jdk/internal/loader/Resource')}
  0x00007f353d785fd4: 49ba 9869 | 1adb 347f | 0000 4c89 | 5424 0848 | c704 24ff 

  0x00007f353d785fe8: ;   {runtime_call counter_overflow Runtime1 stub}
  0x00007f353d785fe8: ffff ffe8 

  0x00007f353d785fec: ; ImmutableOopMap {[160]=Oop [144]=Oop [168]=Oop rcx=Oop [152]=Oop [224]=Oop }
                      ;*synchronization entry
                      ; - jdk.internal.loader.Resource::cachedInputStream@-1 (line 76)
                      ; - jdk.internal.loader.Resource::getByteBuffer@1 (line 163)
                      ; - jdk.internal.loader.BuiltinClassLoader::defineClass@45 (line 853)
  0x00007f353d785fec: 90a2 4007 | e9f1 f5ff | ff8b 710c | 48c1 e603 | 4883 fe00 | 0f84 dcf6 | ffff 4889 

  0x00007f353d786008: ;   {runtime_call g1_pre_barrier_slow}
  0x00007f353d786008: 3424 e871 | a840 07e9 | cef6 ffff | 4883 f800 | 0f84 e3f6 | ffff 4889 

  0x00007f353d786020: ;   {runtime_call g1_post_barrier_slow}
  0x00007f353d786020: 0c24 e859 | ab40 07e9 | d5f6 ffff | 488d 8424 | d800 0000 | 4889 0424 

  0x00007f353d786038: ;   {runtime_call monitorexit_nofpu Runtime1 stub}
  0x00007f353d786038: e843 8440 | 07e9 e9f6 | ffff 4889 

  0x00007f353d786044: ;   {runtime_call throw_class_cast_exception Runtime1 stub}
  0x00007f353d786044: 3424 e855 

  0x00007f353d786048: ; ImmutableOopMap {[160]=Oop [144]=Oop [168]=Oop [152]=Oop }
                      ;*checkcast {reexecute=0 rethrow=0 return_oop=0}
                      ; - jdk.internal.loader.Resource::getByteBuffer@13 (line 165)
                      ; - jdk.internal.loader.BuiltinClassLoader::defineClass@45 (line 853)
                      ;   {runtime_call throw_null_pointer_exception Runtime1 stub}
  0x00007f353d786048: 6940 07e8 

  0x00007f353d78604c: ; ImmutableOopMap {[160]=Oop [144]=Oop [168]=Oop [152]=Oop rsi=Oop }
                      ;*invokeinterface getByteBuffer {reexecute=0 rethrow=0 return_oop=0}
                      ; - jdk.internal.loader.Resource::getByteBuffer@16 (line 165)
                      ; - jdk.internal.loader.BuiltinClassLoader::defineClass@45 (line 853)
  0x00007f353d78604c: 5045 4007 

  0x00007f353d786050: ;   {runtime_call fast_new_instance Runtime1 stub}
  0x00007f353d786050: 488b d2e8 

  0x00007f353d786054: ; ImmutableOopMap {[160]=Oop [144]=Oop [168]=Oop [184]=Oop rbx=Oop }
                      ;*new {reexecute=0 rethrow=0 return_oop=0}
                      ; - jdk.internal.loader.BuiltinClassLoader::defineClass@61 (line 856)
  0x00007f353d786054: 284e 4007 | e92a fbff 

  0x00007f353d78605c: ;   {internal_word}
  0x00007f353d78605c: ff49 ba04 | 5c78 3d35 | 7f00 004d | 8997 6003 

  0x00007f353d78606c: ;   {runtime_call SafepointBlob}
  0x00007f353d78606c: 0000 e98d | 9636 0748 

  0x00007f353d786074: ;   {runtime_call fast_new_instance Runtime1 stub}
  0x00007f353d786074: 8bd2 e805 

  0x00007f353d786078: ; ImmutableOopMap {[160]=Oop [144]=Oop [168]=Oop [200]=Oop rbx=Oop }
                      ;*new {reexecute=0 rethrow=0 return_oop=0}
                      ; - jdk.internal.loader.BuiltinClassLoader::defineClass@95 (line 861)
  0x00007f353d786078: 4e40 07e9 | 67fd ffff 

  0x00007f353d786080: ;   {runtime_call throw_null_pointer_exception Runtime1 stub}
  0x00007f353d786080: e81b 4540 

  0x00007f353d786084: ; ImmutableOopMap {[160]=Oop [144]=Oop [208]=Oop rax=Oop }
                      ;*arraylength {reexecute=0 rethrow=0 return_oop=0}
                      ; - jdk.internal.loader.BuiltinClassLoader::defineClass@114 (line 862)
                      ;   {internal_word}
  0x00007f353d786084: 0749 ba74 | 5e78 3d35 | 7f00 004d | 8997 6003 

  0x00007f353d786094: ;   {runtime_call SafepointBlob}
  0x00007f353d786094: 0000 e965 | 9636 0748 | 8d84 24d8 | 0000 0048 

  0x00007f353d7860a4: ;   {runtime_call monitorexit_nofpu Runtime1 stub}
  0x00007f353d7860a4: 8904 24e8 | d483 4007 | e912 feff | ff90 9049 | 8b87 d803 | 0000 49c7 | 87d8 0300 | 0000 0000 
  0x00007f353d7860c4: 0049 c787 | e003 0000 | 0000 0000 | 4881 c4f0 | 0000 005d 

  0x00007f353d7860d8: ;   {runtime_call unwind_exception Runtime1 stub}
  0x00007f353d7860d8: e9a3 3e40 | 07f4 f4f4 
[Stub Code]
  0x00007f353d7860e0: ;   {no_reloc}
  0x00007f353d7860e0: 0f1f 4400 

  0x00007f353d7860e4: ;   {static_stub}
  0x00007f353d7860e4: 0048 bb00 | 0000 0000 

  0x00007f353d7860ec: ;   {runtime_call}
  0x00007f353d7860ec: 0000 00e9 | fbff ffff 

  0x00007f353d7860f4: ;   {static_stub}
  0x00007f353d7860f4: 9048 bb00 | 0000 0000 

  0x00007f353d7860fc: ;   {runtime_call}
  0x00007f353d7860fc: 0000 00e9 | fbff ffff 

  0x00007f353d786104: ;   {static_stub}
  0x00007f353d786104: 9048 bb00 | 0000 0000 

  0x00007f353d78610c: ;   {runtime_call}
  0x00007f353d78610c: 0000 00e9 | fbff ffff 

  0x00007f353d786114: ;   {static_stub}
  0x00007f353d786114: 9048 bb00 | 0000 0000 

  0x00007f353d78611c: ;   {runtime_call}
  0x00007f353d78611c: 0000 00e9 | fbff ffff 

  0x00007f353d786124: ;   {static_stub}
  0x00007f353d786124: 9048 bb00 | 0000 0000 

  0x00007f353d78612c: ;   {runtime_call}
  0x00007f353d78612c: 0000 00e9 | fbff ffff 

  0x00007f353d786134: ;   {static_stub}
  0x00007f353d786134: 9048 bb00 | 0000 0000 

  0x00007f353d78613c: ;   {runtime_call}
  0x00007f353d78613c: 0000 00e9 | fbff ffff 

  0x00007f353d786144: ;   {static_stub}
  0x00007f353d786144: 9048 bb00 | 0000 0000 

  0x00007f353d78614c: ;   {runtime_call}
  0x00007f353d78614c: 0000 00e9 | fbff ffff 

  0x00007f353d786154: ;   {static_stub}
  0x00007f353d786154: 9048 bb00 | 0000 0000 

  0x00007f353d78615c: ;   {runtime_call}
  0x00007f353d78615c: 0000 00e9 | fbff ffff 

  0x00007f353d786164: ;   {static_stub}
  0x00007f353d786164: 9048 bb00 | 0000 0000 

  0x00007f353d78616c: ;   {runtime_call}
  0x00007f353d78616c: 0000 00e9 | fbff ffff 

  0x00007f353d786174: ;   {static_stub}
  0x00007f353d786174: 9048 bb00 | 0000 0000 

  0x00007f353d78617c: ;   {runtime_call}
  0x00007f353d78617c: 0000 00e9 | fbff ffff 

  0x00007f353d786184: ;   {static_stub}
  0x00007f353d786184: 9048 bb00 | 0000 0000 

  0x00007f353d78618c: ;   {runtime_call}
  0x00007f353d78618c: 0000 00e9 | fbff ffff 

  0x00007f353d786194: ;   {static_stub}
  0x00007f353d786194: 9048 bb00 | 0000 0000 

  0x00007f353d78619c: ;   {runtime_call}
  0x00007f353d78619c: 0000 00e9 | fbff ffff 

  0x00007f353d7861a4: ;   {static_stub}
  0x00007f353d7861a4: 9048 bb00 | 0000 0000 

  0x00007f353d7861ac: ;   {runtime_call}
  0x00007f353d7861ac: 0000 00e9 | fbff ffff 

  0x00007f353d7861b4: ;   {static_stub}
  0x00007f353d7861b4: 9048 bb18 | 6c42 db34 

  0x00007f353d7861bc: ;   {runtime_call I2C/C2I adapters}
  0x00007f353d7861bc: 7f00 00e9 | 1df5 3507 

  0x00007f353d7861c4: ;   {static_stub}
  0x00007f353d7861c4: 9048 bb00 | 0000 0000 

  0x00007f353d7861cc: ;   {runtime_call}
  0x00007f353d7861cc: 0000 00e9 | fbff ffff 
[Exception Handler]
  0x00007f353d7861d4: ;   {runtime_call handle_exception_from_callee Runtime1 stub}
  0x00007f353d7861d4: e8a7 6140 

  0x00007f353d7861d8: ;   {external_word}
  0x00007f353d7861d8: 0748 bf42 | 6880 5935 | 7f00 0048 

  0x00007f353d7861e4: ;   {runtime_call MacroAssembler::debug64(char*, long, long*)}
  0x00007f353d7861e4: 83e4 f0e8 | 749a bd1b 

  0x00007f353d7861ec: ;   {section_word}
  0x00007f353d7861ec: f449 baed | 6178 3d35 | 7f00 0041 

  0x00007f353d7861f8: ;   {runtime_call DeoptimizationBlob}
  0x00007f353d7861f8: 52e9 a287 | 3607 f4f4 
[/MachCode]


---------------  P R O C E S S  ---------------

Threads class SMR info:
_java_thread_list=0x00007f34b0b2d370, length=59, elements={
0x00007f355401b590, 0x00007f355410a7e0, 0x00007f355410bbd0, 0x00007f35541128e0,
0x00007f3554113ca0, 0x00007f35541150c0, 0x00007f3554116a80, 0x00007f3554117fc0,
0x00007f3554121430, 0x00007f355415e200, 0x00007f3554160120, 0x00007f355502fe60,
0x00007f3488009580, 0x00007f348c0f76c0, 0x00007f348c0fedc0, 0x00007f348c0ff7f0,
0x00007f348c4ea8f0, 0x00007f348c4eb7d0, 0x00007f348c50a4c0, 0x00007f348c511910,
0x00007f348c512720, 0x00007f348c5136e0, 0x00007f348c5146e0, 0x00007f348c5157c0,
0x00007f348c519240, 0x00007f348c51a640, 0x00007f348c5814b0, 0x00007f348c5cea40,
0x00007f348c5d2cf0, 0x00007f348c5e7390, 0x00007f348c6c1890, 0x00007f348c6c2310,
0x00007f348c6c3310, 0x00007f348c6c4440, 0x00007f348c6c5830, 0x00007f348c6c6d60,
0x00007f348c6c7d60, 0x00007f348c6c92a0, 0x00007f348c711790, 0x00007f34b8001e90,
0x00007f34c4014bc0, 0x00007f348c718a50, 0x00007f348c719950, 0x00007f348c753cd0,
0x00007f348c758d80, 0x00007f348c76aac0, 0x00007f348c76c410, 0x00007f348c6f2240,
0x00007f348c3eb350, 0x00007f348c3ec840, 0x00007f348c330520, 0x00007f348c331810,
0x0000555dfe784670, 0x00007f348c306c40, 0x00007f348800b540, 0x00007f348d766560,
0x00007f348d99a9a0, 0x00007f347c03d600, 0x00007f34b0b2c920
}

Java Threads: ( => current thread )
  0x00007f355401b590 JavaThread "main" [_thread_in_native, id=425, stack(0x00007f355842d000,0x00007f355852e000)]
  0x00007f355410a7e0 JavaThread "Reference Handler" daemon [_thread_blocked, id=432, stack(0x00007f3530da9000,0x00007f3530ea9000)]
  0x00007f355410bbd0 JavaThread "Finalizer" daemon [_thread_blocked, id=433, stack(0x00007f3530ca8000,0x00007f3530da8000)]
  0x00007f35541128e0 JavaThread "Signal Dispatcher" daemon [_thread_blocked, id=434, stack(0x00007f35309df000,0x00007f3530adf000)]
  0x00007f3554113ca0 JavaThread "Service Thread" daemon [_thread_blocked, id=435, stack(0x00007f35308de000,0x00007f35309de000)]
  0x00007f35541150c0 JavaThread "Monitor Deflation Thread" daemon [_thread_blocked, id=436, stack(0x00007f35307dd000,0x00007f35308dd000)]
  0x00007f3554116a80 JavaThread "C2 CompilerThread0" daemon [_thread_in_vm, id=437, stack(0x00007f35306dc000,0x00007f35307dc000)]
  0x00007f3554117fc0 JavaThread "C1 CompilerThread0" daemon [_thread_blocked, id=438, stack(0x00007f35305db000,0x00007f35306db000)]
  0x00007f3554121430 JavaThread "Sweeper thread" daemon [_thread_blocked, id=439, stack(0x00007f35304da000,0x00007f35305da000)]
  0x00007f355415e200 JavaThread "Common-Cleaner" daemon [_thread_blocked, id=440, stack(0x00007f35303d9000,0x00007f35304d9000)]
  0x00007f3554160120 JavaThread "Notification Thread" daemon [_thread_blocked, id=441, stack(0x00007f35302d8000,0x00007f35303d8000)]
  0x00007f355502fe60 JavaThread "Thread-2" [_thread_in_native, id=452, stack(0x00007f34d6bfd000,0x00007f34d6cfd000)]
  0x00007f3488009580 JavaThread "Thread-3" [_thread_blocked, id=454, stack(0x00007f34d6afc000,0x00007f34d6bfc000)]
  0x00007f348c0f76c0 JavaThread "rpc-boss-3-1" daemon [_thread_in_native, id=456, stack(0x00007f34d69fb000,0x00007f34d6afb000)]
  0x00007f348c0fedc0 JavaThread "dispatcher-event-loop-0" daemon [_thread_blocked, id=457, stack(0x00007f34d68fa000,0x00007f34d69fa000)]
  0x00007f348c0ff7f0 JavaThread "dispatcher-event-loop-1" daemon [_thread_blocked, id=458, stack(0x00007f34d67f9000,0x00007f34d68f9000)]
  0x00007f348c4ea8f0 JavaThread "dispatcher-event-loop-2" daemon [_thread_blocked, id=459, stack(0x00007f34d66f8000,0x00007f34d67f8000)]
  0x00007f348c4eb7d0 JavaThread "dispatcher-event-loop-3" daemon [_thread_blocked, id=460, stack(0x00007f34d65f7000,0x00007f34d66f7000)]
  0x00007f348c50a4c0 JavaThread "map-output-dispatcher-0" daemon [_thread_blocked, id=461, stack(0x00007f34d64f6000,0x00007f34d65f6000)]
  0x00007f348c511910 JavaThread "map-output-dispatcher-1" daemon [_thread_blocked, id=462, stack(0x00007f34d63f5000,0x00007f34d64f5000)]
  0x00007f348c512720 JavaThread "map-output-dispatcher-2" daemon [_thread_blocked, id=463, stack(0x00007f34d62f4000,0x00007f34d63f4000)]
  0x00007f348c5136e0 JavaThread "map-output-dispatcher-3" daemon [_thread_blocked, id=464, stack(0x00007f34d61f3000,0x00007f34d62f3000)]
  0x00007f348c5146e0 JavaThread "map-output-dispatcher-4" daemon [_thread_blocked, id=465, stack(0x00007f34d60f2000,0x00007f34d61f2000)]
  0x00007f348c5157c0 JavaThread "map-output-dispatcher-5" daemon [_thread_blocked, id=466, stack(0x00007f34d5ff1000,0x00007f34d60f1000)]
  0x00007f348c519240 JavaThread "map-output-dispatcher-6" daemon [_thread_blocked, id=467, stack(0x00007f34d5ef0000,0x00007f34d5ff0000)]
  0x00007f348c51a640 JavaThread "map-output-dispatcher-7" daemon [_thread_blocked, id=468, stack(0x00007f34d5def000,0x00007f34d5eef000)]
  0x00007f348c5814b0 JavaThread "dispatcher-BlockManagerMaster" daemon [_thread_blocked, id=470, stack(0x00007f34d5bed000,0x00007f34d5ced000)]
  0x00007f348c5cea40 JavaThread "dispatcher-BlockManagerEndpoint1" daemon [_thread_blocked, id=471, stack(0x00007f34d5aec000,0x00007f34d5bec000)]
  0x00007f348c5d2cf0 JavaThread "RemoteBlock-temp-file-clean-thread" daemon [_thread_blocked, id=472, stack(0x00007f34d59eb000,0x00007f34d5aeb000)]
  0x00007f348c5e7390 JavaThread "refresh progress" daemon [_thread_blocked, id=473, stack(0x00007f34d58ea000,0x00007f34d59ea000)]
  0x00007f348c6c1890 JavaThread "SparkUI-38" daemon [_thread_in_native, id=474, stack(0x00007f34d57e9000,0x00007f34d58e9000)]
  0x00007f348c6c2310 JavaThread "SparkUI-39" daemon [_thread_in_native, id=475, stack(0x00007f34d56e8000,0x00007f34d57e8000)]
  0x00007f348c6c3310 JavaThread "SparkUI-40-acceptor-0@1158f99d-ServerConnector@1f9f15c6{HTTP/1.1, (http/1.1)}{0.0.0.0:4040}" daemon [_thread_in_native, id=476, stack(0x00007f34d55e7000,0x00007f34d56e7000)]
  0x00007f348c6c4440 JavaThread "SparkUI-41" daemon [_thread_blocked, id=477, stack(0x00007f34d54e6000,0x00007f34d55e6000)]
  0x00007f348c6c5830 JavaThread "SparkUI-42" daemon [_thread_blocked, id=478, stack(0x00007f34d53e5000,0x00007f34d54e5000)]
  0x00007f348c6c6d60 JavaThread "SparkUI-43" daemon [_thread_blocked, id=479, stack(0x00007f34d52e4000,0x00007f34d53e4000)]
  0x00007f348c6c7d60 JavaThread "SparkUI-44" daemon [_thread_blocked, id=480, stack(0x00007f34d51e3000,0x00007f34d52e3000)]
  0x00007f348c6c92a0 JavaThread "SparkUI-45" daemon [_thread_blocked, id=481, stack(0x00007f34d50e2000,0x00007f34d51e2000)]
  0x00007f348c711790 JavaThread "dispatcher-HeartbeatReceiver" daemon [_thread_blocked, id=482, stack(0x00007f34d4fe1000,0x00007f34d50e1000)]
  0x00007f34b8001e90 JavaThread "heartbeat-receiver-event-loop-thread" daemon [_thread_blocked, id=483, stack(0x00007f34d4ee0000,0x00007f34d4fe0000)]
  0x00007f34c4014bc0 JavaThread "netty-rpc-env-timeout" daemon [_thread_blocked, id=484, stack(0x00007f34d4ddf000,0x00007f34d4edf000)]
  0x00007f348c718a50 JavaThread "task-starvation-timer" daemon [_thread_blocked, id=485, stack(0x00007f34d4cde000,0x00007f34d4dde000)]
  0x00007f348c719950 JavaThread "task-abort-timer" daemon [_thread_blocked, id=486, stack(0x00007f34d4bdd000,0x00007f34d4cdd000)]
  0x00007f348c753cd0 JavaThread "dag-scheduler-event-loop" daemon [_thread_blocked, id=487, stack(0x00007f34d4adc000,0x00007f34d4bdc000)]
  0x00007f348c758d80 JavaThread "driver-heartbeater" daemon [_thread_blocked, id=488, stack(0x00007f34d49db000,0x00007f34d4adb000)]
  0x00007f348c76aac0 JavaThread "executor-kill-mark-cleanup" daemon [_thread_blocked, id=489, stack(0x00007f34d48da000,0x00007f34d49da000)]
  0x00007f348c76c410 JavaThread "executor-heartbeater" daemon [_thread_blocked, id=490, stack(0x00007f34d47d9000,0x00007f34d48d9000)]
  0x00007f348c6f2240 JavaThread "shuffle-boss-6-1" daemon [_thread_in_native, id=491, stack(0x00007f34d46d8000,0x00007f34d47d8000)]
  0x00007f348c3eb350 JavaThread "Spark Context Cleaner" daemon [_thread_blocked, id=492, stack(0x00007f34d45d7000,0x00007f34d46d7000)]
  0x00007f348c3ec840 JavaThread "context-cleaner-periodic-gc" daemon [_thread_blocked, id=493, stack(0x00007f34d44d6000,0x00007f34d45d6000)]
  0x00007f348c330520 JavaThread "spark-listener-group-appStatus" daemon [_thread_blocked, id=494, stack(0x00007f34d43d5000,0x00007f34d44d5000)]
  0x00007f348c331810 JavaThread "spark-listener-group-executorManagement" daemon [_thread_blocked, id=495, stack(0x00007f34d42d4000,0x00007f34d43d4000)]
  0x0000555dfe784670 JavaThread "element-tracking-store-worker" daemon [_thread_blocked, id=497, stack(0x00007f34d41d3000,0x00007f34d42d3000)]
  0x00007f348c306c40 JavaThread "org.apache.hadoop.fs.FileSystem$Statistics$StatisticsDataReferenceCleaner" daemon [_thread_blocked, id=640, stack(0x00007f34d5cee000,0x00007f34d5dee000)]
  0x00007f348800b540 JavaThread "Thread-20" [_thread_in_native, id=699, stack(0x00007f353008d000,0x00007f353018d000)]
  0x00007f348d766560 JavaThread "ForkJoinPool.commonPool-worker-1" daemon [_thread_blocked, id=705, stack(0x00007f346ff00000,0x00007f3470000000)]
  0x00007f348d99a9a0 JavaThread "idle-connection-reaper" daemon [_thread_blocked, id=711, stack(0x00007f346fdff000,0x00007f346feff000)]
=>0x00007f347c03d600 JavaThread "Executor task launch worker for task 0.0 in stage 0.0 (TID 0)" daemon [_thread_in_vm, id=716, stack(0x00007f346f783000,0x00007f346f883000)]
  0x00007f34b0b2c920 JavaThread "C2 CompilerThread1" daemon [_thread_in_vm, id=718, stack(0x00007f34d40d2000,0x00007f34d41d2000)]

Other Threads:
  0x00007f3554106720 VMThread "VM Thread" [stack: 0x00007f3530eaa000,0x00007f3530faa000] [id=431] _threads_hazard_ptr=0x00007f34b0b2d370
  0x00007f3554161a70 WatcherThread [stack: 0x00007f35301d7000,0x00007f35302d7000] [id=442]
  0x00007f35540474c0 GCTaskThread "GC Thread#0" [stack: 0x00007f35339d8000,0x00007f3533ad8000] [id=426]
  0x00007f34d0004f10 GCTaskThread "GC Thread#1" [stack: 0x00007f34d6f00000,0x00007f34d7000000] [id=444]
  0x00007f34d0005950 GCTaskThread "GC Thread#2" [stack: 0x00007f34d6dff000,0x00007f34d6eff000] [id=445]
  0x00007f34d0006390 GCTaskThread "GC Thread#3" [stack: 0x00007f34d6cfe000,0x00007f34d6dfe000] [id=446]
  0x00007f3554058a40 ConcurrentGCThread "G1 Main Marker" [stack: 0x00007f35338d7000,0x00007f35339d7000] [id=427]
  0x00007f3554059940 ConcurrentGCThread "G1 Conc#0" [stack: 0x00007f35337d6000,0x00007f35338d6000] [id=428]
  0x00007f35540d9110 ConcurrentGCThread "G1 Refine#0" [stack: 0x00007f35312d1000,0x00007f35313d1000] [id=429]
  0x00007f351c00fc00 ConcurrentGCThread "G1 Refine#1" [stack: 0x00007f346faa8000,0x00007f346fba8000] [id=712]
  0x00007f35540d9fa0 ConcurrentGCThread "G1 Service" [stack: 0x00007f35311d0000,0x00007f35312d0000] [id=430]

Threads with active compile tasks:
C2 CompilerThread0   302597 6996       4       org.apache.iceberg.spark.data.vectorized.IcebergArrowColumnVector::getDecimal (24 bytes)
C2 CompilerThread1   302599 7029 %     4       org.apache.iceberg.arrow.vectorized.parquet.VectorizedDictionaryEncodedParquetValuesReader$BaseDictEncodedReader::nextBatch @ 45 (218 bytes)

VM state: synchronizing (normal execution)

VM Mutex/Monitor currently owned by a thread:  ([mutex/lock_event])
[0x00007f3554018160] Threads_lock - owner thread: 0x00007f3554106720

Heap address: 0x0000000700000000, size: 4096 MB, Compressed Oops mode: Zero based, Oop shift amount: 3

CDS archive(s) mapped at: [0x00007f34db000000-0x00007f34dbbc9000-0x00007f34dbbc9000), size 12357632, SharedBaseAddress: 0x00007f34db000000, ArchiveRelocationMode: 1.
Compressed class space mapped at: 0x00007f34dc000000-0x00007f351c000000, reserved size: 1073741824
Narrow klass base: 0x00007f34db000000, Narrow klass shift: 0, Narrow klass range: 0x100000000

GC Precious Log:
 CPUs: 4 total, 4 available
 Memory: 11966M
 Large Page Support: Disabled
 NUMA Support: Disabled
 Compressed Oops: Enabled (Zero based)
 Heap Region Size: 2M
 Heap Min Capacity: 8M
 Heap Initial Capacity: 188M
 Heap Max Capacity: 4G
 Pre-touch: Disabled
 Parallel Workers: 4
 Concurrent Workers: 1
 Concurrent Refinement Workers: 4
 Periodic GC: Disabled

Heap:
 garbage-first heap   total 335872K, used 277510K [0x0000000700000000, 0x0000000800000000)
  region size 2048K, 79 young (161792K), 6 survivors (12288K)
 Metaspace       used 126412K, committed 127168K, reserved 1179648K
  class space    used 16568K, committed 16896K, reserved 1048576K

Heap Regions: E=young(eden), S=young(survivor), O=old, HS=humongous(starts), HC=humongous(continues), CS=collection set, F=free, OA=open archive, CA=closed archive, TAMS=top-at-mark-start (previous, next)
|   0|0x0000000700000000, 0x0000000700200000, 0x0000000700200000|100%| O|  |TAMS 0x0000000700200000, 0x0000000700000000| Untracked 
|   1|0x0000000700200000, 0x0000000700400000, 0x0000000700400000|100%| O|  |TAMS 0x0000000700400000, 0x0000000700200000| Untracked 
|   2|0x0000000700400000, 0x0000000700600000, 0x0000000700600000|100%| O|  |TAMS 0x0000000700600000, 0x0000000700400000| Untracked 
|   3|0x0000000700600000, 0x0000000700800000, 0x0000000700800000|100%| O|  |TAMS 0x0000000700800000, 0x0000000700600000| Untracked 
|   4|0x0000000700800000, 0x0000000700a00000, 0x0000000700a00000|100%|HS|  |TAMS 0x0000000700a00000, 0x0000000700800000| Complete 
|   5|0x0000000700a00000, 0x0000000700c00000, 0x0000000700c00000|100%|HC|  |TAMS 0x0000000700c00000, 0x0000000700a00000| Complete 
|   6|0x0000000700c00000, 0x0000000700e00000, 0x0000000700e00000|100%|HS|  |TAMS 0x0000000700e00000, 0x0000000700c00000| Complete 
|   7|0x0000000700e00000, 0x0000000701000000, 0x0000000701000000|100%|HC|  |TAMS 0x0000000701000000, 0x0000000700e00000| Complete 
|   8|0x0000000701000000, 0x0000000701200000, 0x0000000701200000|100%|HC|  |TAMS 0x0000000701200000, 0x0000000701000000| Complete 
|   9|0x0000000701200000, 0x0000000701400000, 0x0000000701400000|100%|HC|  |TAMS 0x0000000701400000, 0x0000000701200000| Complete 
|  10|0x0000000701400000, 0x0000000701600000, 0x0000000701600000|100%|HC|  |TAMS 0x0000000701600000, 0x0000000701400000| Complete 
|  11|0x0000000701600000, 0x0000000701800000, 0x0000000701800000|100%|HC|  |TAMS 0x0000000701800000, 0x0000000701600000| Complete 
|  12|0x0000000701800000, 0x0000000701a00000, 0x0000000701a00000|100%|HC|  |TAMS 0x0000000701a00000, 0x0000000701800000| Complete 
|  13|0x0000000701a00000, 0x0000000701c00000, 0x0000000701c00000|100%|HC|  |TAMS 0x0000000701c00000, 0x0000000701a00000| Complete 
|  14|0x0000000701c00000, 0x0000000701e00000, 0x0000000701e00000|100%|HC|  |TAMS 0x0000000701e00000, 0x0000000701c00000| Complete 
|  15|0x0000000701e00000, 0x0000000702000000, 0x0000000702000000|100%|HC|  |TAMS 0x0000000702000000, 0x0000000701e00000| Complete 
|  16|0x0000000702000000, 0x0000000702200000, 0x0000000702200000|100%|HC|  |TAMS 0x0000000702200000, 0x0000000702000000| Complete 
|  17|0x0000000702200000, 0x0000000702400000, 0x0000000702400000|100%|HC|  |TAMS 0x0000000702400000, 0x0000000702200000| Complete 
|  18|0x0000000702400000, 0x0000000702600000, 0x0000000702600000|100%|HC|  |TAMS 0x0000000702600000, 0x0000000702400000| Complete 
|  19|0x0000000702600000, 0x0000000702800000, 0x0000000702800000|100%|HC|  |TAMS 0x0000000702800000, 0x0000000702600000| Complete 
|  20|0x0000000702800000, 0x0000000702a00000, 0x0000000702a00000|100%|HC|  |TAMS 0x0000000702a00000, 0x0000000702800000| Complete 
|  21|0x0000000702a00000, 0x0000000702c00000, 0x0000000702c00000|100%|HC|  |TAMS 0x0000000702c00000, 0x0000000702a00000| Complete 
|  22|0x0000000702c00000, 0x0000000702e00000, 0x0000000702e00000|100%|HC|  |TAMS 0x0000000702e00000, 0x0000000702c00000| Complete 
|  23|0x0000000702e00000, 0x0000000703000000, 0x0000000703000000|100%|HC|  |TAMS 0x0000000703000000, 0x0000000702e00000| Complete 
|  24|0x0000000703000000, 0x0000000703200000, 0x0000000703200000|100%|HC|  |TAMS 0x0000000703200000, 0x0000000703000000| Complete 
|  25|0x0000000703200000, 0x0000000703400000, 0x0000000703400000|100%|HC|  |TAMS 0x0000000703400000, 0x0000000703200000| Complete 
|  26|0x0000000703400000, 0x0000000703600000, 0x0000000703600000|100%|HC|  |TAMS 0x0000000703600000, 0x0000000703400000| Complete 
|  27|0x0000000703600000, 0x0000000703800000, 0x0000000703800000|100%|HC|  |TAMS 0x0000000703800000, 0x0000000703600000| Complete 
|  28|0x0000000703800000, 0x0000000703a00000, 0x0000000703a00000|100%|HC|  |TAMS 0x0000000703a00000, 0x0000000703800000| Complete 
|  29|0x0000000703a00000, 0x0000000703c00000, 0x0000000703c00000|100%|HC|  |TAMS 0x0000000703c00000, 0x0000000703a00000| Complete 
|  30|0x0000000703c00000, 0x0000000703e00000, 0x0000000703e00000|100%|HS|  |TAMS 0x0000000703e00000, 0x0000000703c00000| Complete 
|  31|0x0000000703e00000, 0x0000000704000000, 0x0000000704000000|100%|HC|  |TAMS 0x0000000704000000, 0x0000000703e00000| Complete 
|  32|0x0000000704000000, 0x0000000704200000, 0x0000000704200000|100%|HC|  |TAMS 0x0000000704200000, 0x0000000704000000| Complete 
|  33|0x0000000704200000, 0x0000000704400000, 0x0000000704400000|100%| O|  |TAMS 0x0000000704400000, 0x0000000704200000| Untracked 
|  34|0x0000000704400000, 0x0000000704600000, 0x0000000704600000|100%| O|  |TAMS 0x0000000704600000, 0x0000000704400000| Untracked 
|  35|0x0000000704600000, 0x0000000704800000, 0x0000000704800000|100%|HS|  |TAMS 0x0000000704800000, 0x0000000704600000| Complete 
|  36|0x0000000704800000, 0x0000000704a00000, 0x0000000704a00000|100%|HC|  |TAMS 0x0000000704a00000, 0x0000000704800000| Complete 
|  37|0x0000000704a00000, 0x0000000704c00000, 0x0000000704c00000|100%|HS|  |TAMS 0x0000000704c00000, 0x0000000704a00000| Complete 
|  38|0x0000000704c00000, 0x0000000704e00000, 0x0000000704e00000|100%| O|  |TAMS 0x0000000704e00000, 0x0000000704c00000| Untracked 
|  39|0x0000000704e00000, 0x0000000705000000, 0x0000000705000000|100%| O|  |TAMS 0x0000000705000000, 0x0000000704e00000| Untracked 
|  40|0x0000000705000000, 0x0000000705200000, 0x0000000705200000|100%| O|  |TAMS 0x0000000705200000, 0x0000000705000000| Untracked 
|  41|0x0000000705200000, 0x0000000705400000, 0x0000000705400000|100%| O|  |TAMS 0x0000000705400000, 0x0000000705200000| Untracked 
|  42|0x0000000705400000, 0x0000000705600000, 0x0000000705600000|100%| O|  |TAMS 0x0000000705600000, 0x0000000705400000| Untracked 
|  43|0x0000000705600000, 0x0000000705800000, 0x0000000705800000|100%|HS|  |TAMS 0x0000000705600000, 0x0000000705600000| Complete 
|  44|0x0000000705800000, 0x0000000705a00000, 0x0000000705a00000|100%| O|  |TAMS 0x0000000705a00000, 0x0000000705800000| Untracked 
|  45|0x0000000705a00000, 0x0000000705c00000, 0x0000000705c00000|100%| O|  |TAMS 0x0000000705c00000, 0x0000000705a00000| Untracked 
|  46|0x0000000705c00000, 0x0000000705e00000, 0x0000000705e00000|100%| O|  |TAMS 0x0000000705e00000, 0x0000000705c00000| Untracked 
|  47|0x0000000705e00000, 0x0000000705e22200, 0x0000000706000000|  6%| O|  |TAMS 0x0000000705e22200, 0x0000000705e00000| Untracked 
|  48|0x0000000706000000, 0x0000000706200000, 0x0000000706200000|100%|HS|  |TAMS 0x0000000706000000, 0x0000000706000000| Complete 
|  49|0x0000000706200000, 0x0000000706400000, 0x0000000706400000|100%|HC|  |TAMS 0x0000000706200000, 0x0000000706200000| Complete 
|  50|0x0000000706400000, 0x0000000706600000, 0x0000000706600000|100%|HC|  |TAMS 0x0000000706400000, 0x0000000706400000| Complete 
|  51|0x0000000706600000, 0x0000000706800000, 0x0000000706800000|100%|HS|  |TAMS 0x0000000706600000, 0x0000000706600000| Complete 
|  52|0x0000000706800000, 0x0000000706a00000, 0x0000000706a00000|100%|HC|  |TAMS 0x0000000706800000, 0x0000000706800000| Complete 
|  53|0x0000000706a00000, 0x0000000706c00000, 0x0000000706c00000|100%|HC|  |TAMS 0x0000000706a00000, 0x0000000706a00000| Complete 
|  54|0x0000000706c00000, 0x0000000706e00000, 0x0000000706e00000|100%|HS|  |TAMS 0x0000000706c00000, 0x0000000706c00000| Complete 
|  55|0x0000000706e00000, 0x0000000707000000, 0x0000000707000000|100%|HC|  |TAMS 0x0000000706e00000, 0x0000000706e00000| Complete 
|  56|0x0000000707000000, 0x0000000707200000, 0x0000000707200000|100%|HC|  |TAMS 0x0000000707000000, 0x0000000707000000| Complete 
|  57|0x0000000707200000, 0x0000000707400000, 0x0000000707400000|100%|HS|  |TAMS 0x0000000707200000, 0x0000000707200000| Complete 
|  58|0x0000000707400000, 0x0000000707600000, 0x0000000707600000|100%|HC|  |TAMS 0x0000000707400000, 0x0000000707400000| Complete 
|  59|0x0000000707600000, 0x0000000707600000, 0x0000000707800000|  0%| F|  |TAMS 0x0000000707600000, 0x0000000707600000| Untracked 
|  60|0x0000000707800000, 0x0000000707800000, 0x0000000707a00000|  0%| F|  |TAMS 0x0000000707800000, 0x0000000707800000| Untracked 
|  61|0x0000000707a00000, 0x0000000707a00000, 0x0000000707c00000|  0%| F|  |TAMS 0x0000000707a00000, 0x0000000707a00000| Untracked 
|  62|0x0000000707c00000, 0x0000000707c00000, 0x0000000707e00000|  0%| F|  |TAMS 0x0000000707c00000, 0x0000000707c00000| Untracked 
|  63|0x0000000707e00000, 0x0000000707e00000, 0x0000000708000000|  0%| F|  |TAMS 0x0000000707e00000, 0x0000000707e00000| Untracked 
|  64|0x0000000708000000, 0x0000000708000000, 0x0000000708200000|  0%| F|  |TAMS 0x0000000708000000, 0x0000000708000000| Untracked 
|  65|0x0000000708200000, 0x0000000708200000, 0x0000000708400000|  0%| F|  |TAMS 0x0000000708200000, 0x0000000708200000| Untracked 
|  66|0x0000000708400000, 0x0000000708400000, 0x0000000708600000|  0%| F|  |TAMS 0x0000000708400000, 0x0000000708400000| Untracked 
|  67|0x0000000708600000, 0x0000000708600000, 0x0000000708800000|  0%| F|  |TAMS 0x0000000708600000, 0x0000000708600000| Untracked 
|  68|0x0000000708800000, 0x0000000708800000, 0x0000000708a00000|  0%| F|  |TAMS 0x0000000708800000, 0x0000000708800000| Untracked 
|  69|0x0000000708a00000, 0x0000000708a00000, 0x0000000708c00000|  0%| F|  |TAMS 0x0000000708a00000, 0x0000000708a00000| Untracked 
|  70|0x0000000708c00000, 0x0000000708c00000, 0x0000000708e00000|  0%| F|  |TAMS 0x0000000708c00000, 0x0000000708c00000| Untracked 
|  71|0x0000000708e00000, 0x0000000708ef3950, 0x0000000709000000| 47%| S|CS|TAMS 0x0000000708e00000, 0x0000000708e00000| Complete 
|  72|0x0000000709000000, 0x0000000709200000, 0x0000000709200000|100%| S|CS|TAMS 0x0000000709000000, 0x0000000709000000| Complete 
|  73|0x0000000709200000, 0x0000000709400000, 0x0000000709400000|100%| S|CS|TAMS 0x0000000709200000, 0x0000000709200000| Complete 
|  74|0x0000000709400000, 0x0000000709600000, 0x0000000709600000|100%| S|CS|TAMS 0x0000000709400000, 0x0000000709400000| Complete 
|  75|0x0000000709600000, 0x0000000709800000, 0x0000000709800000|100%| S|CS|TAMS 0x0000000709600000, 0x0000000709600000| Complete 
|  76|0x0000000709800000, 0x0000000709a00000, 0x0000000709a00000|100%| S|CS|TAMS 0x0000000709800000, 0x0000000709800000| Complete 
|  77|0x0000000709a00000, 0x0000000709a00000, 0x0000000709c00000|  0%| F|  |TAMS 0x0000000709a00000, 0x0000000709a00000| Untracked 
|  78|0x0000000709c00000, 0x0000000709c00000, 0x0000000709e00000|  0%| F|  |TAMS 0x0000000709c00000, 0x0000000709c00000| Untracked 
|  79|0x0000000709e00000, 0x0000000709e00000, 0x000000070a000000|  0%| F|  |TAMS 0x0000000709e00000, 0x0000000709e00000| Untracked 
|  80|0x000000070a000000, 0x000000070a000000, 0x000000070a200000|  0%| F|  |TAMS 0x000000070a000000, 0x000000070a000000| Untracked 
|  81|0x000000070a200000, 0x000000070a200000, 0x000000070a400000|  0%| F|  |TAMS 0x000000070a200000, 0x000000070a200000| Untracked 
|  82|0x000000070a400000, 0x000000070a400000, 0x000000070a600000|  0%| F|  |TAMS 0x000000070a400000, 0x000000070a400000| Untracked 
|  83|0x000000070a600000, 0x000000070a600000, 0x000000070a800000|  0%| F|  |TAMS 0x000000070a600000, 0x000000070a600000| Untracked 
|  84|0x000000070a800000, 0x000000070a800000, 0x000000070aa00000|  0%| F|  |TAMS 0x000000070a800000, 0x000000070a800000| Untracked 
|  85|0x000000070aa00000, 0x000000070aa00000, 0x000000070ac00000|  0%| F|  |TAMS 0x000000070aa00000, 0x000000070aa00000| Untracked 
|  86|0x000000070ac00000, 0x000000070ac00000, 0x000000070ae00000|  0%| F|  |TAMS 0x000000070ac00000, 0x000000070ac00000| Untracked 
|  87|0x000000070ae00000, 0x000000070ae00000, 0x000000070b000000|  0%| F|  |TAMS 0x000000070ae00000, 0x000000070ae00000| Untracked 
|  88|0x000000070b000000, 0x000000070b000000, 0x000000070b200000|  0%| F|  |TAMS 0x000000070b000000, 0x000000070b000000| Untracked 
|  89|0x000000070b200000, 0x000000070b400000, 0x000000070b400000|100%| E|  |TAMS 0x000000070b200000, 0x000000070b200000| Complete 
|  90|0x000000070b400000, 0x000000070b600000, 0x000000070b600000|100%| E|CS|TAMS 0x000000070b400000, 0x000000070b400000| Complete 
|  91|0x000000070b600000, 0x000000070b800000, 0x000000070b800000|100%| E|CS|TAMS 0x000000070b600000, 0x000000070b600000| Complete 
|  92|0x000000070b800000, 0x000000070ba00000, 0x000000070ba00000|100%| E|CS|TAMS 0x000000070b800000, 0x000000070b800000| Complete 
|  93|0x000000070ba00000, 0x000000070bc00000, 0x000000070bc00000|100%| E|CS|TAMS 0x000000070ba00000, 0x000000070ba00000| Complete 
|  94|0x000000070bc00000, 0x000000070be00000, 0x000000070be00000|100%| E|CS|TAMS 0x000000070bc00000, 0x000000070bc00000| Complete 
|  95|0x000000070be00000, 0x000000070bfffbd8, 0x000000070c000000| 99%| E|  |TAMS 0x000000070be00000, 0x000000070be00000| Complete 
|  96|0x000000070c000000, 0x000000070c200000, 0x000000070c200000|100%| E|CS|TAMS 0x000000070c000000, 0x000000070c000000| Complete 
|  97|0x000000070c200000, 0x000000070c400000, 0x000000070c400000|100%| E|CS|TAMS 0x000000070c200000, 0x000000070c200000| Complete 
|  98|0x000000070c400000, 0x000000070c600000, 0x000000070c600000|100%| E|CS|TAMS 0x000000070c400000, 0x000000070c400000| Complete 
|  99|0x000000070c600000, 0x000000070c800000, 0x000000070c800000|100%| E|CS|TAMS 0x000000070c600000, 0x000000070c600000| Complete 
| 100|0x000000070c800000, 0x000000070ca00000, 0x000000070ca00000|100%| E|CS|TAMS 0x000000070c800000, 0x000000070c800000| Complete 
| 101|0x000000070ca00000, 0x000000070cc00000, 0x000000070cc00000|100%| E|CS|TAMS 0x000000070ca00000, 0x000000070ca00000| Complete 
| 102|0x000000070cc00000, 0x000000070ce00000, 0x000000070ce00000|100%| E|CS|TAMS 0x000000070cc00000, 0x000000070cc00000| Complete 
| 103|0x000000070ce00000, 0x000000070d000000, 0x000000070d000000|100%| E|CS|TAMS 0x000000070ce00000, 0x000000070ce00000| Complete 
| 104|0x000000070d000000, 0x000000070d200000, 0x000000070d200000|100%| E|CS|TAMS 0x000000070d000000, 0x000000070d000000| Complete 
| 105|0x000000070d200000, 0x000000070d400000, 0x000000070d400000|100%| E|CS|TAMS 0x000000070d200000, 0x000000070d200000| Complete 
| 106|0x000000070d400000, 0x000000070d600000, 0x000000070d600000|100%| E|CS|TAMS 0x000000070d400000, 0x000000070d400000| Complete 
| 107|0x000000070d600000, 0x000000070d800000, 0x000000070d800000|100%| E|CS|TAMS 0x000000070d600000, 0x000000070d600000| Complete 
| 108|0x000000070d800000, 0x000000070da00000, 0x000000070da00000|100%| E|CS|TAMS 0x000000070d800000, 0x000000070d800000| Complete 
| 109|0x000000070da00000, 0x000000070dc00000, 0x000000070dc00000|100%| E|CS|TAMS 0x000000070da00000, 0x000000070da00000| Complete 
| 110|0x000000070dc00000, 0x000000070de00000, 0x000000070de00000|100%| E|CS|TAMS 0x000000070dc00000, 0x000000070dc00000| Complete 
| 111|0x000000070de00000, 0x000000070e000000, 0x000000070e000000|100%| E|CS|TAMS 0x000000070de00000, 0x000000070de00000| Complete 
| 112|0x000000070e000000, 0x000000070e200000, 0x000000070e200000|100%| E|CS|TAMS 0x000000070e000000, 0x000000070e000000| Complete 
| 113|0x000000070e200000, 0x000000070e400000, 0x000000070e400000|100%| E|CS|TAMS 0x000000070e200000, 0x000000070e200000| Complete 
| 114|0x000000070e400000, 0x000000070e600000, 0x000000070e600000|100%| E|CS|TAMS 0x000000070e400000, 0x000000070e400000| Complete 
| 115|0x000000070e600000, 0x000000070e800000, 0x000000070e800000|100%| E|CS|TAMS 0x000000070e600000, 0x000000070e600000| Complete 
| 116|0x000000070e800000, 0x000000070ea00000, 0x000000070ea00000|100%| E|CS|TAMS 0x000000070e800000, 0x000000070e800000| Complete 
| 117|0x000000070ea00000, 0x000000070ec00000, 0x000000070ec00000|100%| E|CS|TAMS 0x000000070ea00000, 0x000000070ea00000| Complete 
| 118|0x000000070ec00000, 0x000000070ee00000, 0x000000070ee00000|100%| E|CS|TAMS 0x000000070ec00000, 0x000000070ec00000| Complete 
| 119|0x000000070ee00000, 0x000000070f000000, 0x000000070f000000|100%| E|CS|TAMS 0x000000070ee00000, 0x000000070ee00000| Complete 
| 120|0x000000070f000000, 0x000000070f200000, 0x000000070f200000|100%| E|CS|TAMS 0x000000070f000000, 0x000000070f000000| Complete 
| 121|0x000000070f200000, 0x000000070f400000, 0x000000070f400000|100%| E|CS|TAMS 0x000000070f200000, 0x000000070f200000| Complete 
| 122|0x000000070f400000, 0x000000070f600000, 0x000000070f600000|100%| E|CS|TAMS 0x000000070f400000, 0x000000070f400000| Complete 
| 123|0x000000070f600000, 0x000000070f800000, 0x000000070f800000|100%| E|CS|TAMS 0x000000070f600000, 0x000000070f600000| Complete 
| 124|0x000000070f800000, 0x000000070fa00000, 0x000000070fa00000|100%| E|CS|TAMS 0x000000070f800000, 0x000000070f800000| Complete 
| 125|0x000000070fa00000, 0x000000070fc00000, 0x000000070fc00000|100%| E|CS|TAMS 0x000000070fa00000, 0x000000070fa00000| Complete 
| 126|0x000000070fc00000, 0x000000070fe00000, 0x000000070fe00000|100%| E|CS|TAMS 0x000000070fc00000, 0x000000070fc00000| Complete 
| 127|0x000000070fe00000, 0x0000000710000000, 0x0000000710000000|100%| E|CS|TAMS 0x000000070fe00000, 0x000000070fe00000| Complete 
| 128|0x0000000710000000, 0x0000000710200000, 0x0000000710200000|100%| E|CS|TAMS 0x0000000710000000, 0x0000000710000000| Complete 
| 129|0x0000000710200000, 0x0000000710400000, 0x0000000710400000|100%| E|CS|TAMS 0x0000000710200000, 0x0000000710200000| Complete 
| 130|0x0000000710400000, 0x0000000710600000, 0x0000000710600000|100%| E|CS|TAMS 0x0000000710400000, 0x0000000710400000| Complete 
| 131|0x0000000710600000, 0x0000000710800000, 0x0000000710800000|100%| E|CS|TAMS 0x0000000710600000, 0x0000000710600000| Complete 
| 132|0x0000000710800000, 0x0000000710a00000, 0x0000000710a00000|100%| E|CS|TAMS 0x0000000710800000, 0x0000000710800000| Complete 
| 133|0x0000000710a00000, 0x0000000710c00000, 0x0000000710c00000|100%| E|CS|TAMS 0x0000000710a00000, 0x0000000710a00000| Complete 
| 134|0x0000000710c00000, 0x0000000710e00000, 0x0000000710e00000|100%| E|CS|TAMS 0x0000000710c00000, 0x0000000710c00000| Complete 
| 135|0x0000000710e00000, 0x0000000711000000, 0x0000000711000000|100%| E|CS|TAMS 0x0000000710e00000, 0x0000000710e00000| Complete 
| 136|0x0000000711000000, 0x0000000711200000, 0x0000000711200000|100%| E|CS|TAMS 0x0000000711000000, 0x0000000711000000| Complete 
| 137|0x0000000711200000, 0x0000000711400000, 0x0000000711400000|100%| E|CS|TAMS 0x0000000711200000, 0x0000000711200000| Complete 
| 138|0x0000000711400000, 0x0000000711600000, 0x0000000711600000|100%| E|CS|TAMS 0x0000000711400000, 0x0000000711400000| Complete 
| 139|0x0000000711600000, 0x0000000711800000, 0x0000000711800000|100%| E|CS|TAMS 0x0000000711600000, 0x0000000711600000| Complete 
| 140|0x0000000711800000, 0x0000000711a00000, 0x0000000711a00000|100%| E|CS|TAMS 0x0000000711800000, 0x0000000711800000| Complete 
| 141|0x0000000711a00000, 0x0000000711c00000, 0x0000000711c00000|100%| E|CS|TAMS 0x0000000711a00000, 0x0000000711a00000| Complete 
| 142|0x0000000711c00000, 0x0000000711e00000, 0x0000000711e00000|100%| E|CS|TAMS 0x0000000711c00000, 0x0000000711c00000| Complete 
| 143|0x0000000711e00000, 0x0000000712000000, 0x0000000712000000|100%| E|CS|TAMS 0x0000000711e00000, 0x0000000711e00000| Complete 
| 144|0x0000000712000000, 0x0000000712200000, 0x0000000712200000|100%| E|CS|TAMS 0x0000000712000000, 0x0000000712000000| Complete 
| 145|0x0000000712200000, 0x0000000712400000, 0x0000000712400000|100%| E|CS|TAMS 0x0000000712200000, 0x0000000712200000| Complete 
| 146|0x0000000712400000, 0x0000000712600000, 0x0000000712600000|100%| E|CS|TAMS 0x0000000712400000, 0x0000000712400000| Complete 
| 147|0x0000000712600000, 0x0000000712800000, 0x0000000712800000|100%| E|CS|TAMS 0x0000000712600000, 0x0000000712600000| Complete 
| 148|0x0000000712800000, 0x0000000712a00000, 0x0000000712a00000|100%| E|CS|TAMS 0x0000000712800000, 0x0000000712800000| Complete 
| 149|0x0000000712a00000, 0x0000000712c00000, 0x0000000712c00000|100%| E|CS|TAMS 0x0000000712a00000, 0x0000000712a00000| Complete 
| 150|0x0000000712c00000, 0x0000000712e00000, 0x0000000712e00000|100%| E|CS|TAMS 0x0000000712c00000, 0x0000000712c00000| Complete 
| 151|0x0000000712e00000, 0x0000000713000000, 0x0000000713000000|100%| E|CS|TAMS 0x0000000712e00000, 0x0000000712e00000| Complete 
| 152|0x0000000713000000, 0x0000000713200000, 0x0000000713200000|100%| E|CS|TAMS 0x0000000713000000, 0x0000000713000000| Complete 
| 153|0x0000000713200000, 0x0000000713400000, 0x0000000713400000|100%| E|CS|TAMS 0x0000000713200000, 0x0000000713200000| Complete 
| 154|0x0000000713400000, 0x0000000713600000, 0x0000000713600000|100%| E|CS|TAMS 0x0000000713400000, 0x0000000713400000| Complete 
| 155|0x0000000713600000, 0x0000000713800000, 0x0000000713800000|100%| E|CS|TAMS 0x0000000713600000, 0x0000000713600000| Complete 
| 156|0x0000000713800000, 0x0000000713a00000, 0x0000000713a00000|100%| E|CS|TAMS 0x0000000713800000, 0x0000000713800000| Complete 
| 157|0x0000000713a00000, 0x0000000713c00000, 0x0000000713c00000|100%| E|CS|TAMS 0x0000000713a00000, 0x0000000713a00000| Complete 
| 158|0x0000000713c00000, 0x0000000713e00000, 0x0000000713e00000|100%| E|CS|TAMS 0x0000000713c00000, 0x0000000713c00000| Complete 
| 224|0x000000071c000000, 0x000000071c200000, 0x000000071c200000|100%| E|CS|TAMS 0x000000071c000000, 0x000000071c000000| Complete 
| 225|0x000000071c200000, 0x000000071c400000, 0x000000071c400000|100%| E|CS|TAMS 0x000000071c200000, 0x000000071c200000| Complete 
| 226|0x000000071c400000, 0x000000071c600000, 0x000000071c600000|100%| E|CS|TAMS 0x000000071c400000, 0x000000071c400000| Complete 
|2046|0x00000007ffc00000, 0x00000007ffd75000, 0x00000007ffe00000| 72%|OA|  |TAMS 0x00000007ffd75000, 0x00000007ffc00000| Untracked 
|2047|0x00000007ffe00000, 0x00000007ffe77000, 0x0000000800000000| 23%|CA|  |TAMS 0x00000007ffe77000, 0x00000007ffe00000| Untracked 

Card table byte_map: [0x00007f353c33e000,0x00007f353cb3e000] _byte_map_base: 0x00007f3538b3e000

Marking Bits (Prev, Next): (CMBitMap*) 0x00007f3554047ee0, (CMBitMap*) 0x00007f3554047f20
 Prev Bits: [0x00007f3537b3e000, 0x00007f353bb3e000)
 Next Bits: [0x00007f3533b3e000, 0x00007f3537b3e000)

Polling page: 0x00007f355842b000

Metaspace:

Usage:
  Non-class:    107.27 MB used.
      Class:     16.18 MB used.
       Both:    123.45 MB used.

Virtual space:
  Non-class space:      128.00 MB reserved,     107.69 MB ( 84%) committed,  2 nodes.
      Class space:        1.00 GB reserved,      16.50 MB (  2%) committed,  1 nodes.
             Both:        1.12 GB reserved,     124.19 MB ( 11%) committed. 

Chunk freelists:
   Non-Class:  4.17 MB
       Class:  15.44 MB
        Both:  19.61 MB

MaxMetaspaceSize: unlimited
CompressedClassSpaceSize: 1.00 GB
Initial GC threshold: 21.00 MB
Current GC threshold: 160.56 MB
CDS: on
MetaspaceReclaimPolicy: balanced
 - commit_granule_bytes: 65536.
 - commit_granule_words: 8192.
 - virtual_space_node_default_size: 8388608.
 - enlarge_chunks_in_place: 1.
 - new_chunks_are_fully_committed: 0.
 - uncommit_free_chunks: 1.
 - use_allocation_guard: 0.
 - handle_deallocations: 1.


Internal statistics:

num_allocs_failed_limit: 21.
num_arena_births: 1098.
num_arena_deaths: 0.
num_vsnodes_births: 3.
num_vsnodes_deaths: 0.
num_space_committed: 1984.
num_space_uncommitted: 0.
num_chunks_returned_to_freelist: 21.
num_chunks_taken_from_freelist: 5499.
num_chunk_merges: 21.
num_chunk_splits: 4290.
num_chunks_enlarged: 3553.
num_inconsistent_stats: 0.

CodeHeap 'non-profiled nmethods': size=120032Kb used=3531Kb max_used=3531Kb free=116501Kb
 bounds [0x00007f3545029000, 0x00007f35453a9000, 0x00007f354c561000]
CodeHeap 'profiled nmethods': size=120028Kb used=10734Kb max_used=10734Kb free=109293Kb
 bounds [0x00007f353d561000, 0x00007f353dfe1000, 0x00007f3544a98000]
CodeHeap 'non-nmethods': size=5700Kb used=1541Kb max_used=1603Kb free=4159Kb
 bounds [0x00007f3544a98000, 0x00007f3544d08000, 0x00007f3545029000]
 total_blobs=7112 nmethods=6185 adapters=839
 compilation: enabled
              stopped_count=0, restarted_count=0
 full_count=0

Compilation events (20 events):
Event: 299.561 Thread 0x00007f3554117fc0 7023       1       org.apache.iceberg.shaded.org.apache.arrow.memory.ArrowBuf::getReferenceManager (5 bytes)
Event: 299.561 Thread 0x00007f3554117fc0 nmethod 7023 0x00007f3545395f90 code [0x00007f3545396120, 0x00007f35453961f0]
Event: 299.561 Thread 0x00007f3554117fc0 7024       3       org.apache.iceberg.shaded.org.apache.arrow.memory.BaseAllocator::assertOpen (44 bytes)
Event: 299.561 Thread 0x00007f3554117fc0 nmethod 7024 0x00007f353dfdc790 code [0x00007f353dfdc920, 0x00007f353dfdca30]
Event: 299.561 Thread 0x00007f3554117fc0 7025       1       org.apache.iceberg.shaded.org.apache.arrow.memory.BufferLedger::getKey (5 bytes)
Event: 299.561 Thread 0x00007f3554117fc0 nmethod 7025 0x00007f3545396290 code [0x00007f3545396420, 0x00007f35453964f0]
Event: 299.561 Thread 0x00007f3554117fc0 7026       3       org.apache.iceberg.shaded.io.netty.buffer.PoolChunk::runPages (10 bytes)
Event: 299.562 Thread 0x00007f3554117fc0 nmethod 7026 0x00007f353dae6710 code [0x00007f353dae68a0, 0x00007f353dae6990]
Event: 299.562 Thread 0x00007f3554117fc0 7027       3       org.apache.iceberg.shaded.org.apache.arrow.util.Preconditions::checkNotNull (14 bytes)
Event: 299.562 Thread 0x00007f3554117fc0 nmethod 7027 0x00007f353dfdcb10 code [0x00007f353dfdccc0, 0x00007f353dfdcea0]
Event: 299.563 Thread 0x00007f3554117fc0 7028       1       org.apache.iceberg.shaded.org.apache.arrow.memory.AllocationOutcome$Status::isOk (5 bytes)
Event: 299.563 Thread 0x00007f3554117fc0 nmethod 7028 0x00007f3545396590 code [0x00007f3545396720, 0x00007f35453967f0]
Event: 299.565 Thread 0x00007f3554117fc0 7030       1       org.apache.iceberg.shaded.org.apache.arrow.vector.BaseFixedWidthVector::getValueCapacity (5 bytes)
Event: 299.565 Thread 0x00007f3554117fc0 nmethod 7030 0x00007f3545396890 code [0x00007f3545396a20, 0x00007f3545396af0]
Event: 299.565 Thread 0x00007f3554117fc0 7031       3       org.apache.iceberg.shaded.org.apache.arrow.util.Preconditions::checkState (17 bytes)
Event: 299.565 Thread 0x00007f3554117fc0 nmethod 7031 0x00007f353dfdcf90 code [0x00007f353dfdd160, 0x00007f353dfdd4d0]
Event: 299.567 Thread 0x00007f3554117fc0 7032       3       org.apache.iceberg.shaded.org.apache.arrow.memory.ArrowBuf::writerIndex (7 bytes)
Event: 299.567 Thread 0x00007f3554117fc0 nmethod 7032 0x00007f353dfdd610 code [0x00007f353dfdd7a0, 0x00007f353dfdd8b0]
Event: 299.567 Thread 0x00007f3554117fc0 7033       3       org.apache.iceberg.shaded.io.netty.buffer.LongLongHashMap::index (41 bytes)
Event: 299.567 Thread 0x00007f3554117fc0 nmethod 7033 0x00007f353dfdd990 code [0x00007f353dfddb20, 0x00007f353dfddc70]

GC Heap History (20 events):
Event: 1.157 GC heap before
{Heap before GC invocations=2 (full 0):
 garbage-first heap   total 196608K, used 94216K [0x0000000700000000, 0x0000000800000000)
  region size 2048K, 8 young (16384K), 1 survivors (2048K)
 Metaspace       used 5491K, committed 5632K, reserved 1114112K
  class space    used 559K, committed 640K, reserved 1048576K
}
Event: 1.162 GC heap after
{Heap after GC invocations=3 (full 0):
 garbage-first heap   total 196608K, used 81826K [0x0000000700000000, 0x0000000800000000)
  region size 2048K, 1 young (2048K), 1 survivors (2048K)
 Metaspace       used 5491K, committed 5632K, reserved 1114112K
  class space    used 559K, committed 640K, reserved 1048576K
}
Event: 2.066 GC heap before
{Heap before GC invocations=3 (full 0):
 garbage-first heap   total 196608K, used 102306K [0x0000000700000000, 0x0000000800000000)
  region size 2048K, 11 young (22528K), 1 survivors (2048K)
 Metaspace       used 13121K, committed 13312K, reserved 1114112K
  class space    used 1708K, committed 1792K, reserved 1048576K
}
Event: 2.072 GC heap after
{Heap after GC invocations=4 (full 0):
 garbage-first heap   total 196608K, used 83850K [0x0000000700000000, 0x0000000800000000)
  region size 2048K, 2 young (4096K), 2 survivors (4096K)
 Metaspace       used 13121K, committed 13312K, reserved 1114112K
  class space    used 1708K, committed 1792K, reserved 1048576K
}
Event: 3.028 GC heap before
{Heap before GC invocations=4 (full 0):
 garbage-first heap   total 196608K, used 108426K [0x0000000700000000, 0x0000000800000000)
  region size 2048K, 15 young (30720K), 2 survivors (4096K)
 Metaspace       used 21278K, committed 21504K, reserved 1114112K
  class space    used 2948K, committed 3072K, reserved 1048576K
}
Event: 3.034 GC heap after
{Heap after GC invocations=5 (full 0):
 garbage-first heap   total 196608K, used 86020K [0x0000000700000000, 0x0000000800000000)
  region size 2048K, 3 young (6144K), 3 survivors (6144K)
 Metaspace       used 21278K, committed 21504K, reserved 1114112K
  class space    used 2948K, committed 3072K, reserved 1048576K
}
Event: 4.519 GC heap before
{Heap before GC invocations=6 (full 0):
 garbage-first heap   total 196608K, used 149508K [0x0000000700000000, 0x0000000800000000)
  region size 2048K, 35 young (71680K), 3 survivors (6144K)
 Metaspace       used 35782K, committed 36160K, reserved 1114112K
  class space    used 4833K, committed 4992K, reserved 1048576K
}
Event: 4.533 GC heap after
{Heap after GC invocations=7 (full 0):
 garbage-first heap   total 196608K, used 89119K [0x0000000700000000, 0x0000000800000000)
  region size 2048K, 4 young (8192K), 4 survivors (8192K)
 Metaspace       used 35782K, committed 36160K, reserved 1114112K
  class space    used 4833K, committed 4992K, reserved 1048576K
}
Event: 4.543 GC heap before
{Heap before GC invocations=7 (full 0):
 garbage-first heap   total 196608K, used 89119K [0x0000000700000000, 0x0000000800000000)
  region size 2048K, 5 young (10240K), 4 survivors (8192K)
 Metaspace       used 35842K, committed 36160K, reserved 1114112K
  class space    used 4845K, committed 4992K, reserved 1048576K
}
Event: 4.558 GC heap after
{Heap after GC invocations=8 (full 0):
 garbage-first heap   total 196608K, used 89619K [0x0000000700000000, 0x0000000800000000)
  region size 2048K, 1 young (2048K), 1 survivors (2048K)
 Metaspace       used 35842K, committed 36160K, reserved 1114112K
  class space    used 4845K, committed 4992K, reserved 1048576K
}
Event: 4.595 GC heap before
{Heap before GC invocations=8 (full 0):
 garbage-first heap   total 196608K, used 89619K [0x0000000700000000, 0x0000000800000000)
  region size 2048K, 2 young (4096K), 1 survivors (2048K)
 Metaspace       used 36162K, committed 36480K, reserved 1114112K
  class space    used 4884K, committed 5056K, reserved 1048576K
}
Event: 4.600 GC heap after
{Heap after GC invocations=9 (full 0):
 garbage-first heap   total 468992K, used 88647K [0x0000000700000000, 0x0000000800000000)
  region size 2048K, 1 young (2048K), 1 survivors (2048K)
 Metaspace       used 36162K, committed 36480K, reserved 1114112K
  class space    used 4884K, committed 5056K, reserved 1048576K
}
Event: 290.247 GC heap before
{Heap before GC invocations=10 (full 0):
 garbage-first heap   total 335872K, used 219719K [0x0000000700000000, 0x0000000800000000)
  region size 2048K, 66 young (135168K), 1 survivors (2048K)
 Metaspace       used 60713K, committed 61120K, reserved 1114112K
  class space    used 7923K, committed 8128K, reserved 1048576K
}
Event: 290.258 GC heap after
{Heap after GC invocations=11 (full 0):
 garbage-first heap   total 335872K, used 96444K [0x0000000700000000, 0x0000000800000000)
  region size 2048K, 4 young (8192K), 4 survivors (8192K)
 Metaspace       used 60713K, committed 61120K, reserved 1114112K
  class space    used 7923K, committed 8128K, reserved 1048576K
}
Event: 290.301 GC heap before
{Heap before GC invocations=11 (full 0):
 garbage-first heap   total 335872K, used 96444K [0x0000000700000000, 0x0000000800000000)
  region size 2048K, 5 young (10240K), 4 survivors (8192K)
 Metaspace       used 61039K, committed 61440K, reserved 1114112K
  class space    used 7962K, committed 8128K, reserved 1048576K
}
Event: 290.314 GC heap after
{Heap after GC invocations=12 (full 0):
 garbage-first heap   total 335872K, used 97426K [0x0000000700000000, 0x0000000800000000)
  region size 2048K, 1 young (2048K), 1 survivors (2048K)
 Metaspace       used 61039K, committed 61440K, reserved 1114112K
  class space    used 7962K, committed 8128K, reserved 1048576K
}
Event: 290.347 GC heap before
{Heap before GC invocations=12 (full 0):
 garbage-first heap   total 335872K, used 97426K [0x0000000700000000, 0x0000000800000000)
  region size 2048K, 2 young (4096K), 1 survivors (2048K)
 Metaspace       used 61373K, committed 61760K, reserved 1114112K
  class space    used 7998K, committed 8192K, reserved 1048576K
}
Event: 290.351 GC heap after
{Heap after GC invocations=13 (full 0):
 garbage-first heap   total 335872K, used 96539K [0x0000000700000000, 0x0000000800000000)
  region size 2048K, 1 young (2048K), 1 survivors (2048K)
 Metaspace       used 61373K, committed 61760K, reserved 1114112K
  class space    used 7998K, committed 8192K, reserved 1048576K
}
Event: 295.878 GC heap before
{Heap before GC invocations=14 (full 0):
 garbage-first heap   total 335872K, used 268571K [0x0000000700000000, 0x0000000800000000)
  region size 2048K, 85 young (174080K), 1 survivors (2048K)
 Metaspace       used 97808K, committed 98304K, reserved 1179648K
  class space    used 12816K, committed 13056K, reserved 1048576K
}
Event: 295.892 GC heap after
{Heap after GC invocations=15 (full 0):
 garbage-first heap   total 335872K, used 107526K [0x0000000700000000, 0x0000000800000000)
  region size 2048K, 6 young (12288K), 6 survivors (12288K)
 Metaspace       used 97808K, committed 98304K, reserved 1179648K
  class space    used 12816K, committed 13056K, reserved 1048576K
}

Dll operation events (14 events):
Event: 0.004 Loaded shared library /usr/lib/jvm/java-17-openjdk-amd64/lib/libjava.so
Event: 0.021 Loaded shared library /usr/lib/jvm/java-17-openjdk-amd64/lib/libjsvml.so
Event: 0.057 Loaded shared library /usr/lib/jvm/java-17-openjdk-amd64/lib/libnio.so
Event: 0.061 Loaded shared library /usr/lib/jvm/java-17-openjdk-amd64/lib/libzip.so
Event: 0.688 Loaded shared library /usr/lib/jvm/java-17-openjdk-amd64/lib/libjimage.so
Event: 1.238 Loaded shared library /usr/lib/jvm/java-17-openjdk-amd64/lib/libmanagement.so
Event: 1.240 Loaded shared library /usr/lib/jvm/java-17-openjdk-amd64/lib/libmanagement_ext.so
Event: 1.435 Loaded shared library /usr/lib/jvm/java-17-openjdk-amd64/lib/libnet.so
Event: 2.618 Loaded shared library /usr/lib/jvm/java-17-openjdk-amd64/lib/libverify.so
Event: 2.830 Loaded shared library /usr/lib/jvm/java-17-openjdk-amd64/lib/libextnet.so
Event: 3.276 Loaded shared library /usr/lib/jvm/java-17-openjdk-amd64/lib/libjaas.so
Event: 295.823 Loaded shared library /tmp/snappy-1.1.10-484bef8d-d336-47fc-b40b-2c0d88e82ba4-libsnappyjava.so
Event: 296.304 Loaded shared library /tmp/liblz4-java-9116943842220074985.so
Event: 299.064 Loaded shared library /tmp/libzstd-jni-1.5.5-43535241770237651621.so

Deoptimization events (20 events):
Event: 298.429 Thread 0x00007f347c03d600 Uncommon trap: trap_request=0xffffffde fr.pc=0x00007f3545335464 relative=0x0000000000001d24
Event: 298.429 Thread 0x00007f347c03d600 Uncommon trap: reason=class_check action=maybe_recompile pc=0x00007f3545335464 method=java.util.AbstractSet.hashCode()I @ 29 c2
Event: 298.429 Thread 0x00007f347c03d600 DEOPT PACKING pc=0x00007f3545335464 sp=0x00007f346f87fb70
Event: 298.429 Thread 0x00007f347c03d600 DEOPT UNPACKING pc=0x00007f3544aee699 sp=0x00007f346f87fad8 mode 2
Event: 298.429 Thread 0x00007f347c03d600 Uncommon trap: trap_request=0xffffffde fr.pc=0x00007f3545335464 relative=0x0000000000001d24
Event: 298.429 Thread 0x00007f347c03d600 Uncommon trap: reason=class_check action=maybe_recompile pc=0x00007f3545335464 method=java.util.AbstractSet.hashCode()I @ 29 c2
Event: 298.429 Thread 0x00007f347c03d600 DEOPT PACKING pc=0x00007f3545335464 sp=0x00007f346f87fb70
Event: 298.429 Thread 0x00007f347c03d600 DEOPT UNPACKING pc=0x00007f3544aee699 sp=0x00007f346f87fad8 mode 2
Event: 298.429 Thread 0x00007f347c03d600 Uncommon trap: trap_request=0xffffffde fr.pc=0x00007f3545335464 relative=0x0000000000001d24
Event: 298.429 Thread 0x00007f347c03d600 Uncommon trap: reason=class_check action=maybe_recompile pc=0x00007f3545335464 method=java.util.AbstractSet.hashCode()I @ 29 c2
Event: 298.429 Thread 0x00007f347c03d600 DEOPT PACKING pc=0x00007f3545335464 sp=0x00007f346f87fb70
Event: 298.429 Thread 0x00007f347c03d600 DEOPT UNPACKING pc=0x00007f3544aee699 sp=0x00007f346f87fad8 mode 2
Event: 298.429 Thread 0x00007f347c03d600 Uncommon trap: trap_request=0xffffffde fr.pc=0x00007f3545337888 relative=0x00000000000013a8
Event: 298.429 Thread 0x00007f347c03d600 Uncommon trap: reason=class_check action=maybe_recompile pc=0x00007f3545337888 method=java.util.AbstractSet.hashCode()I @ 29 c2
Event: 298.429 Thread 0x00007f347c03d600 DEOPT PACKING pc=0x00007f3545337888 sp=0x00007f346f87fb10
Event: 298.429 Thread 0x00007f347c03d600 DEOPT UNPACKING pc=0x00007f3544aee699 sp=0x00007f346f87fad0 mode 2
Event: 299.430 Thread 0x00007f347c03d600 DEOPT PACKING pc=0x00007f353da07959 sp=0x00007f346f880140
Event: 299.430 Thread 0x00007f347c03d600 DEOPT UNPACKING pc=0x00007f3544aeee2f sp=0x00007f346f87f5f8 mode 0
Event: 299.534 Thread 0x00007f347c03d600 DEOPT PACKING pc=0x00007f353dd27516 sp=0x00007f346f880790
Event: 299.534 Thread 0x00007f347c03d600 DEOPT UNPACKING pc=0x00007f3544aeee2f sp=0x00007f346f87fc18 mode 0

Classes loaded (20 events):
Event: 297.902 Loading class java/lang/invoke/MethodHandleImpl$Makers$1
Event: 297.902 Loading class java/lang/invoke/MethodHandleImpl$Makers$1 done
Event: 297.903 Loading class java/lang/invoke/MethodHandleImpl$Makers$2
Event: 297.903 Loading class java/lang/invoke/MethodHandleImpl$Makers$2 done
Event: 297.903 Loading class java/lang/invoke/MethodHandleImpl$Makers$3
Event: 297.903 Loading class java/lang/invoke/MethodHandleImpl$Makers$3 done
Event: 297.912 Loading class java/lang/invoke/DirectMethodHandle$EnsureInitialized
Event: 297.912 Loading class java/lang/invoke/DirectMethodHandle$EnsureInitialized done
Event: 297.912 Loading class java/lang/invoke/DirectMethodHandle$1
Event: 297.912 Loading class java/lang/invoke/DirectMethodHandle$1 done
Event: 297.953 Loading class sun/invoke/util/ValueConversions$1
Event: 297.953 Loading class sun/invoke/util/ValueConversions$1 done
Event: 297.954 Loading class java/lang/invoke/BoundMethodHandle$Species_LI
Event: 297.954 Loading class java/lang/invoke/BoundMethodHandle$Species_LI done
Event: 298.105 Loading class java/util/function/BooleanSupplier
Event: 298.105 Loading class java/util/function/BooleanSupplier done
Event: 298.881 Loading class java/util/ArrayDeque$DescendingIterator
Event: 298.881 Loading class java/util/ArrayDeque$DescendingIterator done
Event: 298.899 Loading class java/util/stream/ForEachOps$ForEachOp$OfInt
Event: 298.899 Loading class java/util/stream/ForEachOps$ForEachOp$OfInt done

Classes unloaded (0 events):
No events

Classes redefined (0 events):
No events

Internal exceptions (20 events):
Event: 297.923 Thread 0x00007f347c03d600 Exception <a 'java/lang/NoSuchMethodError'{0x000000070f5a1ef0}: 'java.lang.Object java.lang.invoke.DirectMethodHandle$Holder.invokeStatic(java.lang.Object, java.lang.Object, java.lang.Object, java.lang.Object, java.lang.Object, int, java.lang.Object)'> (0x000000070f5a1ef0) 
thrown [./src/hotspot/share/interpreter/linkResolver.cpp, line 758]
Event: 297.923 Thread 0x00007f347c03d600 Exception <a 'java/lang/NoSuchMethodError'{0x000000070f5aaa90}: 'java.lang.Object java.lang.invoke.DirectMethodHandle$Holder.invokeStatic(java.lang.Object, java.lang.Object, double, long)'> (0x000000070f5aaa90) 
thrown [./src/hotspot/share/interpreter/linkResolver.cpp, line 758]
Event: 297.929 Thread 0x00007f347c03d600 Exception <a 'java/lang/NoSuchMethodError'{0x000000070f5cafd0}: 'java.lang.Object java.lang.invoke.DirectMethodHandle$Holder.invokeStatic(java.lang.Object, int, int)'> (0x000000070f5cafd0) 
thrown [./src/hotspot/share/interpreter/linkResolver.cpp, line 758]
Event: 297.930 Thread 0x00007f347c03d600 Exception <a 'java/lang/NoSuchMethodError'{0x000000070f5cfc68}: 'java.lang.Object java.lang.invoke.DirectMethodHandle$Holder.invokeStatic(java.lang.Object, long, java.lang.Object, java.lang.Object)'> (0x000000070f5cfc68) 
thrown [./src/hotspot/share/interpreter/linkResolver.cpp, line 758]
Event: 297.931 Thread 0x00007f347c03d600 Exception <a 'java/lang/NoSuchMethodError'{0x000000070f5d97c0}: 'java.lang.Object java.lang.invoke.Invokers$Holder.invoker(java.lang.Object, java.lang.Object, java.lang.Object, java.lang.Object, java.lang.Object, java.lang.Object)'> (0x000000070f5d97c0) 
thrown [./src/hotspot/share/interpreter/linkResolver.cpp, line 758]
Event: 297.940 Thread 0x00007f347c03d600 Exception <a 'java/lang/NoSuchMethodError'{0x000000070f24f2c8}: 'java.lang.Object java.lang.invoke.DirectMethodHandle$Holder.invokeSpecial(java.lang.Object, java.lang.Object, java.lang.Object, java.lang.Object, java.lang.Object, java.lang.Object, java.lang.Object, java.lang.Object, java.lang.Object, java.lang.Object, java.lang.Object, java.lang.Object, java.lang.Object, java.lang.Object)'> (0x000000070f24f2c8) 
thrown [./src/hotspot/share/interpreter/linkResolver.cpp, line 758]
Event: 297.940 Thread 0x00007f347c03d600 Exception <a 'java/lang/NoSuchMethodError'{0x000000070f2541f8}: 'java.lang.Object java.lang.invoke.Invokers$Holder.invoker(java.lang.Object, java.lang.Object, java.lang.Object, java.lang.Object, java.lang.Object, java.lang.Object, java.lang.Object, java.lang.Object, java.lang.Object, java.lang.Object, java.lang.Object, java.lang.Object, java.lang.Object, java.lang.Object)'> (0x000000070f2541f8) 
thrown [./src/hotspot/share/interpreter/linkResolver.cpp, line 758]
Event: 297.940 Thread 0x00007f347c03d600 Exception <a 'java/lang/NoSuchMethodError'{0x000000070f2598e8}: 'java.lang.Object java.lang.invoke.DirectMethodHandle$Holder.invokeSpecial(java.lang.Object, java.lang.Object, java.lang.Object, java.lang.Object, java.lang.Object, java.lang.Object, java.lang.Object, java.lang.Object, java.lang.Object, java.lang.Object, java.lang.Object, java.lang.Object, java.lang.Object, java.lang.Object, java.lang.Object)'> (0x000000070f2598e8) 
thrown [./src/hotspot/share/interpreter/linkResolver.cpp, line 758]
Event: 297.946 Thread 0x00007f347c03d600 Exception <a 'java/lang/NoSuchMethodError'{0x000000070f27d570}: 'java.lang.Object java.lang.invoke.DirectMethodHandle$Holder.invokeSpecial(java.lang.Object, java.lang.Object, java.lang.Object, java.lang.Object, java.lang.Object, java.lang.Object, java.lang.Object, java.lang.Object, java.lang.Object, java.lang.Object, java.lang.Object, java.lang.Object, java.lang.Object, java.lang.Object, java.lang.Object, java.lang.Object, java.lang.Object, java.lang.Object, java.lang.Object, java.lang.Object, java.lang.Ob
Event: 297.949 Thread 0x00007f347c03d600 Exception <a 'java/lang/NoSuchMethodError'{0x000000070f2ad3d8}: 'java.lang.Object java.lang.invoke.DirectMethodHandle$Holder.invokeSpecial(java.lang.Object, java.lang.Object, java.lang.Object, java.lang.Object, java.lang.Object, java.lang.Object, java.lang.Object, java.lang.Object, java.lang.Object, java.lang.Object, java.lang.Object, java.lang.Object, java.lang.Object, java.lang.Object, java.lang.Object, java.lang.Object, java.lang.Object, java.lang.Object, java.lang.Object, java.lang.Object, java.lang.Ob
Event: 297.949 Thread 0x00007f347c03d600 Exception <a 'java/lang/NoSuchMethodError'{0x000000070f2b4410}: 'java.lang.Object java.lang.invoke.Invokers$Holder.invoker(java.lang.Object, java.lang.Object, java.lang.Object, java.lang.Object, java.lang.Object, java.lang.Object, java.lang.Object, java.lang.Object, java.lang.Object, java.lang.Object, java.lang.Object, java.lang.Object, java.lang.Object, java.lang.Object, java.lang.Object, java.lang.Object, java.lang.Object, java.lang.Object, java.lang.Object, java.lang.Object, java.lang.Object, java.lang.
Event: 297.950 Thread 0x00007f347c03d600 Exception <a 'java/lang/NoSuchMethodError'{0x000000070f2bbc60}: 'java.lang.Object java.lang.invoke.DirectMethodHandle$Holder.invokeSpecial(java.lang.Object, java.lang.Object, java.lang.Object, java.lang.Object, java.lang.Object, java.lang.Object, java.lang.Object, java.lang.Object, java.lang.Object, java.lang.Object, java.lang.Object, java.lang.Object, java.lang.Object, java.lang.Object, java.lang.Object, java.lang.Object, java.lang.Object, java.lang.Object, java.lang.Object, java.lang.Object, java.lang.Ob
Event: 297.950 Thread 0x00007f347c03d600 Exception <a 'java/lang/NoSuchMethodError'{0x000000070f2c2df8}: 'java.lang.Object java.lang.invoke.DelegatingMethodHandle$Holder.delegate(java.lang.Object, java.lang.Object, java.lang.Object, java.lang.Object, java.lang.Object, java.lang.Object, java.lang.Object, java.lang.Object, java.lang.Object, java.lang.Object, java.lang.Object, java.lang.Object, java.lang.Object, java.lang.Object, java.lang.Object, java.lang.Object, java.lang.Object, java.lang.Object, java.lang.Object, java.lang.Object, java.lang.Obj
Event: 297.952 Thread 0x00007f347c03d600 Exception <a 'java/lang/NoSuchMethodError'{0x000000070f2da6f8}: 'java.lang.Object java.lang.invoke.Invokers$Holder.invoker(java.lang.Object, java.lang.Object, java.lang.Object, java.lang.Object)'> (0x000000070f2da6f8) 
thrown [./src/hotspot/share/interpreter/linkResolver.cpp, line 758]
Event: 297.953 Thread 0x00007f347c03d600 Implicit null exception at 0x00007f35451fd660 to 0x00007f35451fd77c
Event: 297.953 Thread 0x00007f347c03d600 Exception <a 'java/lang/NoSuchMethodError'{0x000000070f2e4280}: 'int java.lang.invoke.DirectMethodHandle$Holder.invokeSpecial(java.lang.Object, java.lang.Object, java.lang.Object, int)'> (0x000000070f2e4280) 
thrown [./src/hotspot/share/interpreter/linkResolver.cpp, line 758]
Event: 297.962 Thread 0x00007f347c03d600 Exception <a 'java/lang/NoSuchMethodError'{0x000000070f3136c0}: 'java.lang.Object java.lang.invoke.DirectMethodHandle$Holder.invokeStatic(java.lang.Object, java.lang.Object, java.lang.Object, java.lang.Object, java.lang.Object, int)'> (0x000000070f3136c0) 
thrown [./src/hotspot/share/interpreter/linkResolver.cpp, line 758]
Event: 297.962 Thread 0x00007f347c03d600 Exception <a 'java/lang/NoSuchMethodError'{0x000000070f317830}: 'java.lang.Object java.lang.invoke.DirectMethodHandle$Holder.invokeStatic(java.lang.Object, java.lang.Object, java.lang.Object, java.lang.Object, java.lang.Object, java.lang.Object, java.lang.Object, int)'> (0x000000070f317830) 
thrown [./src/hotspot/share/interpreter/linkResolver.cpp, line 758]
Event: 298.914 Thread 0x00007f347c03d600 Exception <a 'java/lang/ClassCastException'{0x000000070cc7c748}: class org.apache.commons.logging.impl.SLF4JLogFactory cannot be cast to class software.amazon.awssdk.thirdparty.org.apache.commons.logging.LogFactory (org.apache.commons.logging.impl.SLF4JLogFactory and software.amazon.awssdk.thirdparty.org.apache.commons.logging.LogFactory are in unnamed module of loader 'app')> (0x000000070cc7c748) 
thrown [./src/hotspot/share/interpreter/interpreterRuntime.cpp, line 444]
Event: 298.914 Thread 0x00007f347c03d600 Exception <a 'java/lang/ClassCastException'{0x000000070cc7d440}: class org.apache.commons.logging.impl.SLF4JLogFactory cannot be cast to class software.amazon.awssdk.thirdparty.org.apache.commons.logging.LogFactory (org.apache.commons.logging.impl.SLF4JLogFactory and software.amazon.awssdk.thirdparty.org.apache.commons.logging.LogFactory are in unnamed module of loader 'app')> (0x000000070cc7d440) 
thrown [./src/hotspot/share/interpreter/interpreterRuntime.cpp, line 444]

VM Operations (20 events):
Event: 295.938 Executing VM operation: G1PauseRemark
Event: 295.942 Executing VM operation: G1PauseRemark done
Event: 295.959 Executing VM operation: G1PauseCleanup
Event: 295.959 Executing VM operation: G1PauseCleanup done
Event: 295.964 Executing VM operation: HandshakeAllThreads
Event: 295.964 Executing VM operation: HandshakeAllThreads done
Event: 296.964 Executing VM operation: Cleanup
Event: 296.964 Executing VM operation: Cleanup done
Event: 297.474 Executing VM operation: HandshakeAllThreads
Event: 297.474 Executing VM operation: HandshakeAllThreads done
Event: 297.706 Executing VM operation: ICBufferFull
Event: 297.706 Executing VM operation: ICBufferFull done
Event: 297.709 Executing VM operation: HandshakeAllThreads
Event: 297.709 Executing VM operation: HandshakeAllThreads done
Event: 297.814 Executing VM operation: HandshakeAllThreads
Event: 297.814 Executing VM operation: HandshakeAllThreads done
Event: 298.814 Executing VM operation: Cleanup
Event: 298.814 Executing VM operation: Cleanup done
Event: 299.066 Executing VM operation: HandshakeAllThreads
Event: 299.066 Executing VM operation: HandshakeAllThreads done

Memory protections (20 events):
Event: 5.114 Protecting memory [0x00007f34d44d6000,0x00007f34d44da000] with protection modes 0
Event: 5.114 Protecting memory [0x00007f34d43d5000,0x00007f34d43d9000] with protection modes 0
Event: 5.134 Protecting memory [0x00007f34d42d4000,0x00007f34d42d8000] with protection modes 0
Event: 5.197 Protecting memory [0x00007f34d41d3000,0x00007f34d41d7000] with protection modes 0
Event: 16.563 Protecting memory [0x00007f353008d000,0x00007f3530091000] with protection modes 0
Event: 16.570 Protecting memory [0x00007f34d40d2000,0x00007f34d40d6000] with protection modes 0
Event: 199.953 Protecting memory [0x00007f34d5cee000,0x00007f34d5cf2000] with protection modes 0
Event: 200.379 Protecting memory [0x00007f34d40d2000,0x00007f34d40d6000] with protection modes 0
Event: 201.162 Protecting memory [0x00007f353008d000,0x00007f3530091000] with protection modes 0
Event: 286.250 Protecting memory [0x00007f353008d000,0x00007f3530091000] with protection modes 0
Event: 290.038 Protecting memory [0x00007f34d40d2000,0x00007f34d40d6000] with protection modes 0
Event: 290.650 Protecting memory [0x00007f346ff00000,0x00007f346ff04000] with protection modes 0
Event: 291.064 Protecting memory [0x00007f34d40d2000,0x00007f34d40d6000] with protection modes 0
Event: 293.496 Protecting memory [0x00007f34d40d2000,0x00007f34d40d6000] with protection modes 0
Event: 294.624 Protecting memory [0x00007f34d40d2000,0x00007f34d40d6000] with protection modes 0
Event: 295.028 Protecting memory [0x00007f346fdff000,0x00007f346fe03000] with protection modes 0
Event: 296.903 Protecting memory [0x00007f34d40d2000,0x00007f34d40d6000] with protection modes 0
Event: 297.690 Protecting memory [0x00007f34d40d2000,0x00007f34d40d6000] with protection modes 0
Event: 297.815 Protecting memory [0x00007f346f783000,0x00007f346f787000] with protection modes 0
Event: 299.268 Protecting memory [0x00007f34d40d2000,0x00007f34d40d6000] with protection modes 0

Nmethod flushes (20 events):
Event: 295.343 Thread 0x00007f3554121430 flushing  nmethod 0x00007f353de16110
Event: 295.343 Thread 0x00007f3554121430 flushing  nmethod 0x00007f353de19790
Event: 295.343 Thread 0x00007f3554121430 flushing  nmethod 0x00007f353de1f090
Event: 295.343 Thread 0x00007f3554121430 flushing  nmethod 0x00007f353de1f890
Event: 295.343 Thread 0x00007f3554121430 flushing  nmethod 0x00007f353de23d90
Event: 295.343 Thread 0x00007f3554121430 flushing  nmethod 0x00007f353de28590
Event: 295.343 Thread 0x00007f3554121430 flushing  nmethod 0x00007f353de28f90
Event: 295.343 Thread 0x00007f3554121430 flushing  nmethod 0x00007f353de29a10
Event: 295.343 Thread 0x00007f3554121430 flushing  nmethod 0x00007f353de2ee10
Event: 295.343 Thread 0x00007f3554121430 flushing  nmethod 0x00007f353de2f690
Event: 295.343 Thread 0x00007f3554121430 flushing  nmethod 0x00007f353de30810
Event: 295.343 Thread 0x00007f3554121430 flushing  nmethod 0x00007f353de30c90
Event: 295.343 Thread 0x00007f3554121430 flushing  nmethod 0x00007f353de32190
Event: 295.343 Thread 0x00007f3554121430 flushing  nmethod 0x00007f353de33510
Event: 295.343 Thread 0x00007f3554121430 flushing  nmethod 0x00007f353de35790
Event: 295.343 Thread 0x00007f3554121430 flushing  nmethod 0x00007f353de38610
Event: 295.343 Thread 0x00007f3554121430 flushing  nmethod 0x00007f353de39b90
Event: 295.343 Thread 0x00007f3554121430 flushing  nmethod 0x00007f353de3c210
Event: 295.343 Thread 0x00007f3554121430 flushing  nmethod 0x00007f353de3d310
Event: 295.343 Thread 0x00007f3554121430 flushing  nmethod 0x00007f353de40410

Events (20 events):
Event: 201.162 Thread 0x00007f355502fe60 Thread added: 0x00007f348800b540
Event: 202.310 Thread 0x00007f34b057d480 Thread exited: 0x00007f34b057d480
Event: 266.081 Thread 0x00007f348800b540 Thread exited: 0x00007f348800b540
Event: 286.250 Thread 0x00007f355502fe60 Thread added: 0x00007f348800b540
Event: 290.037 Thread 0x00007f3554117fc0 Thread added: 0x00007f34b0001310
Event: 290.650 Thread 0x00007f3488009580 Thread added: 0x00007f348d766560
Event: 290.890 Thread 0x00007f34b0001310 Thread exited: 0x00007f34b0001310
Event: 291.064 Thread 0x00007f3554117fc0 Thread added: 0x00007f34b049e300
Event: 291.539 Thread 0x00007f34b049e300 Thread exited: 0x00007f34b049e300
Event: 293.496 Thread 0x00007f3554117fc0 Thread added: 0x00007f34b00965f0
Event: 294.549 Thread 0x00007f34b00965f0 Thread exited: 0x00007f34b00965f0
Event: 294.624 Thread 0x00007f3554117fc0 Thread added: 0x00007f34b00cb2d0
Event: 295.028 Thread 0x00007f3488009580 Thread added: 0x00007f348d99a9a0
Event: 296.218 Thread 0x00007f34b00cb2d0 Thread exited: 0x00007f34b00cb2d0
Event: 296.903 Thread 0x00007f3554117fc0 Thread added: 0x00007f34b00d6020
Event: 297.278 Thread 0x00007f34b00d6020 Thread exited: 0x00007f34b00d6020
Event: 297.690 Thread 0x00007f3554117fc0 Thread added: 0x00007f34b059a9d0
Event: 297.815 Thread 0x00007f348c4ea8f0 Thread added: 0x00007f347c03d600
Event: 298.599 Thread 0x00007f34b059a9d0 Thread exited: 0x00007f34b059a9d0
Event: 299.268 Thread 0x00007f3554117fc0 Thread added: 0x00007f34b0b2c920


Dynamic libraries:
700000000-713e00000 rw-p 00000000 00:00 0 
713e00000-71c000000 ---p 00000000 00:00 0 
71c000000-71c600000 rw-p 00000000 00:00 0 
71c600000-7ffc00000 ---p 00000000 00:00 0 
7ffc00000-7ffd00000 rw-p 00000000 00:00 0 
7ffd00000-7ffd75000 rw-p 00c78000 08:30 646246                           /usr/lib/jvm/java-17-openjdk-amd64/lib/server/classes.jsa
7ffd75000-7ffe00000 rw-p 00000000 00:00 0 
7ffe00000-7ffe77000 rw-p 00c01000 08:30 646246                           /usr/lib/jvm/java-17-openjdk-amd64/lib/server/classes.jsa
7ffe77000-800000000 rw-p 00000000 00:00 0 
555dc5bf0000-555dc5bf1000 r--p 00000000 08:30 646092                     /usr/lib/jvm/java-17-openjdk-amd64/bin/java
555dc5bf1000-555dc5bf2000 r-xp 00001000 08:30 646092                     /usr/lib/jvm/java-17-openjdk-amd64/bin/java
555dc5bf2000-555dc5bf3000 r--p 00002000 08:30 646092                     /usr/lib/jvm/java-17-openjdk-amd64/bin/java
555dc5bf3000-555dc5bf4000 r--p 00002000 08:30 646092                     /usr/lib/jvm/java-17-openjdk-amd64/bin/java
555dc5bf4000-555dc5bf5000 rw-p 00003000 08:30 646092                     /usr/lib/jvm/java-17-openjdk-amd64/bin/java
555dfe733000-555dfe7e3000 rw-p 00000000 00:00 0                          [heap]
7f346ad6c000-7f346b380000 rw-p 00000000 00:00 0 
7f346b380000-7f346b400000 rw-p 00000000 00:00 0 
7f346b400000-7f346c300000 rw-p 00000000 00:00 0 
7f346c300000-7f346c400000 rw-p 00000000 00:00 0 
7f346c400000-7f346d7c0000 rw-p 00000000 00:00 0 
7f346d7c0000-7f346d7d0000 rw-p 00000000 00:00 0 
7f346d7d0000-7f346d800000 ---p 00000000 00:00 0 
7f346d800000-7f346dbe0000 rw-p 00000000 00:00 0 
7f346dbe0000-7f346f000000 ---p 00000000 00:00 0 
7f346f097000-7f346f498000 rw-p 00000000 00:00 0 
7f346f498000-7f346f582000 r-xp 00000000 08:30 506261                     /tmp/libzstd-jni-1.5.5-43535241770237651621.so (deleted)
7f346f582000-7f346f781000 ---p 000ea000 08:30 506261                     /tmp/libzstd-jni-1.5.5-43535241770237651621.so (deleted)
7f346f781000-7f346f782000 rw-p 000e9000 08:30 506261                     /tmp/libzstd-jni-1.5.5-43535241770237651621.so (deleted)
7f346f782000-7f346f783000 ---p 00000000 00:00 0 
7f346f783000-7f346f787000 ---p 00000000 00:00 0 
7f346f787000-7f346f883000 rw-p 00000000 00:00 0 
7f346f883000-7f346f8a7000 r-xp 00000000 08:30 403715                     /tmp/liblz4-java-9116943842220074985.so
7f346f8a7000-7f346faa6000 ---p 00024000 08:30 403715                     /tmp/liblz4-java-9116943842220074985.so
7f346faa6000-7f346faa7000 rw-p 00023000 08:30 403715                     /tmp/liblz4-java-9116943842220074985.so
7f346faa7000-7f346faa8000 ---p 00000000 00:00 0 
7f346faa8000-7f346fba8000 rw-p 00000000 00:00 0 
7f346fba8000-7f346fbea000 r-xp 00000000 08:30 361262                     /tmp/snappy-1.1.10-484bef8d-d336-47fc-b40b-2c0d88e82ba4-libsnappyjava.so
7f346fbea000-7f346fde9000 ---p 00042000 08:30 361262                     /tmp/snappy-1.1.10-484bef8d-d336-47fc-b40b-2c0d88e82ba4-libsnappyjava.so
7f346fde9000-7f346fdec000 rw-p 00041000 08:30 361262                     /tmp/snappy-1.1.10-484bef8d-d336-47fc-b40b-2c0d88e82ba4-libsnappyjava.so
7f346fdec000-7f346fdfe000 rw-p 00000000 00:00 0 
7f346fdfe000-7f346fdff000 ---p 00000000 00:00 0 
7f346fdff000-7f346fe03000 ---p 00000000 00:00 0 
7f346fe03000-7f346feff000 rw-p 00000000 00:00 0 
7f346feff000-7f346ff00000 ---p 00000000 00:00 0 
7f346ff00000-7f346ff04000 ---p 00000000 00:00 0 
7f346ff04000-7f3470000000 rw-p 00000000 00:00 0 
7f3470000000-7f3470021000 rw-p 00000000 00:00 0 
7f3470021000-7f3474000000 ---p 00000000 00:00 0 
7f3474000000-7f3474021000 rw-p 00000000 00:00 0 
7f3474021000-7f3478000000 ---p 00000000 00:00 0 
7f3478000000-7f3478021000 rw-p 00000000 00:00 0 
7f3478021000-7f347c000000 ---p 00000000 00:00 0 
7f347c000000-7f347c041000 rw-p 00000000 00:00 0 
7f347c041000-7f3480000000 ---p 00000000 00:00 0 
7f3480000000-7f3481046000 rw-p 00000000 00:00 0 
7f3481046000-7f3484000000 ---p 00000000 00:00 0 
7f3484000000-7f3484021000 rw-p 00000000 00:00 0 
7f3484021000-7f3488000000 ---p 00000000 00:00 0 
7f3488000000-7f3488021000 rw-p 00000000 00:00 0 
7f3488021000-7f348c000000 ---p 00000000 00:00 0 
7f348c000000-7f348dfd1000 rw-p 00000000 00:00 0 
7f348dfd1000-7f3490000000 ---p 00000000 00:00 0 
7f3490000000-7f349003d000 rw-p 00000000 00:00 0 
7f349003d000-7f3494000000 ---p 00000000 00:00 0 
7f3494000000-7f3495ab1000 rw-p 00000000 00:00 0 
7f3495ab1000-7f3498000000 ---p 00000000 00:00 0 
7f3498000000-7f3498475000 rw-p 00000000 00:00 0 
7f3498475000-7f349c000000 ---p 00000000 00:00 0 
7f349c000000-7f349c34d000 rw-p 00000000 00:00 0 
7f349c34d000-7f34a0000000 ---p 00000000 00:00 0 
7f34a0000000-7f34a0021000 rw-p 00000000 00:00 0 
7f34a0021000-7f34a4000000 ---p 00000000 00:00 0 
7f34a4000000-7f34a4d74000 rw-p 00000000 00:00 0 
7f34a4d74000-7f34a8000000 ---p 00000000 00:00 0 
7f34a8000000-7f34a8443000 rw-p 00000000 00:00 0 
7f34a8443000-7f34ac000000 ---p 00000000 00:00 0 
7f34ac000000-7f34ac021000 rw-p 00000000 00:00 0 
7f34ac021000-7f34b0000000 ---p 00000000 00:00 0 
7f34b0000000-7f34b0d38000 rw-p 00000000 00:00 0 
7f34b0d38000-7f34b4000000 ---p 00000000 00:00 0 
7f34b4000000-7f34b4c4b000 rw-p 00000000 00:00 0 
7f34b4c4b000-7f34b8000000 ---p 00000000 00:00 0 
7f34b8000000-7f34b8021000 rw-p 00000000 00:00 0 
7f34b8021000-7f34bc000000 ---p 00000000 00:00 0 
7f34bc000000-7f34bd7c0000 rw-p 00000000 00:00 0 
7f34bd7c0000-7f34c0000000 ---p 00000000 00:00 0 
7f34c0000000-7f34c0021000 rw-p 00000000 00:00 0 
7f34c0021000-7f34c4000000 ---p 00000000 00:00 0 
7f34c4000000-7f34c4026000 rw-p 00000000 00:00 0 
7f34c4026000-7f34c8000000 ---p 00000000 00:00 0 
7f34c8000000-7f34c8021000 rw-p 00000000 00:00 0 
7f34c8021000-7f34cc000000 ---p 00000000 00:00 0 
7f34cc000000-7f34cc021000 rw-p 00000000 00:00 0 
7f34cc021000-7f34d0000000 ---p 00000000 00:00 0 
7f34d0000000-7f34d0130000 rw-p 00000000 00:00 0 
7f34d0130000-7f34d4000000 ---p 00000000 00:00 0 
7f34d40d1000-7f34d40d2000 ---p 00000000 00:00 0 
7f34d40d2000-7f34d40d6000 ---p 00000000 00:00 0 
7f34d40d6000-7f34d41d2000 rw-p 00000000 00:00 0 
7f34d41d2000-7f34d41d3000 ---p 00000000 00:00 0 
7f34d41d3000-7f34d41d7000 ---p 00000000 00:00 0 
7f34d41d7000-7f34d42d3000 rw-p 00000000 00:00 0 
7f34d42d3000-7f34d42d4000 ---p 00000000 00:00 0 
7f34d42d4000-7f34d42d8000 ---p 00000000 00:00 0 
7f34d42d8000-7f34d43d4000 rw-p 00000000 00:00 0 
7f34d43d4000-7f34d43d5000 ---p 00000000 00:00 0 
7f34d43d5000-7f34d43d9000 ---p 00000000 00:00 0 
7f34d43d9000-7f34d44d5000 rw-p 00000000 00:00 0 
7f34d44d5000-7f34d44d6000 ---p 00000000 00:00 0 
7f34d44d6000-7f34d44da000 ---p 00000000 00:00 0 
7f34d44da000-7f34d45d6000 rw-p 00000000 00:00 0 
7f34d45d6000-7f34d45d7000 ---p 00000000 00:00 0 
7f34d45d7000-7f34d45db000 ---p 00000000 00:00 0 
7f34d45db000-7f34d46d7000 rw-p 00000000 00:00 0 
7f34d46d7000-7f34d46d8000 ---p 00000000 00:00 0 
7f34d46d8000-7f34d46dc000 ---p 00000000 00:00 0 
7f34d46dc000-7f34d47d8000 rw-p 00000000 00:00 0 
7f34d47d8000-7f34d47d9000 ---p 00000000 00:00 0 
7f34d47d9000-7f34d47dd000 ---p 00000000 00:00 0 
7f34d47dd000-7f34d48d9000 rw-p 00000000 00:00 0 
7f34d48d9000-7f34d48da000 ---p 00000000 00:00 0 
7f34d48da000-7f34d48de000 ---p 00000000 00:00 0 
7f34d48de000-7f34d49da000 rw-p 00000000 00:00 0 
7f34d49da000-7f34d49db000 ---p 00000000 00:00 0 
7f34d49db000-7f34d49df000 ---p 00000000 00:00 0 
7f34d49df000-7f34d4adb000 rw-p 00000000 00:00 0 
7f34d4adb000-7f34d4adc000 ---p 00000000 00:00 0 
7f34d4adc000-7f34d4ae0000 ---p 00000000 00:00 0 
7f34d4ae0000-7f34d4bdc000 rw-p 00000000 00:00 0 
7f34d4bdc000-7f34d4bdd000 ---p 00000000 00:00 0 
7f34d4bdd000-7f34d4be1000 ---p 00000000 00:00 0 
7f34d4be1000-7f34d4cdd000 rw-p 00000000 00:00 0 
7f34d4cdd000-7f34d4cde000 ---p 00000000 00:00 0 
7f34d4cde000-7f34d4ce2000 ---p 00000000 00:00 0 
7f34d4ce2000-7f34d4dde000 rw-p 00000000 00:00 0 
7f34d4dde000-7f34d4ddf000 ---p 00000000 00:00 0 
7f34d4ddf000-7f34d4de3000 ---p 00000000 00:00 0 
7f34d4de3000-7f34d4edf000 rw-p 00000000 00:00 0 
7f34d4edf000-7f34d4ee0000 ---p 00000000 00:00 0 
7f34d4ee0000-7f34d4ee4000 ---p 00000000 00:00 0 
7f34d4ee4000-7f34d4fe0000 rw-p 00000000 00:00 0 
7f34d4fe0000-7f34d4fe1000 ---p 00000000 00:00 0 
7f34d4fe1000-7f34d4fe5000 ---p 00000000 00:00 0 
7f34d4fe5000-7f34d50e1000 rw-p 00000000 00:00 0 
7f34d50e1000-7f34d50e2000 ---p 00000000 00:00 0 
7f34d50e2000-7f34d50e6000 ---p 00000000 00:00 0 
7f34d50e6000-7f34d51e2000 rw-p 00000000 00:00 0 
7f34d51e2000-7f34d51e3000 ---p 00000000 00:00 0 
7f34d51e3000-7f34d51e7000 ---p 00000000 00:00 0 
7f34d51e7000-7f34d52e3000 rw-p 00000000 00:00 0 
7f34d52e3000-7f34d52e4000 ---p 00000000 00:00 0 
7f34d52e4000-7f34d52e8000 ---p 00000000 00:00 0 
7f34d52e8000-7f34d53e4000 rw-p 00000000 00:00 0 
7f34d53e4000-7f34d53e5000 ---p 00000000 00:00 0 
7f34d53e5000-7f34d53e9000 ---p 00000000 00:00 0 
7f34d53e9000-7f34d54e5000 rw-p 00000000 00:00 0 
7f34d54e5000-7f34d54e6000 ---p 00000000 00:00 0 
7f34d54e6000-7f34d54ea000 ---p 00000000 00:00 0 
7f34d54ea000-7f34d55e6000 rw-p 00000000 00:00 0 
7f34d55e6000-7f34d55e7000 ---p 00000000 00:00 0 
7f34d55e7000-7f34d55eb000 ---p 00000000 00:00 0 
7f34d55eb000-7f34d56e7000 rw-p 00000000 00:00 0 
7f34d56e7000-7f34d56e8000 ---p 00000000 00:00 0 
7f34d56e8000-7f34d56ec000 ---p 00000000 00:00 0 
7f34d56ec000-7f34d57e8000 rw-p 00000000 00:00 0 
7f34d57e8000-7f34d57e9000 ---p 00000000 00:00 0 
7f34d57e9000-7f34d57ed000 ---p 00000000 00:00 0 
7f34d57ed000-7f34d58e9000 rw-p 00000000 00:00 0 
7f34d58e9000-7f34d58ea000 ---p 00000000 00:00 0 
7f34d58ea000-7f34d58ee000 ---p 00000000 00:00 0 
7f34d58ee000-7f34d59ea000 rw-p 00000000 00:00 0 
7f34d59ea000-7f34d59eb000 ---p 00000000 00:00 0 
7f34d59eb000-7f34d59ef000 ---p 00000000 00:00 0 
7f34d59ef000-7f34d5aeb000 rw-p 00000000 00:00 0 
7f34d5aeb000-7f34d5aec000 ---p 00000000 00:00 0 
7f34d5aec000-7f34d5af0000 ---p 00000000 00:00 0 
7f34d5af0000-7f34d5bec000 rw-p 00000000 00:00 0 
7f34d5bec000-7f34d5bed000 ---p 00000000 00:00 0 
7f34d5bed000-7f34d5bf1000 ---p 00000000 00:00 0 
7f34d5bf1000-7f34d5ced000 rw-p 00000000 00:00 0 
7f34d5ced000-7f34d5cee000 ---p 00000000 00:00 0 
7f34d5cee000-7f34d5cf2000 ---p 00000000 00:00 0 
7f34d5cf2000-7f34d5dee000 rw-p 00000000 00:00 0 
7f34d5dee000-7f34d5def000 ---p 00000000 00:00 0 
7f34d5def000-7f34d5df3000 ---p 00000000 00:00 0 
7f34d5df3000-7f34d5eef000 rw-p 00000000 00:00 0 
7f34d5eef000-7f34d5ef0000 ---p 00000000 00:00 0 
7f34d5ef0000-7f34d5ef4000 ---p 00000000 00:00 0 
7f34d5ef4000-7f34d5ff0000 rw-p 00000000 00:00 0 
7f34d5ff0000-7f34d5ff1000 ---p 00000000 00:00 0 
7f34d5ff1000-7f34d5ff5000 ---p 00000000 00:00 0 
7f34d5ff5000-7f34d60f1000 rw-p 00000000 00:00 0 
7f34d60f1000-7f34d60f2000 ---p 00000000 00:00 0 
7f34d60f2000-7f34d60f6000 ---p 00000000 00:00 0 
7f34d60f6000-7f34d61f2000 rw-p 00000000 00:00 0 
7f34d61f2000-7f34d61f3000 ---p 00000000 00:00 0 
7f34d61f3000-7f34d61f7000 ---p 00000000 00:00 0 
7f34d61f7000-7f34d62f3000 rw-p 00000000 00:00 0 
7f34d62f3000-7f34d62f4000 ---p 00000000 00:00 0 
7f34d62f4000-7f34d62f8000 ---p 00000000 00:00 0 
7f34d62f8000-7f34d63f4000 rw-p 00000000 00:00 0 
7f34d63f4000-7f34d63f5000 ---p 00000000 00:00 0 
7f34d63f5000-7f34d63f9000 ---p 00000000 00:00 0 
7f34d63f9000-7f34d64f5000 rw-p 00000000 00:00 0 
7f34d64f5000-7f34d64f6000 ---p 00000000 00:00 0 
7f34d64f6000-7f34d64fa000 ---p 00000000 00:00 0 
7f34d64fa000-7f34d65f6000 rw-p 00000000 00:00 0 
7f34d65f6000-7f34d65f7000 ---p 00000000 00:00 0 
7f34d65f7000-7f34d65fb000 ---p 00000000 00:00 0 
7f34d65fb000-7f34d66f7000 rw-p 00000000 00:00 0 
7f34d66f7000-7f34d66f8000 ---p 00000000 00:00 0 
7f34d66f8000-7f34d66fc000 ---p 00000000 00:00 0 
7f34d66fc000-7f34d67f8000 rw-p 00000000 00:00 0 
7f34d67f8000-7f34d67f9000 ---p 00000000 00:00 0 
7f34d67f9000-7f34d67fd000 ---p 00000000 00:00 0 
7f34d67fd000-7f34d68f9000 rw-p 00000000 00:00 0 
7f34d68f9000-7f34d68fa000 ---p 00000000 00:00 0 
7f34d68fa000-7f34d68fe000 ---p 00000000 00:00 0 
7f34d68fe000-7f34d69fa000 rw-p 00000000 00:00 0 
7f34d69fa000-7f34d69fb000 ---p 00000000 00:00 0 
7f34d69fb000-7f34d69ff000 ---p 00000000 00:00 0 
7f34d69ff000-7f34d6afb000 rw-p 00000000 00:00 0 
7f34d6afb000-7f34d6afc000 ---p 00000000 00:00 0 
7f34d6afc000-7f34d6b00000 ---p 00000000 00:00 0 
7f34d6b00000-7f34d6bfc000 rw-p 00000000 00:00 0 
7f34d6bfc000-7f34d6bfd000 ---p 00000000 00:00 0 
7f34d6bfd000-7f34d6c01000 ---p 00000000 00:00 0 
7f34d6c01000-7f34d6cfd000 rw-p 00000000 00:00 0 
7f34d6cfd000-7f34d6cfe000 ---p 00000000 00:00 0 
7f34d6cfe000-7f34d6dfe000 rw-p 00000000 00:00 0 
7f34d6dfe000-7f34d6dff000 ---p 00000000 00:00 0 
7f34d6dff000-7f34d6eff000 rw-p 00000000 00:00 0 
7f34d6eff000-7f34d6f00000 ---p 00000000 00:00 0 
7f34d6f00000-7f34d7400000 rw-p 00000000 00:00 0 
7f34d7400000-7f34d7a00000 rw-p 00000000 00:00 0 
7f34d7a00000-7f34d7d00000 rw-p 00000000 00:00 0 
7f34d7d00000-7f34d7e00000 rw-p 00000000 00:00 0 
7f34d7e00000-7f34d8180000 rw-p 00000000 00:00 0 
7f34d8180000-7f34d8200000 rw-p 00000000 00:00 0 
7f34d8200000-7f34d8380000 rw-p 00000000 00:00 0 
7f34d8380000-7f34d8400000 rw-p 00000000 00:00 0 
7f34d8400000-7f34d8900000 rw-p 00000000 00:00 0 
7f34d8900000-7f34d8a00000 rw-p 00000000 00:00 0 
7f34d8a00000-7f34da9c0000 rw-p 00000000 00:00 0 
7f34da9c0000-7f34dab00000 rw-p 00000000 00:00 0 
7f34dab00000-7f34dab80000 rw-p 00000000 00:00 0 
7f34dab80000-7f34dac00000 rw-p 00000000 00:00 0 
7f34dac00000-7f34db000000 rw-p 00000000 00:00 0 
7f34db000000-7f34db455000 rw-p 00001000 08:30 646246                     /usr/lib/jvm/java-17-openjdk-amd64/lib/server/classes.jsa
7f34db455000-7f34dbbc9000 rw-p 00456000 08:30 646246                     /usr/lib/jvm/java-17-openjdk-amd64/lib/server/classes.jsa
7f34dbbc9000-7f34dc000000 ---p 00000000 00:00 0 
7f34dc000000-7f34dc040000 rw-p 00000000 00:00 0 
7f34dc040000-7f34dc080000 rw-p 00000000 00:00 0 
7f34dc080000-7f34dc140000 rw-p 00000000 00:00 0 
7f34dc140000-7f34dc300000 rw-p 00000000 00:00 0 
7f34dc300000-7f34dc7c0000 rw-p 00000000 00:00 0 
7f34dc7c0000-7f34dc800000 rw-p 00000000 00:00 0 
7f34dc800000-7f34dca70000 rw-p 00000000 00:00 0 
7f34dca70000-7f34dca80000 ---p 00000000 00:00 0 
7f34dca80000-7f34dd090000 rw-p 00000000 00:00 0 
7f34dd090000-7f351c000000 ---p 00000000 00:00 0 
7f351c000000-7f351c021000 rw-p 00000000 00:00 0 
7f351c021000-7f3520000000 ---p 00000000 00:00 0 
7f3520000000-7f352004d000 rw-p 00000000 00:00 0 
7f352004d000-7f3524000000 ---p 00000000 00:00 0 
7f3524000000-7f3524021000 rw-p 00000000 00:00 0 
7f3524021000-7f3528000000 ---p 00000000 00:00 0 
7f3528000000-7f3528021000 rw-p 00000000 00:00 0 
7f3528021000-7f352c000000 ---p 00000000 00:00 0 
7f352c000000-7f352c030000 rw-p 00000000 00:00 0 
7f352c030000-7f3530000000 ---p 00000000 00:00 0 
7f353001b000-7f353001f000 r--p 00000000 08:30 201902                     /lib/x86_64-linux-gnu/libresolv-2.31.so
7f353001f000-7f353002d000 r-xp 00004000 08:30 201902                     /lib/x86_64-linux-gnu/libresolv-2.31.so
7f353002d000-7f3530031000 r--p 00012000 08:30 201902                     /lib/x86_64-linux-gnu/libresolv-2.31.so
7f3530031000-7f3530032000 r--p 00015000 08:30 201902                     /lib/x86_64-linux-gnu/libresolv-2.31.so
7f3530032000-7f3530033000 rw-p 00016000 08:30 201902                     /lib/x86_64-linux-gnu/libresolv-2.31.so
7f3530033000-7f3530035000 rw-p 00000000 00:00 0 
7f3530035000-7f3530036000 r--p 00000000 08:30 201885                     /lib/x86_64-linux-gnu/libnss_dns-2.31.so
7f3530036000-7f353003a000 r-xp 00001000 08:30 201885                     /lib/x86_64-linux-gnu/libnss_dns-2.31.so
7f353003a000-7f353003b000 r--p 00005000 08:30 201885                     /lib/x86_64-linux-gnu/libnss_dns-2.31.so
7f353003b000-7f353003c000 r--p 00005000 08:30 201885                     /lib/x86_64-linux-gnu/libnss_dns-2.31.so
7f353003c000-7f353003d000 rw-p 00006000 08:30 201885                     /lib/x86_64-linux-gnu/libnss_dns-2.31.so
7f3530046000-7f3530047000 r--p 00000000 08:30 646220                     /usr/lib/jvm/java-17-openjdk-amd64/lib/libjaas.so
7f3530047000-7f3530048000 r-xp 00001000 08:30 646220                     /usr/lib/jvm/java-17-openjdk-amd64/lib/libjaas.so
7f3530048000-7f3530049000 r--p 00002000 08:30 646220                     /usr/lib/jvm/java-17-openjdk-amd64/lib/libjaas.so
7f3530049000-7f353004a000 r--p 00002000 08:30 646220                     /usr/lib/jvm/java-17-openjdk-amd64/lib/libjaas.so
7f353004a000-7f353004b000 rw-p 00003000 08:30 646220                     /usr/lib/jvm/java-17-openjdk-amd64/lib/libjaas.so
7f353004b000-7f353004c000 r--p 00000000 08:30 646214                     /usr/lib/jvm/java-17-openjdk-amd64/lib/libextnet.so
7f353004c000-7f353004d000 r-xp 00001000 08:30 646214                     /usr/lib/jvm/java-17-openjdk-amd64/lib/libextnet.so
7f353004d000-7f353004e000 r--p 00002000 08:30 646214                     /usr/lib/jvm/java-17-openjdk-amd64/lib/libextnet.so
7f353004e000-7f353004f000 r--p 00002000 08:30 646214                     /usr/lib/jvm/java-17-openjdk-amd64/lib/libextnet.so
7f353004f000-7f3530050000 rw-p 00003000 08:30 646214                     /usr/lib/jvm/java-17-openjdk-amd64/lib/libextnet.so
7f3530050000-7f3530051000 ---p 00000000 00:00 0 
7f3530051000-7f3530055000 ---p 00000000 00:00 0 
7f3530055000-7f3530073000 rw-p 00000000 00:00 0 
7f3530073000-7f3530077000 r--p 00000000 08:30 646241                     /usr/lib/jvm/java-17-openjdk-amd64/lib/libverify.so
7f3530077000-7f353007e000 r-xp 00004000 08:30 646241                     /usr/lib/jvm/java-17-openjdk-amd64/lib/libverify.so
7f353007e000-7f3530080000 r--p 0000b000 08:30 646241                     /usr/lib/jvm/java-17-openjdk-amd64/lib/libverify.so
7f3530080000-7f3530082000 r--p 0000c000 08:30 646241                     /usr/lib/jvm/java-17-openjdk-amd64/lib/libverify.so
7f3530082000-7f3530083000 rw-p 0000e000 08:30 646241                     /usr/lib/jvm/java-17-openjdk-amd64/lib/libverify.so
7f3530083000-7f3530085000 r--p 00000000 08:30 646232                     /usr/lib/jvm/java-17-openjdk-amd64/lib/libmanagement_ext.so
7f3530085000-7f3530088000 r-xp 00002000 08:30 646232                     /usr/lib/jvm/java-17-openjdk-amd64/lib/libmanagement_ext.so
7f3530088000-7f3530089000 r--p 00005000 08:30 646232                     /usr/lib/jvm/java-17-openjdk-amd64/lib/libmanagement_ext.so
7f3530089000-7f353008a000 ---p 00006000 08:30 646232                     /usr/lib/jvm/java-17-openjdk-amd64/lib/libmanagement_ext.so
7f353008a000-7f353008b000 r--p 00006000 08:30 646232                     /usr/lib/jvm/java-17-openjdk-amd64/lib/libmanagement_ext.so
7f353008b000-7f353008c000 rw-p 00007000 08:30 646232                     /usr/lib/jvm/java-17-openjdk-amd64/lib/libmanagement_ext.so
7f353008c000-7f353008d000 ---p 00000000 00:00 0 
7f353008d000-7f3530091000 ---p 00000000 00:00 0 
7f3530091000-7f35301be000 rw-p 00000000 00:00 0 
7f35301be000-7f35301c2000 r--p 00000000 08:30 646234                     /usr/lib/jvm/java-17-openjdk-amd64/lib/libnet.so
7f35301c2000-7f35301d0000 r-xp 00004000 08:30 646234                     /usr/lib/jvm/java-17-openjdk-amd64/lib/libnet.so
7f35301d0000-7f35301d4000 r--p 00012000 08:30 646234                     /usr/lib/jvm/java-17-openjdk-amd64/lib/libnet.so
7f35301d4000-7f35301d5000 r--p 00015000 08:30 646234                     /usr/lib/jvm/java-17-openjdk-amd64/lib/libnet.so
7f35301d5000-7f35301d6000 rw-p 00016000 08:30 646234                     /usr/lib/jvm/java-17-openjdk-amd64/lib/libnet.so
7f35301d6000-7f35301d7000 ---p 00000000 00:00 0 
7f35301d7000-7f35302d7000 rw-p 00000000 00:00 0 
7f35302d7000-7f35302d8000 ---p 00000000 00:00 0 
7f35302d8000-7f35302dc000 ---p 00000000 00:00 0 
7f35302dc000-7f35303d8000 rw-p 00000000 00:00 0 
7f35303d8000-7f35303d9000 ---p 00000000 00:00 0 
7f35303d9000-7f35303dd000 ---p 00000000 00:00 0 
7f35303dd000-7f35304d9000 rw-p 00000000 00:00 0 
7f35304d9000-7f35304da000 ---p 00000000 00:00 0 
7f35304da000-7f35304de000 ---p 00000000 00:00 0 
7f35304de000-7f35305da000 rw-p 00000000 00:00 0 
7f35305da000-7f35305db000 ---p 00000000 00:00 0 
7f35305db000-7f35305df000 ---p 00000000 00:00 0 
7f35305df000-7f35306db000 rw-p 00000000 00:00 0 
7f35306db000-7f35306dc000 ---p 00000000 00:00 0 
7f35306dc000-7f35306e0000 ---p 00000000 00:00 0 
7f35306e0000-7f35307dc000 rw-p 00000000 00:00 0 
7f35307dc000-7f35307dd000 ---p 00000000 00:00 0 
7f35307dd000-7f35307e1000 ---p 00000000 00:00 0 
7f35307e1000-7f35308dd000 rw-p 00000000 00:00 0 
7f35308dd000-7f35308de000 ---p 00000000 00:00 0 
7f35308de000-7f35308e2000 ---p 00000000 00:00 0 
7f35308e2000-7f35309de000 rw-p 00000000 00:00 0 
7f35309de000-7f35309df000 ---p 00000000 00:00 0 
7f35309df000-7f35309e3000 ---p 00000000 00:00 0 
7f35309e3000-7f3530adf000 rw-p 00000000 00:00 0 
7f3530adf000-7f3530b34000 r--p 00000000 08:30 202284                     /usr/lib/locale/C.UTF-8/LC_CTYPE
7f3530b34000-7f3530ca7000 r--p 00000000 08:30 202283                     /usr/lib/locale/C.UTF-8/LC_COLLATE
7f3530ca7000-7f3530ca8000 ---p 00000000 00:00 0 
7f3530ca8000-7f3530cac000 ---p 00000000 00:00 0 
7f3530cac000-7f3530da8000 rw-p 00000000 00:00 0 
7f3530da8000-7f3530da9000 ---p 00000000 00:00 0 
7f3530da9000-7f3530dad000 ---p 00000000 00:00 0 
7f3530dad000-7f3530ea9000 rw-p 00000000 00:00 0 
7f3530ea9000-7f3530eaa000 ---p 00000000 00:00 0 
7f3530eaa000-7f3530faa000 rw-p 00000000 00:00 0 
7f3530faa000-7f3530faf000 r--p 00000000 08:30 646228                     /usr/lib/jvm/java-17-openjdk-amd64/lib/libjsvml.so
7f3530faf000-7f3530ff0000 r-xp 00005000 08:30 646228                     /usr/lib/jvm/java-17-openjdk-amd64/lib/libjsvml.so
7f3530ff0000-7f3531079000 r--p 00046000 08:30 646228                     /usr/lib/jvm/java-17-openjdk-amd64/lib/libjsvml.so
7f3531079000-7f353107a000 r--p 000ce000 08:30 646228                     /usr/lib/jvm/java-17-openjdk-amd64/lib/libjsvml.so
7f353107a000-7f353107b000 rw-p 000cf000 08:30 646228                     /usr/lib/jvm/java-17-openjdk-amd64/lib/libjsvml.so
7f353107b000-7f3531198000 rw-p 00000000 00:00 0 
7f353119b000-7f353119d000 r--p 00000000 08:30 646230                     /usr/lib/jvm/java-17-openjdk-amd64/lib/libmanagement.so
7f353119d000-7f353119e000 r-xp 00002000 08:30 646230                     /usr/lib/jvm/java-17-openjdk-amd64/lib/libmanagement.so
7f353119e000-7f353119f000 r--p 00003000 08:30 646230                     /usr/lib/jvm/java-17-openjdk-amd64/lib/libmanagement.so
7f353119f000-7f35311a0000 r--p 00003000 08:30 646230                     /usr/lib/jvm/java-17-openjdk-amd64/lib/libmanagement.so
7f35311a0000-7f35311a1000 rw-p 00004000 08:30 646230                     /usr/lib/jvm/java-17-openjdk-amd64/lib/libmanagement.so
7f35311a1000-7f35311a3000 r--p 00000000 08:30 646242                     /usr/lib/jvm/java-17-openjdk-amd64/lib/libzip.so
7f35311a3000-7f35311a7000 r-xp 00002000 08:30 646242                     /usr/lib/jvm/java-17-openjdk-amd64/lib/libzip.so
7f35311a7000-7f35311a9000 r--p 00006000 08:30 646242                     /usr/lib/jvm/java-17-openjdk-amd64/lib/libzip.so
7f35311a9000-7f35311aa000 r--p 00007000 08:30 646242                     /usr/lib/jvm/java-17-openjdk-amd64/lib/libzip.so
7f35311aa000-7f35311ab000 rw-p 00008000 08:30 646242                     /usr/lib/jvm/java-17-openjdk-amd64/lib/libzip.so
7f35311ab000-7f35311b1000 r--p 00000000 08:30 646235                     /usr/lib/jvm/java-17-openjdk-amd64/lib/libnio.so
7f35311b1000-7f35311ba000 r-xp 00006000 08:30 646235                     /usr/lib/jvm/java-17-openjdk-amd64/lib/libnio.so
7f35311ba000-7f35311be000 r--p 0000f000 08:30 646235                     /usr/lib/jvm/java-17-openjdk-amd64/lib/libnio.so
7f35311be000-7f35311bf000 ---p 00013000 08:30 646235                     /usr/lib/jvm/java-17-openjdk-amd64/lib/libnio.so
7f35311bf000-7f35311c0000 r--p 00013000 08:30 646235                     /usr/lib/jvm/java-17-openjdk-amd64/lib/libnio.so
7f35311c0000-7f35311c1000 rw-p 00014000 08:30 646235                     /usr/lib/jvm/java-17-openjdk-amd64/lib/libnio.so
7f35311c1000-7f35311c2000 r--p 00000000 08:30 202291                     /usr/lib/locale/C.UTF-8/LC_NUMERIC
7f35311c2000-7f35311c3000 r--p 00000000 08:30 202294                     /usr/lib/locale/C.UTF-8/LC_TIME
7f35311c3000-7f35311c4000 r--p 00000000 08:30 202289                     /usr/lib/locale/C.UTF-8/LC_MONETARY
7f35311c4000-7f35311c5000 r--p 00000000 08:30 202288                     /usr/lib/locale/C.UTF-8/LC_MESSAGES/SYS_LC_MESSAGES
7f35311c5000-7f35311c6000 r--p 00000000 08:30 202292                     /usr/lib/locale/C.UTF-8/LC_PAPER
7f35311c6000-7f35311c7000 r--p 00000000 08:30 202290                     /usr/lib/locale/C.UTF-8/LC_NAME
7f35311c7000-7f35311c8000 r--p 00000000 08:30 202282                     /usr/lib/locale/C.UTF-8/LC_ADDRESS
7f35311c8000-7f35311cf000 r--s 00000000 08:30 202564                     /usr/lib/x86_64-linux-gnu/gconv/gconv-modules.cache
7f35311cf000-7f35311d0000 ---p 00000000 00:00 0 
7f35311d0000-7f35312d0000 rw-p 00000000 00:00 0 
7f35312d0000-7f35312d1000 ---p 00000000 00:00 0 
7f35312d1000-7f35337d5000 rw-p 00000000 00:00 0 
7f35337d5000-7f35337d6000 ---p 00000000 00:00 0 
7f35337d6000-7f35338d6000 rw-p 00000000 00:00 0 
7f35338d6000-7f35338d7000 ---p 00000000 00:00 0 
7f35338d7000-7f35339d7000 rw-p 00000000 00:00 0 
7f35339d7000-7f35339d8000 ---p 00000000 00:00 0 
7f35339d8000-7f3534036000 rw-p 00000000 00:00 0 
7f3534036000-7f353423e000 ---p 00000000 00:00 0 
7f353423e000-7f3534256000 rw-p 00000000 00:00 0 
7f3534256000-7f3537b2e000 ---p 00000000 00:00 0 
7f3537b2e000-7f3538036000 rw-p 00000000 00:00 0 
7f3538036000-7f353823e000 ---p 00000000 00:00 0 
7f353823e000-7f3538256000 rw-p 00000000 00:00 0 
7f3538256000-7f353bb2e000 ---p 00000000 00:00 0 
7f353bb2e000-7f353bbdd000 rw-p 00000000 00:00 0 
7f353bbdd000-7f353bc1e000 ---p 00000000 00:00 0 
7f353bc1e000-7f353bc21000 rw-p 00000000 00:00 0 
7f353bc21000-7f353c33c000 ---p 00000000 00:00 0 
7f353c33c000-7f353c3dd000 rw-p 00000000 00:00 0 
7f353c3dd000-7f353c41e000 ---p 00000000 00:00 0 
7f353c41e000-7f353c421000 rw-p 00000000 00:00 0 
7f353c421000-7f353cb3c000 ---p 00000000 00:00 0 
7f353cb3c000-7f353cbdd000 rw-p 00000000 00:00 0 
7f353cbdd000-7f353cc1e000 ---p 00000000 00:00 0 
7f353cc1e000-7f353cc21000 rw-p 00000000 00:00 0 
7f353cc21000-7f353d33c000 ---p 00000000 00:00 0 
7f353d33c000-7f353d561000 rw-p 00000000 00:00 0 
7f353d561000-7f353dfe1000 rwxp 00000000 00:00 0 
7f353dfe1000-7f3544a98000 ---p 00000000 00:00 0 
7f3544a98000-7f3544d08000 rwxp 00000000 00:00 0 
7f3544d08000-7f3545029000 ---p 00000000 00:00 0 
7f3545029000-7f35453a9000 rwxp 00000000 00:00 0 
7f35453a9000-7f354c561000 ---p 00000000 00:00 0 
7f354c561000-7f3554000000 r--s 00000000 08:30 646243                     /usr/lib/jvm/java-17-openjdk-amd64/lib/modules
7f3554000000-7f3555060000 rw-p 00000000 00:00 0 
7f3555060000-7f3558000000 ---p 00000000 00:00 0 
7f3558000000-7f3558001000 r--p 00000000 08:30 202293                     /usr/lib/locale/C.UTF-8/LC_TELEPHONE
7f3558001000-7f3558002000 r--p 00000000 08:30 202286                     /usr/lib/locale/C.UTF-8/LC_MEASUREMENT
7f3558002000-7f355820b000 rw-p 00000000 00:00 0 
7f355820b000-7f35582ef000 ---p 00000000 00:00 0 
7f35582ef000-7f3558304000 rw-p 00000000 00:00 0 
7f3558304000-7f35583da000 ---p 00000000 00:00 0 
7f35583da000-7f35583df000 rw-p 00000000 00:00 0 
7f35583df000-7f35583e6000 ---p 00000000 00:00 0 
7f35583e6000-7f35583f2000 r--p 00000000 08:30 646221                     /usr/lib/jvm/java-17-openjdk-amd64/lib/libjava.so
7f35583f2000-7f3558404000 r-xp 0000c000 08:30 646221                     /usr/lib/jvm/java-17-openjdk-amd64/lib/libjava.so
7f3558404000-7f355840a000 r--p 0001e000 08:30 646221                     /usr/lib/jvm/java-17-openjdk-amd64/lib/libjava.so
7f355840a000-7f355840b000 ---p 00024000 08:30 646221                     /usr/lib/jvm/java-17-openjdk-amd64/lib/libjava.so
7f355840b000-7f355840c000 r--p 00024000 08:30 646221                     /usr/lib/jvm/java-17-openjdk-amd64/lib/libjava.so
7f355840c000-7f355840d000 rw-p 00025000 08:30 646221                     /usr/lib/jvm/java-17-openjdk-amd64/lib/libjava.so
7f355840d000-7f355840e000 rw-p 00000000 00:00 0 
7f355840e000-7f3558411000 r--p 00000000 08:30 201887                     /lib/x86_64-linux-gnu/libnss_files-2.31.so
7f3558411000-7f3558418000 r-xp 00003000 08:30 201887                     /lib/x86_64-linux-gnu/libnss_files-2.31.so
7f3558418000-7f355841a000 r--p 0000a000 08:30 201887                     /lib/x86_64-linux-gnu/libnss_files-2.31.so
7f355841a000-7f355841b000 r--p 0000b000 08:30 201887                     /lib/x86_64-linux-gnu/libnss_files-2.31.so
7f355841b000-7f355841c000 rw-p 0000c000 08:30 201887                     /lib/x86_64-linux-gnu/libnss_files-2.31.so
7f355841c000-7f3558422000 rw-p 00000000 00:00 0 
7f3558422000-7f3558423000 r--p 00000000 08:30 202285                     /usr/lib/locale/C.UTF-8/LC_IDENTIFICATION
7f3558423000-7f355842b000 rw-s 00000000 08:30 361224                     /tmp/hsperfdata_root/402
7f355842b000-7f355842c000 ---p 00000000 00:00 0 
7f355842c000-7f355842d000 r--p 00000000 00:00 0 
7f355842d000-7f3558431000 ---p 00000000 00:00 0 
7f3558431000-7f355852e000 rw-p 00000000 00:00 0 
7f355852e000-7f3558531000 r--p 00000000 08:30 201869                     /lib/x86_64-linux-gnu/libgcc_s.so.1
7f3558531000-7f3558542000 r-xp 00003000 08:30 201869                     /lib/x86_64-linux-gnu/libgcc_s.so.1
7f3558542000-7f3558546000 r--p 00014000 08:30 201869                     /lib/x86_64-linux-gnu/libgcc_s.so.1
7f3558546000-7f3558547000 r--p 00017000 08:30 201869                     /lib/x86_64-linux-gnu/libgcc_s.so.1
7f3558547000-7f3558548000 rw-p 00018000 08:30 201869                     /lib/x86_64-linux-gnu/libgcc_s.so.1
7f3558548000-7f3558555000 r--p 00000000 08:30 201876                     /lib/x86_64-linux-gnu/libm-2.31.so
7f3558555000-7f35585ef000 r-xp 0000d000 08:30 201876                     /lib/x86_64-linux-gnu/libm-2.31.so
7f35585ef000-7f355868a000 r--p 000a7000 08:30 201876                     /lib/x86_64-linux-gnu/libm-2.31.so
7f355868a000-7f355868b000 r--p 00141000 08:30 201876                     /lib/x86_64-linux-gnu/libm-2.31.so
7f355868b000-7f355868c000 rw-p 00142000 08:30 201876                     /lib/x86_64-linux-gnu/libm-2.31.so
7f355868c000-7f3558722000 r--p 00000000 08:30 202631                     /usr/lib/x86_64-linux-gnu/libstdc++.so.6.0.28
7f3558722000-7f35587fe000 r-xp 00096000 08:30 202631                     /usr/lib/x86_64-linux-gnu/libstdc++.so.6.0.28
7f35587fe000-7f3558848000 r--p 00172000 08:30 202631                     /usr/lib/x86_64-linux-gnu/libstdc++.so.6.0.28
7f3558848000-7f3558853000 r--p 001bb000 08:30 202631                     /usr/lib/x86_64-linux-gnu/libstdc++.so.6.0.28
7f3558853000-7f3558856000 rw-p 001c6000 08:30 202631                     /usr/lib/x86_64-linux-gnu/libstdc++.so.6.0.28
7f3558856000-7f3558859000 rw-p 00000000 00:00 0 
7f3558859000-7f355885b000 r--p 00000000 08:30 201904                     /lib/x86_64-linux-gnu/librt-2.31.so
7f355885b000-7f355885f000 r-xp 00002000 08:30 201904                     /lib/x86_64-linux-gnu/librt-2.31.so
7f355885f000-7f3558861000 r--p 00006000 08:30 201904                     /lib/x86_64-linux-gnu/librt-2.31.so
7f3558861000-7f3558862000 r--p 00007000 08:30 201904                     /lib/x86_64-linux-gnu/librt-2.31.so
7f3558862000-7f3558863000 rw-p 00008000 08:30 201904                     /lib/x86_64-linux-gnu/librt-2.31.so
7f3558863000-7f3558ab4000 r--p 00000000 08:30 646249                     /usr/lib/jvm/java-17-openjdk-amd64/lib/server/libjvm.so
7f3558ab4000-7f35597ec000 r-xp 00251000 08:30 646249                     /usr/lib/jvm/java-17-openjdk-amd64/lib/server/libjvm.so
7f35597ec000-7f3559a76000 r--p 00f89000 08:30 646249                     /usr/lib/jvm/java-17-openjdk-amd64/lib/server/libjvm.so
7f3559a76000-7f3559a77000 ---p 01213000 08:30 646249                     /usr/lib/jvm/java-17-openjdk-amd64/lib/server/libjvm.so
7f3559a77000-7f3559b2f000 r--p 01213000 08:30 646249                     /usr/lib/jvm/java-17-openjdk-amd64/lib/server/libjvm.so
7f3559b2f000-7f3559b64000 rw-p 012cb000 08:30 646249                     /usr/lib/jvm/java-17-openjdk-amd64/lib/server/libjvm.so
7f3559b64000-7f3559bc0000 rw-p 00000000 00:00 0 
7f3559bc0000-7f3559be2000 r--p 00000000 08:30 201855                     /lib/x86_64-linux-gnu/libc-2.31.so
7f3559be2000-7f3559d3b000 r-xp 00022000 08:30 201855                     /lib/x86_64-linux-gnu/libc-2.31.so
7f3559d3b000-7f3559d8a000 r--p 0017b000 08:30 201855                     /lib/x86_64-linux-gnu/libc-2.31.so
7f3559d8a000-7f3559d8e000 r--p 001c9000 08:30 201855                     /lib/x86_64-linux-gnu/libc-2.31.so
7f3559d8e000-7f3559d90000 rw-p 001cd000 08:30 201855                     /lib/x86_64-linux-gnu/libc-2.31.so
7f3559d90000-7f3559d94000 rw-p 00000000 00:00 0 
7f3559d94000-7f3559d95000 r--p 00000000 08:30 201863                     /lib/x86_64-linux-gnu/libdl-2.31.so
7f3559d95000-7f3559d97000 r-xp 00001000 08:30 201863                     /lib/x86_64-linux-gnu/libdl-2.31.so
7f3559d97000-7f3559d98000 r--p 00003000 08:30 201863                     /lib/x86_64-linux-gnu/libdl-2.31.so
7f3559d98000-7f3559d99000 r--p 00003000 08:30 201863                     /lib/x86_64-linux-gnu/libdl-2.31.so
7f3559d99000-7f3559d9a000 rw-p 00004000 08:30 201863                     /lib/x86_64-linux-gnu/libdl-2.31.so
7f3559d9a000-7f3559da0000 r--p 00000000 08:30 201900                     /lib/x86_64-linux-gnu/libpthread-2.31.so
7f3559da0000-7f3559db0000 r-xp 00006000 08:30 201900                     /lib/x86_64-linux-gnu/libpthread-2.31.so
7f3559db0000-7f3559db6000 r--p 00016000 08:30 201900                     /lib/x86_64-linux-gnu/libpthread-2.31.so
7f3559db6000-7f3559db7000 r--p 0001b000 08:30 201900                     /lib/x86_64-linux-gnu/libpthread-2.31.so
7f3559db7000-7f3559db8000 rw-p 0001c000 08:30 201900                     /lib/x86_64-linux-gnu/libpthread-2.31.so
7f3559db8000-7f3559dbc000 rw-p 00000000 00:00 0 
7f3559dbc000-7f3559dbe000 r--p 00000000 08:30 646225                     /usr/lib/jvm/java-17-openjdk-amd64/lib/libjli.so
7f3559dbe000-7f3559dc8000 r-xp 00002000 08:30 646225                     /usr/lib/jvm/java-17-openjdk-amd64/lib/libjli.so
7f3559dc8000-7f3559dcb000 r--p 0000c000 08:30 646225                     /usr/lib/jvm/java-17-openjdk-amd64/lib/libjli.so
7f3559dcb000-7f3559dcc000 ---p 0000f000 08:30 646225                     /usr/lib/jvm/java-17-openjdk-amd64/lib/libjli.so
7f3559dcc000-7f3559dcd000 r--p 0000f000 08:30 646225                     /usr/lib/jvm/java-17-openjdk-amd64/lib/libjli.so
7f3559dcd000-7f3559dce000 rw-p 00010000 08:30 646225                     /usr/lib/jvm/java-17-openjdk-amd64/lib/libjli.so
7f3559dce000-7f3559dd1000 r--p 00000000 08:30 201919                     /lib/x86_64-linux-gnu/libz.so.1.2.11
7f3559dd1000-7f3559de2000 r-xp 00003000 08:30 201919                     /lib/x86_64-linux-gnu/libz.so.1.2.11
7f3559de2000-7f3559de8000 r--p 00014000 08:30 201919                     /lib/x86_64-linux-gnu/libz.so.1.2.11
7f3559de8000-7f3559de9000 ---p 0001a000 08:30 201919                     /lib/x86_64-linux-gnu/libz.so.1.2.11
7f3559de9000-7f3559dea000 r--p 0001a000 08:30 201919                     /lib/x86_64-linux-gnu/libz.so.1.2.11
7f3559dea000-7f3559deb000 rw-p 0001b000 08:30 201919                     /lib/x86_64-linux-gnu/libz.so.1.2.11
7f3559deb000-7f3559ded000 rw-p 00000000 00:00 0 
7f3559ded000-7f3559def000 r--p 00000000 08:30 646224                     /usr/lib/jvm/java-17-openjdk-amd64/lib/libjimage.so
7f3559def000-7f3559df2000 r-xp 00002000 08:30 646224                     /usr/lib/jvm/java-17-openjdk-amd64/lib/libjimage.so
7f3559df2000-7f3559df3000 r--p 00005000 08:30 646224                     /usr/lib/jvm/java-17-openjdk-amd64/lib/libjimage.so
7f3559df3000-7f3559df4000 ---p 00006000 08:30 646224                     /usr/lib/jvm/java-17-openjdk-amd64/lib/libjimage.so
7f3559df4000-7f3559df5000 r--p 00006000 08:30 646224                     /usr/lib/jvm/java-17-openjdk-amd64/lib/libjimage.so
7f3559df5000-7f3559df6000 rw-p 00007000 08:30 646224                     /usr/lib/jvm/java-17-openjdk-amd64/lib/libjimage.so
7f3559df6000-7f3559df7000 r--p 00000000 08:30 201843                     /lib/x86_64-linux-gnu/ld-2.31.so
7f3559df7000-7f3559e17000 r-xp 00001000 08:30 201843                     /lib/x86_64-linux-gnu/ld-2.31.so
7f3559e17000-7f3559e1f000 r--p 00021000 08:30 201843                     /lib/x86_64-linux-gnu/ld-2.31.so
7f3559e1f000-7f3559e20000 ---p 00000000 00:00 0 
7f3559e20000-7f3559e21000 r--p 00029000 08:30 201843                     /lib/x86_64-linux-gnu/ld-2.31.so
7f3559e21000-7f3559e22000 rw-p 0002a000 08:30 201843                     /lib/x86_64-linux-gnu/ld-2.31.so
7f3559e22000-7f3559e23000 rw-p 00000000 00:00 0 
7ffcbed8b000-7ffcbedac000 rw-p 00000000 00:00 0                          [stack]
7ffcbede4000-7ffcbede8000 r--p 00000000 00:00 0                          [vvar]
7ffcbede8000-7ffcbedea000 r-xp 00000000 00:00 0                          [vdso]


VM Arguments:
jvm_args: -Xmx4g -XX:+IgnoreUnrecognizedVMOptions --add-opens=java.base/java.lang=ALL-UNNAMED --add-opens=java.base/java.lang.invoke=ALL-UNNAMED --add-opens=java.base/java.lang.reflect=ALL-UNNAMED --add-opens=java.base/java.io=ALL-UNNAMED --add-opens=java.base/java.net=ALL-UNNAMED --add-opens=java.base/java.nio=ALL-UNNAMED --add-opens=java.base/java.util=ALL-UNNAMED --add-opens=java.base/java.util.concurrent=ALL-UNNAMED --add-opens=java.base/java.util.concurrent.atomic=ALL-UNNAMED --add-opens=java.base/jdk.internal.ref=ALL-UNNAMED --add-opens=java.base/sun.nio.ch=ALL-UNNAMED --add-opens=java.base/sun.nio.cs=ALL-UNNAMED --add-opens=java.base/sun.security.action=ALL-UNNAMED --add-opens=java.base/sun.util.calendar=ALL-UNNAMED --add-opens=java.security.jgss/sun.security.krb5=ALL-UNNAMED -Djdk.reflect.useDirectMethodHandle=false 
java_command: org.apache.spark.deploy.SparkSubmit --name PySparkShell pyspark-shell
java_class_path (initial): /opt/spark/conf/:/opt/spark/jars/ivy-2.5.1.jar:/opt/spark/jars/algebra_2.12-2.0.1.jar:/opt/spark/jars/parquet-hadoop-1.13.1.jar:/opt/spark/jars/JTransforms-3.1.jar:/opt/spark/jars/leveldbjni-all-1.8.jar:/opt/spark/jars/arrow-format-12.0.1.jar:/opt/spark/jars/parquet-jackson-1.13.1.jar:/opt/spark/jars/oro-2.0.8.jar:/opt/spark/jars/minlog-1.3.0.jar:/opt/spark/jars/netty-handler-proxy-4.1.96.Final.jar:/opt/spark/jars/lapack-3.0.3.jar:/opt/spark/jars/parquet-encoding-1.13.1.jar:/opt/spark/jars/commons-codec-1.16.1.jar:/opt/spark/jars/kubernetes-client-api-6.7.2.jar:/opt/spark/jars/commons-math3-3.6.1.jar:/opt/spark/jars/kryo-shaded-4.0.2.jar:/opt/spark/jars/stream-2.9.6.jar:/opt/spark/jars/jackson-annotations-2.15.2.jar:/opt/spark/jars/spark-mesos_2.12-3.5.5.jar:/opt/spark/jars/jcl-over-slf4j-2.0.7.jar:/opt/spark/jars/commons-compress-1.23.0.jar:/opt/spark/jars/snakeyaml-2.0.jar:/opt/spark/jars/kubernetes-model-metrics-6.7.2.jar:/opt/spark/jars/zstd-jni-1.5.5-4.jar:/opt/spark/jars/scala-compiler-2.12.18.jar:/opt/spark/jars/scala-collection-compat_2.12-2.7.0.jar:/opt/spark/jars/orc-shims-1.9.5.jar:/opt/spark/jars/jakarta.servlet-api-4.0.3.jar:/opt/spark/jars/hk2-api-2.6.1.jar:/opt/spark/jars/spark-kvstore_2.12-3.5.5.jar:/opt/spark/jars/spark-repl_2.12-3.5.5.jar:/opt/spark/jars/logging-interceptor-3.12.12.jar:/opt/spark/jars/scala-reflect-2.12.18.jar:/opt/spark/jars/netty-buffer-4.1.96.Final.jar:/opt/spark/jars/parquet-common-1.13.1.jar:/opt/spark/jars/kubernetes-httpclient-okhttp-6.7.2.jar:/opt/spark/jars/json4s-ast_2.12-3.7.0-M11.jar:/opt/spark/jars/netty-transport-native-epoll-4.1.96.Final-linux-aarch_64.jar:/opt/spark/jars/kubernetes-model-resource-6.7.2.jar:/opt/spark/jars/spark-streaming_2.12-3.5.5.jar:/opt/spark/jars/metrics-core-4.2.19.jar:/opt/spark/jars/kubernetes-model-core-6.7.2.jar:/opt/spark/jars/log4j-api-2.20.0.jar:/opt/spark/jars/okio-1.17.6.jar:/opt/spark/jars/kubernetes-model-apps-6.7.2.jar:/opt/spark/jars/kubernetes-model-n
Launcher Type: SUN_STANDARD

[Global flags]
     intx CICompilerCount                          = 3                                         {product} {ergonomic}
     uint ConcGCThreads                            = 1                                         {product} {ergonomic}
     uint G1ConcRefinementThreads                  = 4                                         {product} {ergonomic}
   size_t G1HeapRegionSize                         = 2097152                                   {product} {ergonomic}
    uintx GCDrainStackTargetSize                   = 64                                        {product} {ergonomic}
     bool IgnoreUnrecognizedVMOptions              = true                                      {product} {command line}
   size_t InitialHeapSize                          = 197132288                                 {product} {ergonomic}
   size_t MarkStackSize                            = 4194304                                   {product} {ergonomic}
   size_t MaxHeapSize                              = 4294967296                                {product} {command line}
   size_t MaxNewSize                               = 2575302656                                {product} {ergonomic}
   size_t MinHeapDeltaBytes                        = 2097152                                   {product} {ergonomic}
   size_t MinHeapSize                              = 8388608                                   {product} {ergonomic}
    uintx NonNMethodCodeHeapSize                   = 5832780                                {pd product} {ergonomic}
    uintx NonProfiledCodeHeapSize                  = 122912730                              {pd product} {ergonomic}
    uintx ProfiledCodeHeapSize                     = 122912730                              {pd product} {ergonomic}
    uintx ReservedCodeCacheSize                    = 251658240                              {pd product} {ergonomic}
     bool SegmentedCodeCache                       = true                                      {product} {ergonomic}
   size_t SoftMaxHeapSize                          = 4294967296                             {manageable} {ergonomic}
     bool UseCompressedClassPointers               = true                           {product lp64_product} {ergonomic}
     bool UseCompressedOops                        = true                           {product lp64_product} {ergonomic}
     bool UseG1GC                                  = true                                      {product} {ergonomic}

Logging:
Log output configuration:
 #0: stdout all=warning uptime,level,tags
 #1: stderr all=off uptime,level,tags

Environment Variables:
JAVA_HOME=
PATH=/opt/spark/sbin:/opt/spark/bin:/usr/local/bin:/usr/local/sbin:/usr/local/bin:/usr/sbin:/usr/bin:/sbin:/bin
LANG=C.UTF-8
TERM=xterm-color

Active Locale:
LC_ALL=C.UTF-8
LC_COLLATE=C.UTF-8
LC_CTYPE=C.UTF-8
LC_MESSAGES=C.UTF-8
LC_MONETARY=C.UTF-8
LC_NUMERIC=C.UTF-8
LC_TIME=C.UTF-8

Signal Handlers:
   SIGSEGV: crash_handler in libjvm.so, mask=11100100010111111101111111111110, flags=SA_RESTART|SA_SIGINFO, unblocked
    SIGBUS: crash_handler in libjvm.so, mask=11100100010111111101111111111110, flags=SA_RESTART|SA_SIGINFO, unblocked
    SIGFPE: crash_handler in libjvm.so, mask=11100100010111111101111111111110, flags=SA_RESTART|SA_SIGINFO, unblocked
   SIGPIPE: javaSignalHandler in libjvm.so, mask=11100100010111111101111111111110, flags=SA_RESTART|SA_SIGINFO, blocked
   SIGXFSZ: javaSignalHandler in libjvm.so, mask=11100100010111111101111111111110, flags=SA_RESTART|SA_SIGINFO, blocked
    SIGILL: crash_handler in libjvm.so, mask=11100100010111111101111111111110, flags=SA_RESTART|SA_SIGINFO, unblocked
   SIGUSR2: SR_handler in libjvm.so, mask=00000000000000000000000000000000, flags=SA_RESTART|SA_SIGINFO, blocked
    SIGHUP: UserHandler in libjvm.so, mask=11100100010111111101111111111110, flags=SA_RESTART|SA_SIGINFO, blocked
    SIGINT: SIG_IGN, mask=00000000000000000000000000000000, flags=none, blocked
   SIGTERM: UserHandler in libjvm.so, mask=11100100010111111101111111111110, flags=SA_RESTART|SA_SIGINFO, blocked
   SIGQUIT: UserHandler in libjvm.so, mask=11100100010111111101111111111110, flags=SA_RESTART|SA_SIGINFO, blocked
   SIGTRAP: crash_handler in libjvm.so, mask=11100100010111111101111111111110, flags=SA_RESTART|SA_SIGINFO, unblocked


Periodic native trim disabled


---------------  S Y S T E M  ---------------

OS:
PRETTY_NAME="Debian GNU/Linux 11 (bullseye)"
NAME="Debian GNU/Linux"
VERSION_ID="11"
VERSION="11 (bullseye)"
VERSION_CODENAME=bullseye
ID=debian
HOME_URL="https://www.debian.org/"
SUPPORT_URL="https://www.debian.org/support"
BUG_REPORT_URL="https://bugs.debian.org/"
uname: Linux 5.15.167.4-microsoft-standard-WSL2 #1 SMP Tue Nov 5 00:21:55 UTC 2024 x86_64
OS uptime: 0 days 0:28 hours
libc: glibc 2.31 NPTL 2.31 
rlimit (soft/hard): STACK 8192k/infinity , CORE 0k/infinity , NPROC infinity/infinity , NOFILE 1048576/1048576 , AS infinity/infinity , CPU infinity/infinity , DATA infinity/infinity , FSIZE infinity/infinity , MEMLOCK infinity/infinity
load average: 0.91 1.01 0.68

/proc/meminfo:
MemTotal:       12254068 kB
MemFree:         2966652 kB
MemAvailable:    7055460 kB
Buffers:          145552 kB
Cached:          4015692 kB
SwapCached:            0 kB
Active:           826804 kB
Inactive:        7816464 kB
Active(anon):      10140 kB
Inactive(anon):  4497256 kB
Active(file):     816664 kB
Inactive(file):  3319208 kB
Unevictable:           0 kB
Mlocked:               0 kB
SwapTotal:       4194304 kB
SwapFree:        4194304 kB
Dirty:            201376 kB
Writeback:             0 kB
AnonPages:       4444092 kB
Mapped:           584260 kB
Shmem:             25372 kB
KReclaimable:     269684 kB
Slab:             349260 kB
SReclaimable:     269684 kB
SUnreclaim:        79576 kB
KernelStack:       14800 kB
PageTables:        22840 kB
NFS_Unstable:          0 kB
Bounce:                0 kB
WritebackTmp:          0 kB
CommitLimit:    10321336 kB
Committed_AS:    7606032 kB
VmallocTotal:   34359738367 kB
VmallocUsed:       38156 kB
VmallocChunk:          0 kB
Percpu:             2560 kB
AnonHugePages:   2340864 kB
ShmemHugePages:        0 kB
ShmemPmdMapped:        0 kB
FileHugePages:         0 kB
FilePmdMapped:         0 kB
HugePages_Total:       0
HugePages_Free:        0
HugePages_Rsvd:        0
HugePages_Surp:        0
Hugepagesize:       2048 kB
Hugetlb:               0 kB
DirectMap4k:      103424 kB
DirectMap2M:     9332736 kB
DirectMap1G:    12582912 kB

/sys/kernel/mm/transparent_hugepage/enabled: [always] madvise never
/sys/kernel/mm/transparent_hugepage/hpage_pmd_size: 2097152
/sys/kernel/mm/transparent_hugepage/defrag (defrag/compaction efforts parameter): always defer defer+madvise [madvise] never

Process Memory:
Virtual Size: 8110096K (peak: 8110132K)
Resident Set Size: 673604K (peak: 673604K) (anon: 649536K, file: 24068K, shmem: 0K)
Swapped out: 0K
C-Heap outstanding allocations: 106137K, retained: 59174K
glibc malloc tunables: (default)

/proc/sys/kernel/threads-max (system-wide limit on the number of threads): 95680
/proc/sys/vm/max_map_count (maximum number of memory map areas a process may have): 262144
/proc/sys/vm/swappiness (control to define how aggressively the kernel swaps out anonymous memory): 60
/proc/sys/kernel/pid_max (system-wide limit on number of process identifiers): 4194304

container (cgroup) information:
container_type: cgroupv1
cpu_cpuset_cpus: 0-3
cpu_memory_nodes: 0
active_processor_count: 4
cpu_quota: no quota
cpu_period: 100000
cpu_shares: no shares
memory_limit_in_bytes: unlimited
memory_and_swap_limit_in_bytes: unlimited
memory_soft_limit_in_bytes: unlimited
memory_usage_in_bytes: 3007796 k
memory_max_usage_in_bytes: 3008060 k
kernel_memory_usage_in_bytes: 200472 k
kernel_memory_max_usage_in_bytes: unlimited
kernel_memory_limit_in_bytes: 201004 k
maximum number of tasks: unlimited
current number of tasks: 200

Hyper-V virtualization detected
Steal ticks since vm start: 0
Steal ticks percentage since vm start:  0.000

CPU: total 4 (initial active 4) (2 cores per cpu, 2 threads per core) family 6 model 142 stepping 12 microcode 0xffffffff, cx8, cmov, fxsr, ht, mmx, 3dnowpref, sse, sse2, sse3, ssse3, sse4.1, sse4.2, popcnt, lzcnt, tsc, avx, avx2, aes, erms, clmul, bmi1, bmi2, adx, fma, vzeroupper, clflush, clflushopt, hv
CPU Model and flags from /proc/cpuinfo:
model name	: Intel(R) Core(TM) i5-10210U CPU @ 1.60GHz
flags		: fpu vme de pse tsc msr pae mce cx8 apic sep mtrr pge mca cmov pat pse36 clflush mmx fxsr sse sse2 ss ht syscall nx pdpe1gb rdtscp lm constant_tsc arch_perfmon rep_good nopl xtopology cpuid pni pclmulqdq ssse3 fma cx16 pdcm pcid sse4_1 sse4_2 movbe popcnt aes xsave avx f16c rdrand hypervisor lahf_lm abm 3dnowprefetch invpcid_single ssbd ibrs ibpb stibp ibrs_enhanced fsgsbase bmi1 avx2 smep bmi2 erms invpcid rdseed adx smap clflushopt xsaveopt xsavec xgetbv1 xsaves md_clear flush_l1d arch_capabilities

Online cpus: 0-3
Offline cpus: 
BIOS frequency limitation: <Not Available>
Frequency switch latency (ns): <Not Available>
Available cpu frequencies: <Not Available>
Current governor: <Not Available>
Core performance/turbo boost: <Not Available>

Memory: 4k page, physical 12254068k(2966652k free), swap 4194304k(4194304k free)
Page Sizes: 4k

vm_info: OpenJDK 64-Bit Server VM (17.0.14+7-Debian-1deb11u1) for linux-amd64 JRE (17.0.14+7-Debian-1deb11u1), built on Feb  6 2025 20:52:24 by "buildd" with gcc 10.2.1 20210110

END.
